f_0,f_1,f_2,f_3,f_4,f_5,f_6,f_7,f_8,f_9,f_10,f_11,f_12,f_13,f_14,f_15,f_16,f_17,f_18,f_19,f_20,f_21,f_22,f_23,f_24,f_25,f_26,f_27,f_28,f_29,f_30,f_31,f_32,f_33,f_34,f_35,f_36,f_37,f_38,f_39,f_40,f_41,f_42,f_43,f_44,f_45,f_46,f_47,f_48,f_49,f_50,f_51,f_52,f_53,f_54,f_55,f_56,f_57,f_58,f_59,f_60,f_61,f_62,label
0.0,0.0,0.0,0.05370146036148071,0.00943213701248169,-0.019085516036462025,0.10975289344787598,-0.02169477939605713,-0.02381994277329369,0.15251320600509644,-0.041789889335632324,-0.027448790893863872,0.18417420983314514,-0.04182302951812744,-0.032165153698038296,0.11261779069900513,-0.18375203013420105,-0.014055882395219044,0.13890892267227173,-0.2699328064918518,-0.023841605336379246,0.1492282748222351,-0.32389652729034424,-0.033992386237692074,0.15647676587104797,-0.37166067957878113,-0.04282009117395802,0.08435210585594177,-0.2192876935005188,-0.016253090278219418,0.10682880878448486,-0.33032071590423584,-0.023583737016629414,0.1181151270866394,-0.39074838161468506,-0.03729490824134274,0.12354406714439392,-0.441195011138916,-0.049294790999006466,0.05135074257850647,-0.22521856427192688,-0.020504395292114452,0.057388871908187866,-0.33045822381973267,-0.03405611105353756,0.060256630182266235,-0.3932965248823166,-0.051481644437622265,0.0600854754447937,-0.4456133246421814,-0.06452377028853817,0.01676177978515625,-0.21001982688903809,-0.02617948204369469,0.0005315244197845459,-0.2840573489665985,-0.041978812591146664,-0.008135765790939331,-0.3316476345062256,-0.053015707806657986,-0.014753252267837524,-0.37367090582847595,-0.06089664138944073,hello
0.0,0.0,0.0,0.06304162740707397,-0.0005705356597900391,-0.015980788285922642,0.12283849716186523,-0.044810593128204346,-0.024486048857760068,0.16500741243362427,-0.07023516297340393,-0.03365630355019533,0.19724607467651367,-0.07651975750923157,-0.046083808655929204,0.11896297335624695,-0.18763452768325806,-0.022982022504400845,0.14094534516334534,-0.2805705666542053,-0.04456372257609331,0.1524156630039215,-0.346099853515625,-0.0644934147252556,0.16281768679618835,-0.40140393376350403,-0.08020632412571871,0.09192544221878052,-0.2091785967350006,-0.03230752867002451,0.10340091586112976,-0.3165943920612335,-0.05389864441294634,0.11560076475143433,-0.3875824511051178,-0.07803648408789599,0.12413260340690613,-0.4447922110557556,-0.09704088118214571,0.05958759784698486,-0.2071285843849182,-0.043037839944553014,0.05730855464935303,-0.31954528391361237,-0.06774601038832628,0.061949580907821655,-0.38751548528671265,-0.08836680349249804,0.06702414155006409,-0.439701110124588,-0.10361122038502657,0.023196280002593994,-0.190543532371521,-0.05493434962172472,0.002115964889526367,-0.2704387903213501,-0.08032577183384859,-0.007265955209732056,-0.32831408083438873,-0.09300086345810854,-0.012173265218734741,-0.3753279596567154,-0.10181517597575152,hello
0.0,0.0,0.0,0.06304162740707397,-0.0005705356597900391,-0.015980788285922642,0.12283849716186523,-0.044810593128204346,-0.024486048857760068,0.16500741243362427,-0.07023516297340393,-0.03365630355019533,0.19724607467651367,-0.07651975750923157,-0.046083808655929204,0.11896297335624695,-0.18763452768325806,-0.022982022504400845,0.14094534516334534,-0.2805705666542053,-0.04456372257609331,0.1524156630039215,-0.346099853515625,-0.0644934147252556,0.16281768679618835,-0.40140393376350403,-0.08020632412571871,0.09192544221878052,-0.2091785967350006,-0.03230752867002451,0.10340091586112976,-0.3165943920612335,-0.05389864441294634,0.11560076475143433,-0.3875824511051178,-0.07803648408789599,0.12413260340690613,-0.4447922110557556,-0.09704088118214571,0.05958759784698486,-0.2071285843849182,-0.043037839944553014,0.05730855464935303,-0.31954528391361237,-0.06774601038832628,0.061949580907821655,-0.38751548528671265,-0.08836680349249804,0.06702414155006409,-0.439701110124588,-0.10361122038502657,0.023196280002593994,-0.190543532371521,-0.05493434962172472,0.002115964889526367,-0.2704387903213501,-0.08032577183384859,-0.007265955209732056,-0.32831408083438873,-0.09300086345810854,-0.012173265218734741,-0.3753279596567154,-0.10181517597575152,hello
0.0,0.0,0.0,0.06632378697395325,-0.0021279454231262207,-0.019485968796438158,0.12406641244888306,-0.056343913078308105,-0.0229310855994882,0.16230443120002747,-0.10725659132003784,-0.026461908293789804,0.19122010469436646,-0.11708328127861023,-0.030946124045080126,0.10274377465248108,-0.24480324983596802,-0.0035715956966342333,0.12101384997367859,-0.3428008258342743,-0.013742596542364538,0.12722384929656982,-0.3972526639699936,-0.026697285173362673,0.1290610432624817,-0.4460916668176651,-0.03795086562437433,0.06969526410102844,-0.2732669711112976,-0.006752985695278824,0.0787447988986969,-0.3935486078262329,-0.015331169290369928,0.08377724885940552,-0.4528268873691559,-0.0322129015604915,0.08262228965759277,-0.5039263367652893,-0.04644094750089067,0.03606128692626953,-0.26943647861480713,-0.012948709240085066,0.028447091579437256,-0.38271185755729675,-0.026359645349806726,0.028964728116989136,-0.44750310480594635,-0.045404262540763796,0.02540045976638794,-0.5009020268917084,-0.060028239784664095,0.0025706887245178223,-0.2412896752357483,-0.021095974070853174,-0.024319946765899658,-0.32954493165016174,-0.037389982191747606,-0.03613278269767761,-0.3843938857316971,-0.04978501021665949,-0.04522162675857544,-0.4314621090888977,-0.05894962295693773,hello
0.0,0.0,0.0,0.050950706005096436,0.00630265474319458,-0.022443792764818227,0.10585328936576843,-0.020007669925689697,-0.028346945513760602,0.1467767059803009,-0.041705429553985596,-0.03303687365797714,0.17936095595359802,-0.046863675117492676,-0.038301405478989636,0.10659244656562805,-0.18350711464881897,-0.014223245885943925,0.1365995705127716,-0.2590659558773041,-0.024106235225474393,0.15428626537322998,-0.309126615524292,-0.03407759310749725,0.1685725748538971,-0.35355091094970703,-0.042824600805317914,0.07864031195640564,-0.21797937154769897,-0.015342684444760835,0.1024223268032074,-0.31877753138542175,-0.024899148364340817,0.1161656379699707,-0.3795851171016693,-0.038984541763340985,0.12298822402954102,-0.4286333918571472,-0.05019346715954498,0.045756757259368896,-0.2228260636329651,-0.01891289929000095,0.05394616723060608,-0.31735119223594666,-0.03399616571215347,0.056655049324035645,-0.37536728382110596,-0.049331744183575665,0.05672246217727661,-0.42041030526161194,-0.05952358709720329,0.00963553786277771,-0.20575547218322754,-0.024354876001154935,0.0012406408786773682,-0.278766393661499,-0.0414699883952494,-0.0041693150997161865,-0.3280941843986511,-0.05158555971530632,-0.008479982614517212,-0.37018081545829773,-0.057472744007384335,hello
0.0,0.0,0.0,0.050950706005096436,0.00630265474319458,-0.022443792764818227,0.10585328936576843,-0.020007669925689697,-0.028346945513760602,0.1467767059803009,-0.041705429553985596,-0.03303687365797714,0.17936095595359802,-0.046863675117492676,-0.038301405478989636,0.10659244656562805,-0.18350711464881897,-0.014223245885943925,0.1365995705127716,-0.2590659558773041,-0.024106235225474393,0.15428626537322998,-0.309126615524292,-0.03407759310749725,0.1685725748538971,-0.35355091094970703,-0.042824600805317914,0.07864031195640564,-0.21797937154769897,-0.015342684444760835,0.1024223268032074,-0.31877753138542175,-0.024899148364340817,0.1161656379699707,-0.3795851171016693,-0.038984541763340985,0.12298822402954102,-0.4286333918571472,-0.05019346715954498,0.045756757259368896,-0.2228260636329651,-0.01891289929000095,0.05394616723060608,-0.31735119223594666,-0.03399616571215347,0.056655049324035645,-0.37536728382110596,-0.049331744183575665,0.05672246217727661,-0.42041030526161194,-0.05952358709720329,0.00963553786277771,-0.20575547218322754,-0.024354876001154935,0.0012406408786773682,-0.278766393661499,-0.0414699883952494,-0.0041693150997161865,-0.3280941843986511,-0.05158555971530632,-0.008479982614517212,-0.37018081545829773,-0.057472744007384335,hello
0.0,0.0,0.0,0.046885788440704346,0.0029282569885253906,-0.021160479260814213,0.09781932830810547,-0.022359251976013184,-0.027028303219211125,0.13344231247901917,-0.05234682559967041,-0.0317355800403476,0.1612797975540161,-0.07028079032897949,-0.03691932894123795,0.1051529049873352,-0.16876202821731567,-0.014606359040570283,0.13294875621795654,-0.24430882930755615,-0.026991489900481724,0.14812922477722168,-0.29599320888519287,-0.03796205632222893,0.1603114902973175,-0.338958203792572,-0.04631032012237313,0.07778936624526978,-0.2035256028175354,-0.01542299017144444,0.10308551788330078,-0.30162513256073,-0.02551120668483975,0.11664879322052002,-0.3606586754322052,-0.03779372535480263,0.12405732274055481,-0.40749961137771606,-0.046934850139749074,0.04462549090385437,-0.20958423614501953,-0.018772359563243413,0.05041322112083435,-0.3080121874809265,-0.03346628285778763,0.05282336473464966,-0.36073046922683716,-0.04516683108938935,0.053980231285095215,-0.39963263273239136,-0.05238306857479813,0.007356166839599609,-0.19491362571716309,-0.024068649484050297,0.0007391571998596191,-0.2637596130371094,-0.03918964378370049,-0.00391387939453125,-0.30094677209854126,-0.045676167680156254,-0.007828295230865479,-0.3301306962966919,-0.048655695839059376,hello
0.0,0.0,0.0,0.061070531606674194,0.005036830902099609,-0.023527353322734257,0.12201416492462158,-0.0361635684967041,-0.030979826367129704,0.16442665457725525,-0.06370478868484497,-0.036511645904411694,0.19678223133087158,-0.07145160436630249,-0.043788780710329434,0.1114439070224762,-0.21134009957313538,-0.02158250405513229,0.13324469327926636,-0.30412086844444275,-0.03449073179685058,0.14207646250724792,-0.3608097434043884,-0.04870114966355743,0.14860492944717407,-0.4100019931793213,-0.06060637652002754,0.07966339588165283,-0.2382259964942932,-0.023357070303191563,0.08839461207389832,-0.358151912689209,-0.03292407213770332,0.09353050589561462,-0.4244956076145172,-0.051243060520519634,0.09582442045211792,-0.4803163707256317,-0.06788651390992584,0.04657277464866638,-0.23473688960075378,-0.02701717919730129,0.04036495089530945,-0.3396141529083252,-0.041163028469910046,0.04287490248680115,-0.4061940759420395,-0.06027338399611892,0.04351833462715149,-0.4598883092403412,-0.07589377208672943,0.012657970190048218,-0.21001878380775452,-0.03255479156099739,-0.007702618837356567,-0.29207226634025574,-0.048990496686329266,-0.0181674063205719,-0.34562841057777405,-0.05918585999928894,-0.025051727890968323,-0.39101824164390564,-0.06718147291861953,hello
0.0,0.0,0.0,0.061070531606674194,0.005036830902099609,-0.023527353322734257,0.12201416492462158,-0.0361635684967041,-0.030979826367129704,0.16442665457725525,-0.06370478868484497,-0.036511645904411694,0.19678223133087158,-0.07145160436630249,-0.043788780710329434,0.1114439070224762,-0.21134009957313538,-0.02158250405513229,0.13324469327926636,-0.30412086844444275,-0.03449073179685058,0.14207646250724792,-0.3608097434043884,-0.04870114966355743,0.14860492944717407,-0.4100019931793213,-0.06060637652002754,0.07966339588165283,-0.2382259964942932,-0.023357070303191563,0.08839461207389832,-0.358151912689209,-0.03292407213770332,0.09353050589561462,-0.4244956076145172,-0.051243060520519634,0.09582442045211792,-0.4803163707256317,-0.06788651390992584,0.04657277464866638,-0.23473688960075378,-0.02701717919730129,0.04036495089530945,-0.3396141529083252,-0.041163028469910046,0.04287490248680115,-0.4061940759420395,-0.06027338399611892,0.04351833462715149,-0.4598883092403412,-0.07589377208672943,0.012657970190048218,-0.21001878380775452,-0.03255479156099739,-0.007702618837356567,-0.29207226634025574,-0.048990496686329266,-0.0181674063205719,-0.34562841057777405,-0.05918585999928894,-0.025051727890968323,-0.39101824164390564,-0.06718147291861953,hello
0.0,0.0,0.0,0.056405603885650635,-0.004937291145324707,-0.026153784497381594,0.10829919576644897,-0.042318105697631836,-0.03655195075154438,0.14995452761650085,-0.06091207265853882,-0.04514597940325871,0.1795215904712677,-0.07356256246566772,-0.05536268117904797,0.0963074266910553,-0.2096712589263916,-0.019700082271100428,0.11004576086997986,-0.30424076318740845,-0.03314659955978527,0.11783275008201599,-0.3677327483892441,-0.04789683434248104,0.12341099977493286,-0.423213392496109,-0.060437495141030695,0.06432011723518372,-0.2281244993209839,-0.020010371013285067,0.06917831301689148,-0.3366320878267288,-0.03043659801662102,0.07276472449302673,-0.4041634202003479,-0.04779216486096516,0.07400289177894592,-0.45973876118659973,-0.06332868921637669,0.030462563037872314,-0.22098034620285034,-0.022790836422444727,0.02803066372871399,-0.3141734004020691,-0.037447585045100595,0.02904212474822998,-0.3721303790807724,-0.052000062792302515,0.028594553470611572,-0.41705816984176636,-0.06345186221480503,-0.004427880048751831,-0.1958877444267273,-0.027935548006297495,-0.015389010310173035,-0.2622995376586914,-0.04444108742356434,-0.021552130579948425,-0.3059139847755432,-0.051886642603875544,-0.02669695019721985,-0.3433679789304733,-0.05703990372896328,hello
0.0,0.0,0.0,0.056405603885650635,-0.004937291145324707,-0.026153784497381594,0.10829919576644897,-0.042318105697631836,-0.03655195075154438,0.14995452761650085,-0.06091207265853882,-0.04514597940325871,0.1795215904712677,-0.07356256246566772,-0.05536268117904797,0.0963074266910553,-0.2096712589263916,-0.019700082271100428,0.11004576086997986,-0.30424076318740845,-0.03314659955978527,0.11783275008201599,-0.3677327483892441,-0.04789683434248104,0.12341099977493286,-0.423213392496109,-0.060437495141030695,0.06432011723518372,-0.2281244993209839,-0.020010371013285067,0.06917831301689148,-0.3366320878267288,-0.03043659801662102,0.07276472449302673,-0.4041634202003479,-0.04779216486096516,0.07400289177894592,-0.45973876118659973,-0.06332868921637669,0.030462563037872314,-0.22098034620285034,-0.022790836422444727,0.02803066372871399,-0.3141734004020691,-0.037447585045100595,0.02904212474822998,-0.3721303790807724,-0.052000062792302515,0.028594553470611572,-0.41705816984176636,-0.06345186221480503,-0.004427880048751831,-0.1958877444267273,-0.027935548006297495,-0.015389010310173035,-0.2622995376586914,-0.04444108742356434,-0.021552130579948425,-0.3059139847755432,-0.051886642603875544,-0.02669695019721985,-0.3433679789304733,-0.05703990372896328,hello
0.0,0.0,0.0,0.055973052978515625,0.014629125595092773,-0.025438501653724188,0.11316859722137451,-0.006639420986175537,-0.03317555334930944,0.15865963697433472,-0.02215588092803955,-0.03797957595949697,0.1948069930076599,-0.03578895330429077,-0.04371916424994993,0.10429602861404419,-0.1761472523212433,-0.011062770304732794,0.12208762764930725,-0.2666222155094147,-0.014288943415039057,0.12974971532821655,-0.32888363301754,-0.022209598836951727,0.1346909999847412,-0.382053017616272,-0.030807078970127577,0.07185661792755127,-0.20117461681365967,-0.008190684174650187,0.08279839158058167,-0.30179300904273987,-0.008570212093644614,0.09095999598503113,-0.3643919378519058,-0.022465874595098967,0.09328222274780273,-0.4149530827999115,-0.036645869878583426,0.03659766912460327,-0.20001539587974548,-0.007395580565088267,0.03965863585472107,-0.28307709097862244,-0.014384421674066061,0.04154723882675171,-0.33536913990974426,-0.028333754432850355,0.041530877351760864,-0.3752223551273346,-0.04030506980186033,0.0014986395835876465,-0.1794271469116211,-0.008757827026300902,-0.004949092864990234,-0.23602193593978882,-0.018680048329287047,-0.00980117917060852,-0.27471309900283813,-0.024764840645246977,-0.013660728931427002,-0.30733394622802734,-0.029845423219256872,hello
0.0,0.0,0.0,0.06483195722103119,0.013546645641326904,-0.015874816514333645,0.12801851332187653,-0.010255694389343262,-0.024437535963734547,0.17451028525829315,-0.0233001708984375,-0.032989247180303494,0.20985634624958038,-0.02982860803604126,-0.04365231323965446,0.12179027497768402,-0.1571379005908966,-0.013243937343140999,0.14197863638401031,-0.2450607717037201,-0.028262189067682186,0.14408160746097565,-0.29000788927078247,-0.043818017877420345,0.14796166121959686,-0.32359305024147034,-0.055947231538375775,0.09092031419277191,-0.18822863698005676,-0.017950067706188122,0.10209740698337555,-0.2791958749294281,-0.033916181362947384,0.10631279647350311,-0.3298940062522888,-0.055416057295879284,0.10681305825710297,-0.3657609224319458,-0.07317034009822265,0.058253929018974304,-0.19810575246810913,-0.023913829065641323,0.06000755727291107,-0.2920647859573364,-0.042534271664699475,0.06025330722332001,-0.34309160709381104,-0.057088954783758084,0.059775784611701965,-0.3737676739692688,-0.0683029055965747,0.02407298982143402,-0.19383549690246582,-0.030850083045443455,0.013281777501106262,-0.27453598380088806,-0.048237329758485714,0.0076858848333358765,-0.32052043080329895,-0.054338684715112606,0.005961254239082336,-0.3529117852449417,-0.058652809299310604,hello
0.0,0.0,0.0,0.06483195722103119,0.013546645641326904,-0.015874816514333645,0.12801851332187653,-0.010255694389343262,-0.024437535963734547,0.17451028525829315,-0.0233001708984375,-0.032989247180303494,0.20985634624958038,-0.02982860803604126,-0.04365231323965446,0.12179027497768402,-0.1571379005908966,-0.013243937343140999,0.14197863638401031,-0.2450607717037201,-0.028262189067682186,0.14408160746097565,-0.29000788927078247,-0.043818017877420345,0.14796166121959686,-0.32359305024147034,-0.055947231538375775,0.09092031419277191,-0.18822863698005676,-0.017950067706188122,0.10209740698337555,-0.2791958749294281,-0.033916181362947384,0.10631279647350311,-0.3298940062522888,-0.055416057295879284,0.10681305825710297,-0.3657609224319458,-0.07317034009822265,0.058253929018974304,-0.19810575246810913,-0.023913829065641323,0.06000755727291107,-0.2920647859573364,-0.042534271664699475,0.06025330722332001,-0.34309160709381104,-0.057088954783758084,0.059775784611701965,-0.3737676739692688,-0.0683029055965747,0.02407298982143402,-0.19383549690246582,-0.030850083045443455,0.013281777501106262,-0.27453598380088806,-0.048237329758485714,0.0076858848333358765,-0.32052043080329895,-0.054338684715112606,0.005961254239082336,-0.3529117852449417,-0.058652809299310604,hello
0.0,0.0,0.0,0.057562559843063354,0.0078116655349731445,-0.026941410597629556,0.11555656790733337,-0.013296306133270264,-0.03800710044450284,0.16011381149291992,-0.024791836738586426,-0.04714016742653371,0.19178631901741028,-0.044191837310791016,-0.057135139923758516,0.10983377695083618,-0.20251482725143433,-0.01589164077884675,0.13075268268585205,-0.2926771640777588,-0.028894028958148965,0.13852474093437195,-0.34688009321689606,-0.0443688978964758,0.14241576194763184,-0.39423923194408417,-0.05674705035633565,0.08099013566970825,-0.23267507553100586,-0.016145521175332078,0.09383293986320496,-0.3413260877132416,-0.024112412106461534,0.10110500454902649,-0.40244755148887634,-0.04196071751064778,0.10481813549995422,-0.45511290431022644,-0.058072687458462724,0.04976916313171387,-0.23412460088729858,-0.01944904714471818,0.0505099892616272,-0.3312896490097046,-0.03137225411481381,0.055747032165527344,-0.3920604884624481,-0.04872770361251355,0.05803269147872925,-0.4411271810531616,-0.06328371293491841,0.01774883270263672,-0.21327126026153564,-0.025351933535404214,0.002488464117050171,-0.287029504776001,-0.03917659945435048,-0.004586905241012573,-0.3373655676841736,-0.047943902533717164,-0.009512245655059814,-0.38139215111732483,-0.055076224129862794,hello
0.0,0.0,0.0,0.06247738003730774,0.00783449411392212,-0.016875755756438515,0.12239164113998413,-0.017348289489746094,-0.024900859936416886,0.16551807522773743,-0.028765320777893066,-0.0327890187197335,0.19675052165985107,-0.03109365701675415,-0.04282244366341903,0.11836293339729309,-0.1923394799232483,-0.014402532733321927,0.13307136297225952,-0.285470187664032,-0.03158384260469749,0.1337757408618927,-0.34828633069992065,-0.05025699061089828,0.13156330585479736,-0.4049038887023926,-0.0639033846252568,0.09084093570709229,-0.2181350588798523,-0.020019526376665375,0.09811612963676453,-0.3277525305747986,-0.03257076886230781,0.10223165154457092,-0.3973045349121094,-0.05266627740794494,0.10311916470527649,-0.45593178272247314,-0.06980229985648467,0.05960109829902649,-0.2182103991508484,-0.027504273473561547,0.0554313063621521,-0.3257797956466675,-0.041271411597073815,0.058428555727005005,-0.39389239251613617,-0.05855313759976699,0.059291690587997437,-0.4487941861152649,-0.0729329444163449,0.025859355926513672,-0.20060938596725464,-0.036642939566911004,0.007025688886642456,-0.2854858934879303,-0.050325178324521325,-0.0007464587688446045,-0.3428119122982025,-0.05765521597796752,-0.0054406821727752686,-0.3910277783870697,-0.06386473846370055,hello
0.0,0.0,0.0,0.06247738003730774,0.00783449411392212,-0.016875755756438515,0.12239164113998413,-0.017348289489746094,-0.024900859936416886,0.16551807522773743,-0.028765320777893066,-0.0327890187197335,0.19675052165985107,-0.03109365701675415,-0.04282244366341903,0.11836293339729309,-0.1923394799232483,-0.014402532733321927,0.13307136297225952,-0.285470187664032,-0.03158384260469749,0.1337757408618927,-0.34828633069992065,-0.05025699061089828,0.13156330585479736,-0.4049038887023926,-0.0639033846252568,0.09084093570709229,-0.2181350588798523,-0.020019526376665375,0.09811612963676453,-0.3277525305747986,-0.03257076886230781,0.10223165154457092,-0.3973045349121094,-0.05266627740794494,0.10311916470527649,-0.45593178272247314,-0.06980229985648467,0.05960109829902649,-0.2182103991508484,-0.027504273473561547,0.0554313063621521,-0.3257797956466675,-0.041271411597073815,0.058428555727005005,-0.39389239251613617,-0.05855313759976699,0.059291690587997437,-0.4487941861152649,-0.0729329444163449,0.025859355926513672,-0.20060938596725464,-0.036642939566911004,0.007025688886642456,-0.2854858934879303,-0.050325178324521325,-0.0007464587688446045,-0.3428119122982025,-0.05765521597796752,-0.0054406821727752686,-0.3910277783870697,-0.06386473846370055,hello
0.0,0.0,0.0,0.06038370728492737,0.020751118659973145,-0.011126366474400129,0.11981201171875,-0.003333866596221924,-0.012211380556891527,0.16421383619308472,-0.013686120510101318,-0.012513878785739507,0.19791758060455322,-0.014429450035095215,-0.014399835870335664,0.11419326066970825,-0.16359394788742065,0.000588268884257559,0.13512009382247925,-0.25312474370002747,0.0011925898420486192,0.14308908581733704,-0.3079773783683777,-0.0044147335297566315,0.1492682695388794,-0.35504379868507385,-0.011614768796334829,0.08619242906570435,-0.19090908765792847,-0.0020503516147982737,0.09715935587882996,-0.2947167158126831,0.000406131030558754,0.10544463992118835,-0.35371193289756775,-0.013295993239353265,0.11061432957649231,-0.3999786078929901,-0.02763551662928876,0.05455029010772705,-0.1956377625465393,-0.005317275442848768,0.055087774991989136,-0.28305935859680176,-0.009164109856556024,0.05901104211807251,-0.3368098735809326,-0.023276362598608102,0.06232538819313049,-0.3782050311565399,-0.036257177621791925,0.02198806405067444,-0.18300488591194153,-0.009436814144919481,0.01247897744178772,-0.24714535474777222,-0.016943519965479936,0.007624238729476929,-0.28992465138435364,-0.02263528297908124,0.006367236375808716,-0.3271535038948059,-0.02799051444299039,hello
0.0,0.0,0.0,0.05685955286026001,0.01876354217529297,-0.016828609972641573,0.11908841133117676,-0.0031620264053344727,-0.02086841721777688,0.16416749358177185,-0.011075854301452637,-0.024059471085116968,0.19640374183654785,-0.008167803287506104,-0.029235618531153307,0.11347755789756775,-0.15645670890808105,-0.010116305544421778,0.13274028897285461,-0.24276971817016602,-0.018764198168561563,0.14203742146492004,-0.2999873757362366,-0.030610857873604402,0.14987647533416748,-0.34614910185337067,-0.04131744836215745,0.08660250902175903,-0.187455952167511,-0.012868653393731222,0.09585091471672058,-0.28751468658447266,-0.01952174153868924,0.10486692190170288,-0.35060951113700867,-0.037193157120988474,0.11106383800506592,-0.4003008306026459,-0.0536834861779667,0.05656811594963074,-0.1924087107181549,-0.017061101614878282,0.05729350447654724,-0.28093403577804565,-0.027794296264097795,0.062168270349502563,-0.33650317788124084,-0.043854635551021204,0.06469741463661194,-0.37856608629226685,-0.057543509050653086,0.023990154266357422,-0.1795455813407898,-0.022718299522445307,0.012667149305343628,-0.24829784035682678,-0.03587700833325158,0.007466822862625122,-0.29689955711364746,-0.04372179542426835,0.0046790242195129395,-0.33758166432380676,-0.050233118578240976,hello
0.0,0.0,0.0,0.058855265378952026,0.019204676151275635,-0.008147425978251022,0.11500036716461182,-0.0025821924209594727,-0.008979991107054275,0.15996596217155457,-0.01644277572631836,-0.009288566215701621,0.1938578188419342,-0.01856827735900879,-0.011163710645206493,0.11107712984085083,-0.1634913682937622,0.0024010555066240613,0.13504695892333984,-0.254719614982605,0.004831734084717709,0.14411711692810059,-0.30698418617248535,0.0020065444700492208,0.15059497952461243,-0.34973911941051483,-0.0023338615715431388,0.08618015050888062,-0.19117695093154907,0.0008299718324167316,0.09877607226371765,-0.304739773273468,0.006282901362709481,0.10744893550872803,-0.36317023634910583,-0.0024512657251136716,0.1128091812133789,-0.4068944454193115,-0.012565287790067714,0.05670776963233948,-0.19830167293548584,-0.0012746370917113836,0.05897963047027588,-0.2960543632507324,-0.00230683156362943,0.06389108300209045,-0.3502948582172394,-0.01424571315831713,0.06622859835624695,-0.3891952931880951,-0.025125232553847354,0.026921629905700684,-0.187763512134552,-0.0038054455358462747,0.017468959093093872,-0.26144784688949585,-0.008277098676927608,0.013385117053985596,-0.30676835775375366,-0.013291902868814987,0.011234968900680542,-0.34331396222114563,-0.017736810288198512,hello
0.0,0.0,0.0,0.058855265378952026,0.019204676151275635,-0.008147425978251022,0.11500036716461182,-0.0025821924209594727,-0.008979991107054275,0.15996596217155457,-0.01644277572631836,-0.009288566215701621,0.1938578188419342,-0.01856827735900879,-0.011163710645206493,0.11107712984085083,-0.1634913682937622,0.0024010555066240613,0.13504695892333984,-0.254719614982605,0.004831734084717709,0.14411711692810059,-0.30698418617248535,0.0020065444700492208,0.15059497952461243,-0.34973911941051483,-0.0023338615715431388,0.08618015050888062,-0.19117695093154907,0.0008299718324167316,0.09877607226371765,-0.304739773273468,0.006282901362709481,0.10744893550872803,-0.36317023634910583,-0.0024512657251136716,0.1128091812133789,-0.4068944454193115,-0.012565287790067714,0.05670776963233948,-0.19830167293548584,-0.0012746370917113836,0.05897963047027588,-0.2960543632507324,-0.00230683156362943,0.06389108300209045,-0.3502948582172394,-0.01424571315831713,0.06622859835624695,-0.3891952931880951,-0.025125232553847354,0.026921629905700684,-0.187763512134552,-0.0038054455358462747,0.017468959093093872,-0.26144784688949585,-0.008277098676927608,0.013385117053985596,-0.30676835775375366,-0.013291902868814987,0.011234968900680542,-0.34331396222114563,-0.017736810288198512,hello
0.0,0.0,0.0,0.057764530181884766,0.019670486450195312,-0.007924545339392353,0.11351177096366882,-0.0024213194847106934,-0.009040879800068069,0.15818798542022705,-0.015118658542633057,-0.009669765613125492,0.19230026006698608,-0.016400277614593506,-0.011961564204739261,0.11028492450714111,-0.1596200168132782,0.0004487347164285893,0.134486585855484,-0.24764704704284668,0.001353674435904395,0.14308840036392212,-0.3002002239227295,-0.0026787487017827516,0.14862456917762756,-0.3447229564189911,-0.007871869734572101,0.08621928095817566,-0.18749654293060303,-0.0021687806743102556,0.09963440895080566,-0.30058783292770386,0.001703853004528355,0.10870173573493958,-0.3597952425479889,-0.008168028450654674,0.114013671875,-0.4055173397064209,-0.019190703301774192,0.05723187327384949,-0.19549503922462463,-0.00521262899701469,0.05959683656692505,-0.29383161664009094,-0.008144360750065971,0.06310158967971802,-0.34708134829998016,-0.02070232365940683,0.06391969323158264,-0.38764405250549316,-0.031987999348984886,0.027493000030517578,-0.1862790584564209,-0.008581426709042717,0.016774356365203857,-0.25838997960090637,-0.015081920444117713,0.010599613189697266,-0.3006070852279663,-0.020402512296186615,0.00626787543296814,-0.3364834189414978,-0.02498122189854257,hello
0.0,0.0,0.0,0.057764530181884766,0.019670486450195312,-0.007924545339392353,0.11351177096366882,-0.0024213194847106934,-0.009040879800068069,0.15818798542022705,-0.015118658542633057,-0.009669765613125492,0.19230026006698608,-0.016400277614593506,-0.011961564204739261,0.11028492450714111,-0.1596200168132782,0.0004487347164285893,0.134486585855484,-0.24764704704284668,0.001353674435904395,0.14308840036392212,-0.3002002239227295,-0.0026787487017827516,0.14862456917762756,-0.3447229564189911,-0.007871869734572101,0.08621928095817566,-0.18749654293060303,-0.0021687806743102556,0.09963440895080566,-0.30058783292770386,0.001703853004528355,0.10870173573493958,-0.3597952425479889,-0.008168028450654674,0.114013671875,-0.4055173397064209,-0.019190703301774192,0.05723187327384949,-0.19549503922462463,-0.00521262899701469,0.05959683656692505,-0.29383161664009094,-0.008144360750065971,0.06310158967971802,-0.34708134829998016,-0.02070232365940683,0.06391969323158264,-0.38764405250549316,-0.031987999348984886,0.027493000030517578,-0.1862790584564209,-0.008581426709042717,0.016774356365203857,-0.25838997960090637,-0.015081920444117713,0.010599613189697266,-0.3006070852279663,-0.020402512296186615,0.00626787543296814,-0.3364834189414978,-0.02498122189854257,hello
0.0,0.0,0.0,0.061726540327072144,0.023346781730651855,-0.013764144320191463,0.12064874172210693,0.0036412477493286133,-0.015728726450504382,0.16535651683807373,-0.007172584533691406,-0.017279041398467143,0.20086324214935303,-0.009717702865600586,-0.02030879392117413,0.11876165866851807,-0.16230139136314392,0.005390266023425738,0.14149245619773865,-0.24571526050567627,0.00670132466763107,0.1497821807861328,-0.2953706383705139,0.00170565601143835,0.1554206907749176,-0.33855903148651123,-0.004668025698663314,0.09311181306838989,-0.1920429766178131,0.0035794031078353328,0.106356680393219,-0.2977990508079529,0.008186951812206189,0.11529624462127686,-0.3524570018053055,-0.0033159360086187917,0.12124714255332947,-0.3963741660118103,-0.015773403857053836,0.06318700313568115,-0.19825556874275208,-0.0001926132158018845,0.06497111916542053,-0.28915292024612427,-0.0036573597957954007,0.0687112808227539,-0.3405754715204239,-0.018096006874145587,0.07210004329681396,-0.38087430596351624,-0.0310762388893977,0.031850457191467285,-0.18559181690216064,-0.005324723132105191,0.020051300525665283,-0.2524811327457428,-0.013708695236744006,0.013911783695220947,-0.2959095537662506,-0.021144302029313167,0.01163792610168457,-0.33339694142341614,-0.027627977941335757,hello
0.0,0.0,0.0,0.059202730655670166,0.01702815294265747,-0.012711100729589475,0.11712709069252014,-0.007232010364532471,-0.01350323900807382,0.1621447205543518,-0.01999056339263916,-0.014077482263033403,0.19585677981376648,-0.019944608211517334,-0.015962996038084043,0.11302381753921509,-0.17391157150268555,0.00516225026693462,0.13704484701156616,-0.25644055008888245,0.005596064513142096,0.14615964889526367,-0.3059931993484497,-0.0005543447750966379,0.15248900651931763,-0.3520345240831375,-0.007899621019546998,0.08877688646316528,-0.20216649770736694,0.002678948470915543,0.0997920036315918,-0.3117729425430298,0.00533957361948012,0.1089111864566803,-0.370281457901001,-0.007902882511203302,0.11288172006607056,-0.4186221659183502,-0.02152216479409219,0.06007257103919983,-0.20678600668907166,-0.0016019468730661401,0.059035420417785645,-0.3030642569065094,-0.006638621895049823,0.06212884187698364,-0.3550418019294739,-0.02240344554412843,0.062349289655685425,-0.39736247062683105,-0.0360423275106001,0.030193448066711426,-0.1920452117919922,-0.007116889564727558,0.015500396490097046,-0.26471054553985596,-0.016956311168556226,0.007887840270996094,-0.3095119893550873,-0.025407627674226774,0.0039313435554504395,-0.34865835309028625,-0.03241803728271009,hello
0.0,0.0,0.0,0.06025731563568115,0.018813133239746094,-0.012803385414684954,0.11720433831214905,-0.0026424527168273926,-0.01441202071359271,0.16154250502586365,-0.011002182960510254,-0.015757638410235586,0.1962583065032959,-0.013651847839355469,-0.01854308639516944,0.11111563444137573,-0.16567057371139526,0.005283700853084383,0.13395220041275024,-0.24663400650024414,0.005891003731136379,0.14405515789985657,-0.2973495125770569,-0.0007526669963624499,0.15185308456420898,-0.343000665307045,-0.008618353315199556,0.08636820316314697,-0.19218668341636658,0.003555215281863866,0.0962456464767456,-0.29344451427459717,0.006728287405763922,0.10575205087661743,-0.3497051000595093,-0.007290289186443033,0.11171510815620422,-0.3951970636844635,-0.02208317202379817,0.05757966637611389,-0.19722262024879456,0.00031710887347458083,0.05818280577659607,-0.2863176465034485,-0.002181325953955593,0.06299808621406555,-0.3366316556930542,-0.016947045371438207,0.0651414692401886,-0.3756543695926666,-0.03078297843089217,0.027334362268447876,-0.1846410036087036,-0.0042706959960412405,0.01629585027694702,-0.2526267170906067,-0.010853449263180437,0.011364370584487915,-0.2957610487937927,-0.017337671861554327,0.008653759956359863,-0.33257465064525604,-0.02354000267436618,hello
0.0,0.0,0.0,0.06025731563568115,0.018813133239746094,-0.012803385414684954,0.11720433831214905,-0.0026424527168273926,-0.01441202071359271,0.16154250502586365,-0.011002182960510254,-0.015757638410235586,0.1962583065032959,-0.013651847839355469,-0.01854308639516944,0.11111563444137573,-0.16567057371139526,0.005283700853084383,0.13395220041275024,-0.24663400650024414,0.005891003731136379,0.14405515789985657,-0.2973495125770569,-0.0007526669963624499,0.15185308456420898,-0.343000665307045,-0.008618353315199556,0.08636820316314697,-0.19218668341636658,0.003555215281863866,0.0962456464767456,-0.29344451427459717,0.006728287405763922,0.10575205087661743,-0.3497051000595093,-0.007290289186443033,0.11171510815620422,-0.3951970636844635,-0.02208317202379817,0.05757966637611389,-0.19722262024879456,0.00031710887347458083,0.05818280577659607,-0.2863176465034485,-0.002181325953955593,0.06299808621406555,-0.3366316556930542,-0.016947045371438207,0.0651414692401886,-0.3756543695926666,-0.03078297843089217,0.027334362268447876,-0.1846410036087036,-0.0042706959960412405,0.01629585027694702,-0.2526267170906067,-0.010853449263180437,0.011364370584487915,-0.2957610487937927,-0.017337671861554327,0.008653759956359863,-0.33257465064525604,-0.02354000267436618,hello
0.0,0.0,0.0,0.05901697278022766,0.019490540027618408,-0.014536826307399053,0.11789965629577637,0.0051274895668029785,-0.018618734920842428,0.16331210732460022,-0.002894759178161621,-0.02205917462192275,0.19790616631507874,0.001210927963256836,-0.027187832067234297,0.1187201738357544,-0.16301915049552917,-0.005775935849619884,0.14135754108428955,-0.24395501613616943,-0.011587526085300226,0.1508294939994812,-0.2928732633590698,-0.021970425168497343,0.1587296426296234,-0.33514001965522766,-0.03155791051171519,0.09448254108428955,-0.19269049167633057,-0.008276313910705824,0.10836675763130188,-0.29732611775398254,-0.010092744971139211,0.12037891149520874,-0.35512155294418335,-0.02518226243041255,0.12939491868019104,-0.40392473340034485,-0.04067052192471721,0.0664750337600708,-0.19864922761917114,-0.012234376179499407,0.06957218050956726,-0.29568493366241455,-0.018538594613296766,0.07745823264122009,-0.3528069257736206,-0.03483739904545047,0.08233532309532166,-0.39776119589805603,-0.049702909211141844,0.03632998466491699,-0.18825936317443848,-0.01751888580105998,0.025731772184371948,-0.26732003688812256,-0.026507173100931425,0.02204957604408264,-0.31662726402282715,-0.03439038283608653,0.020167142152786255,-0.3578034043312073,-0.04174667633555629,hello
0.0,0.0,0.0,0.05901697278022766,0.019490540027618408,-0.014536826307399053,0.11789965629577637,0.0051274895668029785,-0.018618734920842428,0.16331210732460022,-0.002894759178161621,-0.02205917462192275,0.19790616631507874,0.001210927963256836,-0.027187832067234297,0.1187201738357544,-0.16301915049552917,-0.005775935849619884,0.14135754108428955,-0.24395501613616943,-0.011587526085300226,0.1508294939994812,-0.2928732633590698,-0.021970425168497343,0.1587296426296234,-0.33514001965522766,-0.03155791051171519,0.09448254108428955,-0.19269049167633057,-0.008276313910705824,0.10836675763130188,-0.29732611775398254,-0.010092744971139211,0.12037891149520874,-0.35512155294418335,-0.02518226243041255,0.12939491868019104,-0.40392473340034485,-0.04067052192471721,0.0664750337600708,-0.19864922761917114,-0.012234376179499407,0.06957218050956726,-0.29568493366241455,-0.018538594613296766,0.07745823264122009,-0.3528069257736206,-0.03483739904545047,0.08233532309532166,-0.39776119589805603,-0.049702909211141844,0.03632998466491699,-0.18825936317443848,-0.01751888580105998,0.025731772184371948,-0.26732003688812256,-0.026507173100931425,0.02204957604408264,-0.31662726402282715,-0.03439038283608653,0.020167142152786255,-0.3578034043312073,-0.04174667633555629,hello
0.0,0.0,0.0,0.054972171783447266,0.020684003829956055,-0.019531352516125366,0.11517125368118286,0.007787644863128662,-0.02425512492270343,0.16049951314926147,0.0004534721374511719,-0.02750701464326255,0.19493842124938965,0.007554829120635986,-0.03211187205822341,0.11373531818389893,-0.14944440126419067,-0.009361589398096726,0.13526380062103271,-0.22689294815063477,-0.017655616696785614,0.1461048722267151,-0.2752666473388672,-0.028886983241747544,0.1557653248310089,-0.31574222445487976,-0.03887990124137275,0.08910191059112549,-0.18091732263565063,-0.010185438278924153,0.10064244270324707,-0.27453452348709106,-0.015641629766534493,0.11180758476257324,-0.3270334154367447,-0.03168286390216224,0.1207088828086853,-0.369154155254364,-0.04685327790291183,0.06099778413772583,-0.18533360958099365,-0.013031564723561928,0.0632360577583313,-0.26899391412734985,-0.023667458515475914,0.06906464695930481,-0.3178796172142029,-0.03926675028712623,0.07313951849937439,-0.35589107871055603,-0.05226945511610381,0.030510812997817993,-0.1724565625190735,-0.017635975103686974,0.020003825426101685,-0.23815923929214478,-0.030954955216358826,0.014847278594970703,-0.2811380624771118,-0.03914842761666648,0.013007700443267822,-0.3182147890329361,-0.04559546716124885,hello
0.0,0.0,0.0,0.05819454789161682,0.020169734954833984,-0.014654113933232793,0.11685699224472046,-0.0012707114219665527,-0.015659852906850347,0.16031667590141296,-0.01303011178970337,-0.015842507615474233,0.194981187582016,-0.012734055519104004,-0.017033587232020864,0.11542719602584839,-0.16733911633491516,0.005524776853832236,0.13917872309684753,-0.245683491230011,0.00633360955512785,0.14789137244224548,-0.29464733600616455,0.0003445097605947467,0.1537747085094452,-0.3380582481622696,-0.006993934534278878,0.09062862396240234,-0.19572573900222778,0.004172011256429187,0.10264590382575989,-0.29944702982902527,0.0071304486843075665,0.11210769414901733,-0.3546968549489975,-0.0064287330245349494,0.1163729727268219,-0.3994068205356598,-0.0204881625471387,0.061694204807281494,-0.1993839144706726,0.0008380076975811335,0.06290093064308167,-0.2892753481864929,-0.004073556534734735,0.06659120321273804,-0.3401816040277481,-0.019794967978981504,0.06892219185829163,-0.38150927424430847,-0.03369043304005004,0.0315803587436676,-0.18343773484230042,-0.003921763993588456,0.01892721652984619,-0.24883624911308289,-0.01359358711519576,0.01177242398262024,-0.29157379269599915,-0.021898235216525563,0.008987724781036377,-0.33010920882225037,-0.02906706838288642,hello
0.0,0.0,0.0,0.05819454789161682,0.020169734954833984,-0.014654113933232793,0.11685699224472046,-0.0012707114219665527,-0.015659852906850347,0.16031667590141296,-0.01303011178970337,-0.015842507615474233,0.194981187582016,-0.012734055519104004,-0.017033587232020864,0.11542719602584839,-0.16733911633491516,0.005524776853832236,0.13917872309684753,-0.245683491230011,0.00633360955512785,0.14789137244224548,-0.29464733600616455,0.0003445097605947467,0.1537747085094452,-0.3380582481622696,-0.006993934534278878,0.09062862396240234,-0.19572573900222778,0.004172011256429187,0.10264590382575989,-0.29944702982902527,0.0071304486843075665,0.11210769414901733,-0.3546968549489975,-0.0064287330245349494,0.1163729727268219,-0.3994068205356598,-0.0204881625471387,0.061694204807281494,-0.1993839144706726,0.0008380076975811335,0.06290093064308167,-0.2892753481864929,-0.004073556534734735,0.06659120321273804,-0.3401816040277481,-0.019794967978981504,0.06892219185829163,-0.38150927424430847,-0.03369043304005004,0.0315803587436676,-0.18343773484230042,-0.003921763993588456,0.01892721652984619,-0.24883624911308289,-0.01359358711519576,0.01177242398262024,-0.29157379269599915,-0.021898235216525563,0.008987724781036377,-0.33010920882225037,-0.02906706838288642,hello
0.0,0.0,0.0,0.058709144592285156,0.017452239990234375,-0.010456620797640426,0.11600977182388306,-0.004463613033294678,-0.011117179028815372,0.1597963571548462,-0.01948988437652588,-0.011631803669160945,0.19412699341773987,-0.0198935866355896,-0.013494240202135188,0.1141907274723053,-0.1690416932106018,0.00588479583325352,0.13853216171264648,-0.252748966217041,0.007213091861331122,0.14706018567085266,-0.3026229739189148,0.0019211594824355416,0.15268194675445557,-0.3465440571308136,-0.004588579375422341,0.09048652648925781,-0.197108656167984,0.0033712861238655023,0.10261651873588562,-0.3043765425682068,0.007373726844662087,0.11214733123779297,-0.36262407898902893,-0.004719105165577275,0.11726364493370056,-0.409603476524353,-0.017679778941101176,0.06211596727371216,-0.2025761604309082,-0.0005193081690322288,0.0633280873298645,-0.2987514138221741,-0.003232535056895358,0.06731626391410828,-0.352315217256546,-0.01745652974409495,0.06863674521446228,-0.39406174421310425,-0.03032518558961783,0.032431721687316895,-0.1903533637523651,-0.005408504594242913,0.020497232675552368,-0.2662118077278137,-0.012545670464760406,0.015161484479904175,-0.3123592138290405,-0.01972963482899104,0.012690693140029907,-0.351520299911499,-0.025990147225684268,hello
0.0,0.0,0.0,0.05511632561683655,0.021852195262908936,-0.01293244224812895,0.10947808623313904,0.003226935863494873,-0.015094450794421732,0.1533864140510559,-0.010851800441741943,-0.016258373044692576,0.18728336691856384,-0.011073052883148193,-0.018480156667791903,0.10821300745010376,-0.15818774700164795,0.0021486120500782135,0.1331978142261505,-0.23938027024269104,0.002442604509852231,0.14329788088798523,-0.2902202010154724,-0.003138229836039841,0.15061181783676147,-0.3339746743440628,-0.009700918689631521,0.08427873253822327,-0.1888289749622345,0.0016369874325761202,0.09848758578300476,-0.2946368455886841,0.004563039980567396,0.10826179385185242,-0.3516189306974411,-0.006700886532925665,0.11384919285774231,-0.3964356482028961,-0.018519071050249636,0.055516332387924194,-0.19712835550308228,-0.0001847858978720751,0.059665292501449585,-0.29072314500808716,-0.0037639354153355953,0.0636700689792633,-0.3428489416837692,-0.017011839084588587,0.06484189629554749,-0.3820256292819977,-0.028607673131190836,0.025750428438186646,-0.18554070591926575,-0.003072561815642416,0.015719741582870483,-0.25380873680114746,-0.01019798510547787,0.01043650507926941,-0.29679960012435913,-0.01658841327603966,0.0069439709186553955,-0.33293354511260986,-0.021871064909063875,hello
0.0,0.0,0.0,0.05511632561683655,0.021852195262908936,-0.01293244224812895,0.10947808623313904,0.003226935863494873,-0.015094450794421732,0.1533864140510559,-0.010851800441741943,-0.016258373044692576,0.18728336691856384,-0.011073052883148193,-0.018480156667791903,0.10821300745010376,-0.15818774700164795,0.0021486120500782135,0.1331978142261505,-0.23938027024269104,0.002442604509852231,0.14329788088798523,-0.2902202010154724,-0.003138229836039841,0.15061181783676147,-0.3339746743440628,-0.009700918689631521,0.08427873253822327,-0.1888289749622345,0.0016369874325761202,0.09848758578300476,-0.2946368455886841,0.004563039980567396,0.10826179385185242,-0.3516189306974411,-0.006700886532925665,0.11384919285774231,-0.3964356482028961,-0.018519071050249636,0.055516332387924194,-0.19712835550308228,-0.0001847858978720751,0.059665292501449585,-0.29072314500808716,-0.0037639354153355953,0.0636700689792633,-0.3428489416837692,-0.017011839084588587,0.06484189629554749,-0.3820256292819977,-0.028607673131190836,0.025750428438186646,-0.18554070591926575,-0.003072561815642416,0.015719741582870483,-0.25380873680114746,-0.01019798510547787,0.01043650507926941,-0.29679960012435913,-0.01658841327603966,0.0069439709186553955,-0.33293354511260986,-0.021871064909063875,hello
0.0,0.0,0.0,0.05866476893424988,0.019462168216705322,-0.012937318039931256,0.11482322216033936,-0.0027923583984375,-0.014523417195178467,0.1573977768421173,-0.01935744285583496,-0.01584065563032766,0.189957857131958,-0.017951548099517822,-0.018424004753924805,0.11246764659881592,-0.17095047235488892,0.0024563104660586532,0.13686567544937134,-0.2518983483314514,0.0015534023103640493,0.14565196633338928,-0.29908859729766846,-0.005234689423687655,0.1516636312007904,-0.34157486259937286,-0.012834765454627473,0.08798155188560486,-0.20155280828475952,-0.00016257018536691703,0.1010138988494873,-0.3059576153755188,0.0008368728148155924,0.11099469661712646,-0.3630073815584183,-0.012854869915045697,0.11626753211021423,-0.4109954535961151,-0.026653964510060746,0.0594215989112854,-0.20671966671943665,-0.004457311211027104,0.059759825468063354,-0.302645742893219,-0.009851095704235036,0.06448382139205933,-0.35535097122192383,-0.02603974795887609,0.06682318449020386,-0.39880239963531494,-0.04017757854411741,0.02958330512046814,-0.19356754422187805,-0.00992598428378244,0.015443742275238037,-0.26655828952789307,-0.019488724386192757,0.009465962648391724,-0.3129218816757202,-0.028281329637266595,0.0070264339447021484,-0.3531542122364044,-0.03579413375804563,hello
0.0,0.0,0.0,0.0589444637298584,0.02001088857650757,-0.013618815363898307,0.11616736650466919,-0.0006025433540344238,-0.016052007348790198,0.16061943769454956,-0.014263689517974854,-0.01832900536204818,0.19554591178894043,-0.01413196325302124,-0.021785176964058905,0.11441066861152649,-0.16814234852790833,0.006820517918512792,0.13933104276657104,-0.24745690822601318,0.008623428037807912,0.1482313871383667,-0.29346126317977905,0.004341218946919412,0.15395000576972961,-0.33504554629325867,-0.0016298117344746288,0.0897493064403534,-0.19449898600578308,0.004567233706310958,0.10225933790206909,-0.30259546637535095,0.008545947587535352,0.11124882102012634,-0.3579687476158142,-0.002932950062259465,0.11565208435058594,-0.4027431309223175,-0.015072784060194522,0.060981690883636475,-0.1983649730682373,0.0003305037451895032,0.06192159652709961,-0.2929742634296417,-0.002998563367455631,0.06533324718475342,-0.34478506445884705,-0.016364255593671828,0.06717979907989502,-0.38584643602371216,-0.02845415067817214,0.03068488836288452,-0.184141606092453,-0.005378389404668837,0.01734068989753723,-0.25571000576019287,-0.014120688335552245,0.011548519134521484,-0.3008567988872528,-0.021479088486685782,0.009655892848968506,-0.34019212424755096,-0.027594804437413245,hello
0.0,0.0,0.0,0.0595681369304657,0.01950836181640625,-0.01452290511991805,0.11652874946594238,-0.0013552308082580566,-0.016871775158904256,0.1609945297241211,-0.014791011810302734,-0.018780725666545095,0.19548940658569336,-0.01558220386505127,-0.021922050633691015,0.11593931913375854,-0.16791677474975586,0.00526716314885789,0.14053815603256226,-0.24827075004577637,0.00545793433371955,0.1491679847240448,-0.29605627059936523,-0.000753803652003171,0.15566745400428772,-0.33880674839019775,-0.008060026572309198,0.09113547205924988,-0.1958768665790558,0.0033967158447580914,0.10401034355163574,-0.2996099591255188,0.0055206807952004056,0.11309775710105896,-0.35420040786266327,-0.008311933496258916,0.11761876940727234,-0.39807552099227905,-0.0221208116349203,0.062257230281829834,-0.1997087001800537,-0.0003568496690036227,0.06291064620018005,-0.2890184819698334,-0.00517757668461627,0.06727734208106995,-0.34255343675613403,-0.020728912794254484,0.07022160291671753,-0.38505107164382935,-0.03433547600474185,0.03193181753158569,-0.18507680296897888,-0.005569890731237592,0.018112123012542725,-0.2523001432418823,-0.014938215383551778,0.011585146188735962,-0.29741954803466797,-0.023016436615250768,0.00947636365890503,-0.33722661435604095,-0.029813988724015417,hello
0.0,0.0,0.0,0.0595681369304657,0.01950836181640625,-0.01452290511991805,0.11652874946594238,-0.0013552308082580566,-0.016871775158904256,0.1609945297241211,-0.014791011810302734,-0.018780725666545095,0.19548940658569336,-0.01558220386505127,-0.021922050633691015,0.11593931913375854,-0.16791677474975586,0.00526716314885789,0.14053815603256226,-0.24827075004577637,0.00545793433371955,0.1491679847240448,-0.29605627059936523,-0.000753803652003171,0.15566745400428772,-0.33880674839019775,-0.008060026572309198,0.09113547205924988,-0.1958768665790558,0.0033967158447580914,0.10401034355163574,-0.2996099591255188,0.0055206807952004056,0.11309775710105896,-0.35420040786266327,-0.008311933496258916,0.11761876940727234,-0.39807552099227905,-0.0221208116349203,0.062257230281829834,-0.1997087001800537,-0.0003568496690036227,0.06291064620018005,-0.2890184819698334,-0.00517757668461627,0.06727734208106995,-0.34255343675613403,-0.020728912794254484,0.07022160291671753,-0.38505107164382935,-0.03433547600474185,0.03193181753158569,-0.18507680296897888,-0.005569890731237592,0.018112123012542725,-0.2523001432418823,-0.014938215383551778,0.011585146188735962,-0.29741954803466797,-0.023016436615250768,0.00947636365890503,-0.33722661435604095,-0.029813988724015417,hello
0.0,0.0,0.0,0.05618205666542053,0.01793074607849121,-0.01477981977805598,0.11005613207817078,9.28640365600586e-05,-0.017311871654243305,0.15300825238227844,-0.016031205654144287,-0.018974017954320743,0.1862204670906067,-0.01817154884338379,-0.021664629361481502,0.10845962166786194,-0.17183485627174377,0.0022461280255754446,0.13412216305732727,-0.251181036233902,0.0026221606909473394,0.1429973840713501,-0.29827678203582764,-0.0028292228438715483,0.14904558658599854,-0.3408267945051193,-0.009296076043398216,0.08438462018966675,-0.19867390394210815,0.0013537992286671852,0.09729191660881042,-0.3059266209602356,0.00370086203619735,0.10640600323677063,-0.36339080333709717,-0.008233075632603004,0.1108437180519104,-0.41053906083106995,-0.02033329070255263,0.05577835440635681,-0.20336931943893433,-0.0012866779201488043,0.05684882402420044,-0.29799169301986694,-0.005999572246224716,0.061015546321868896,-0.3509461432695389,-0.020394003621191814,0.06258603930473328,-0.39353999495506287,-0.03260654457554324,0.026395469903945923,-0.18984568119049072,-0.0052239640121172215,0.013144642114639282,-0.26203492283821106,-0.01420903359249337,0.00700068473815918,-0.3075729012489319,-0.02184853949293597,0.004044622182846069,-0.3468247503042221,-0.027832534766645267,hello
0.0,0.0,0.0,0.05618205666542053,0.01793074607849121,-0.01477981977805598,0.11005613207817078,9.28640365600586e-05,-0.017311871654243305,0.15300825238227844,-0.016031205654144287,-0.018974017954320743,0.1862204670906067,-0.01817154884338379,-0.021664629361481502,0.10845962166786194,-0.17183485627174377,0.0022461280255754446,0.13412216305732727,-0.251181036233902,0.0026221606909473394,0.1429973840713501,-0.29827678203582764,-0.0028292228438715483,0.14904558658599854,-0.3408267945051193,-0.009296076043398216,0.08438462018966675,-0.19867390394210815,0.0013537992286671852,0.09729191660881042,-0.3059266209602356,0.00370086203619735,0.10640600323677063,-0.36339080333709717,-0.008233075632603004,0.1108437180519104,-0.41053906083106995,-0.02033329070255263,0.05577835440635681,-0.20336931943893433,-0.0012866779201488043,0.05684882402420044,-0.29799169301986694,-0.005999572246224716,0.061015546321868896,-0.3509461432695389,-0.020394003621191814,0.06258603930473328,-0.39353999495506287,-0.03260654457554324,0.026395469903945923,-0.18984568119049072,-0.0052239640121172215,0.013144642114639282,-0.26203492283821106,-0.01420903359249337,0.00700068473815918,-0.3075729012489319,-0.02184853949293597,0.004044622182846069,-0.3468247503042221,-0.027832534766645267,hello
0.0,0.0,0.0,0.057953864336013794,0.02378702163696289,-0.010657871277444997,0.11435028910636902,0.004049062728881836,-0.012049835310691037,0.15840792655944824,-0.011220335960388184,-0.012638712437265553,0.19147077202796936,-0.012779831886291504,-0.01466269059609715,0.11387202143669128,-0.16118347644805908,0.0006042189007615661,0.14048048853874207,-0.24599042534828186,0.0015166549520557737,0.14883774518966675,-0.2973843514919281,-0.0027588637502873326,0.15411707758903503,-0.3413121849298477,-0.008169235797041097,0.08915719389915466,-0.18871381878852844,-0.001488110535220244,0.10181930661201477,-0.29913341999053955,0.0018380241045719004,0.11140644550323486,-0.358789399266243,-0.009339885921590962,0.11554521322250366,-0.4055787920951843,-0.021355266818218865,0.05982276797294617,-0.19416454434394836,-0.004418482208066621,0.058704257011413574,-0.28864359855651855,-0.009712215648406186,0.06088745594024658,-0.34208160638809204,-0.024188795262389817,0.060359418392181396,-0.3830660879611969,-0.03643439816814009,0.030432462692260742,-0.18182635307312012,-0.007920516790264287,0.015500694513320923,-0.2530580759048462,-0.018368926966005006,0.007762014865875244,-0.29810822010040283,-0.02620403575282637,0.0037224292755126953,-0.3370233029127121,-0.03217471125107352,hello
0.0,0.0,0.0,0.06039988994598389,0.020811259746551514,-0.012163252719972206,0.11720713973045349,-1.329183578491211e-05,-0.012573189252350403,0.1597856879234314,-0.012695014476776123,-0.012351245769593788,0.19368532299995422,-0.0111161470413208,-0.013232131638858391,0.11523833870887756,-0.16346892714500427,0.0060034914302491416,0.14000535011291504,-0.24416959285736084,0.00785393904772036,0.14869123697280884,-0.29225897789001465,0.003152490908917116,0.1548183262348175,-0.33497340977191925,-0.003123588078949524,0.09016615152359009,-0.19181078672409058,0.004361877067651676,0.1021655797958374,-0.29493531584739685,0.007901786676313804,0.1120481789112091,-0.351291760802269,-0.004998642635825945,0.11695566773414612,-0.3956124782562256,-0.018342868575189186,0.06085953116416931,-0.19637563824653625,0.0012899852252417077,0.06073033809661865,-0.28409725427627563,-0.002574907300356699,0.06449788808822632,-0.3365173041820526,-0.01782357800874479,0.06661802530288696,-0.3772657513618469,-0.031182740965221,0.030922889709472656,-0.18322506546974182,-0.0028638505947924386,0.01696145534515381,-0.24884378910064697,-0.011452842654023243,0.010096460580825806,-0.29257798194885254,-0.019130804726216866,0.007814764976501465,-0.33062365651130676,-0.025581128114197327,hello
0.0,0.0,0.0,0.06039988994598389,0.020811259746551514,-0.012163252719972206,0.11720713973045349,-1.329183578491211e-05,-0.012573189252350403,0.1597856879234314,-0.012695014476776123,-0.012351245769593788,0.19368532299995422,-0.0111161470413208,-0.013232131638858391,0.11523833870887756,-0.16346892714500427,0.0060034914302491416,0.14000535011291504,-0.24416959285736084,0.00785393904772036,0.14869123697280884,-0.29225897789001465,0.003152490908917116,0.1548183262348175,-0.33497340977191925,-0.003123588078949524,0.09016615152359009,-0.19181078672409058,0.004361877067651676,0.1021655797958374,-0.29493531584739685,0.007901786676313804,0.1120481789112091,-0.351291760802269,-0.004998642635825945,0.11695566773414612,-0.3956124782562256,-0.018342868575189186,0.06085953116416931,-0.19637563824653625,0.0012899852252417077,0.06073033809661865,-0.28409725427627563,-0.002574907300356699,0.06449788808822632,-0.3365173041820526,-0.01782357800874479,0.06661802530288696,-0.3772657513618469,-0.031182740965221,0.030922889709472656,-0.18322506546974182,-0.0028638505947924386,0.01696145534515381,-0.24884378910064697,-0.011452842654023243,0.010096460580825806,-0.29257798194885254,-0.019130804726216866,0.007814764976501465,-0.33062365651130676,-0.025581128114197327,hello
0.0,0.0,0.0,0.0563679039478302,0.024531006813049316,-0.012570009471531307,0.1118287742137909,0.004245460033416748,-0.013445679003055488,0.15557467937469482,-0.01072549819946289,-0.013393376858587658,0.18960916996002197,-0.011262774467468262,-0.014590403901095783,0.11130186915397644,-0.16054072976112366,0.0035985995571508056,0.13708356022834778,-0.2399875521659851,0.005260592421834076,0.14528408646583557,-0.2882133722305298,0.0002757263508073038,0.15082284808158875,-0.33154626190662384,-0.0062755159080580825,0.08656477928161621,-0.18934959173202515,0.00239634476820072,0.09979569911956787,-0.29454657435417175,0.005582266116832102,0.10939988493919373,-0.3521454185247421,-0.007417302949036753,0.11369392275810242,-0.3997567594051361,-0.02096703545903722,0.05747121572494507,-0.19508185982704163,-3.117075830516569e-05,0.058489203453063965,-0.28453198075294495,-0.004476096851433908,0.06144353747367859,-0.3351712077856064,-0.02007408151185075,0.06243810057640076,-0.3769054114818573,-0.033647243769522106,0.027727216482162476,-0.18208646774291992,-0.0033794393741146678,0.013946324586868286,-0.24883109331130981,-0.01244492912447015,0.006535708904266357,-0.2920839488506317,-0.020660701112504398,0.0028545260429382324,-0.33075135946273804,-0.02755832755720178,hello
0.0,0.0,0.0,0.05964198708534241,0.023118674755096436,-0.011867344201945684,0.11766120791435242,0.0035991668701171875,-0.011259590098106287,0.16098728775978088,-0.008545398712158203,-0.010326519431018255,0.19451004266738892,-0.008963525295257568,-0.010587279507362268,0.1176404058933258,-0.16501957178115845,0.005979085518575289,0.1429629623889923,-0.24511292576789856,0.0069696471938556215,0.15259045362472534,-0.2937595844268799,0.0010754649439519426,0.16016748547554016,-0.3378317058086395,-0.006229905234121702,0.09286409616470337,-0.1943545937538147,0.0032310124398833295,0.10508087277412415,-0.2990487813949585,0.006037140442586519,0.11511799693107605,-0.3558495044708252,-0.007814506822668932,0.12006041407585144,-0.4029320478439331,-0.02221917063876333,0.06339585781097412,-0.1984093189239502,-0.0011361882178420046,0.06283107399940491,-0.2879604697227478,-0.006837583900832556,0.06576988101005554,-0.337828665971756,-0.023387423539006136,0.06686931848526001,-0.37931710481643677,-0.037612226614200495,0.0322900116443634,-0.1836424469947815,-0.0065659231594139555,0.018069356679916382,-0.2533649504184723,-0.017612595864974878,0.010360240936279297,-0.2982754111289978,-0.02673594356461706,0.007028818130493164,-0.3389444500207901,-0.034208350637399576,hello
0.0,0.0,0.0,0.05964198708534241,0.023118674755096436,-0.011867344201945684,0.11766120791435242,0.0035991668701171875,-0.011259590098106287,0.16098728775978088,-0.008545398712158203,-0.010326519431018255,0.19451004266738892,-0.008963525295257568,-0.010587279507362268,0.1176404058933258,-0.16501957178115845,0.005979085518575289,0.1429629623889923,-0.24511292576789856,0.0069696471938556215,0.15259045362472534,-0.2937595844268799,0.0010754649439519426,0.16016748547554016,-0.3378317058086395,-0.006229905234121702,0.09286409616470337,-0.1943545937538147,0.0032310124398833295,0.10508087277412415,-0.2990487813949585,0.006037140442586519,0.11511799693107605,-0.3558495044708252,-0.007814506822668932,0.12006041407585144,-0.4029320478439331,-0.02221917063876333,0.06339585781097412,-0.1984093189239502,-0.0011361882178420046,0.06283107399940491,-0.2879604697227478,-0.006837583900832556,0.06576988101005554,-0.337828665971756,-0.023387423539006136,0.06686931848526001,-0.37931710481643677,-0.037612226614200495,0.0322900116443634,-0.1836424469947815,-0.0065659231594139555,0.018069356679916382,-0.2533649504184723,-0.017612595864974878,0.010360240936279297,-0.2982754111289978,-0.02673594356461706,0.007028818130493164,-0.3389444500207901,-0.034208350637399576,hello
0.0,0.0,0.0,0.055987805128097534,0.009635210037231445,-0.017724395015896732,0.11350372433662415,-0.01592463254928589,-0.023152835884751255,0.15727302432060242,-0.030343830585479736,-0.02730486004954713,0.18741407990455627,-0.027632415294647217,-0.03300160377627748,0.10897395014762878,-0.18100115656852722,-0.012412672148705894,0.12977048754692078,-0.26514533162117004,-0.0213674458057298,0.13715437054634094,-0.3186415582895279,-0.03277620508676904,0.1415029764175415,-0.3649619221687317,-0.04257551788693803,0.08199098706245422,-0.2067570984363556,-0.014941570566655571,0.09473958611488342,-0.3149426281452179,-0.02047893054193395,0.10248392820358276,-0.37711453437805176,-0.03650344743734735,0.10582876205444336,-0.428881973028183,-0.05141201078301805,0.052195072174072266,-0.20689156651496887,-0.018953562000454838,0.0519179105758667,-0.30648869276046753,-0.029334310659827167,0.05688285827636719,-0.3682563900947571,-0.0466300642431392,0.05881449580192566,-0.41748595237731934,-0.06111530795103448,0.02027931809425354,-0.18959534168243408,-0.024311827713312084,0.005422860383987427,-0.26258084177970886,-0.03683502062565225,-0.0022307932376861572,-0.3096976727247238,-0.044881472581685955,-0.007418513298034668,-0.34955698251724243,-0.0515676198840751,hello
0.0,0.0,0.0,0.05805805325508118,0.007754325866699219,-0.015548673334425445,0.11543864011764526,-0.01611959934234619,-0.02159680506855821,0.15904834866523743,-0.019642233848571777,-0.027557478162353988,0.19039303064346313,-0.008453309535980225,-0.0352593836066184,0.11180093884468079,-0.1762615442276001,-0.012871533508306499,0.13465765118598938,-0.26047852635383606,-0.024010543587511535,0.14495614171028137,-0.30851590633392334,-0.03687484829396581,0.15427759289741516,-0.3504181504249573,-0.04785807697743749,0.0859338641166687,-0.2040480375289917,-0.017441856550878043,0.09752869606018066,-0.30680471658706665,-0.026013414251512046,0.10547342896461487,-0.3644971698522568,-0.041841189253037925,0.11141616106033325,-0.4136827886104584,-0.056244055616563315,0.056789249181747437,-0.2068725824356079,-0.02368208101660585,0.056089043617248535,-0.30352771282196045,-0.034982315140670295,0.06236913800239563,-0.36537931859493256,-0.05152908607096052,0.0657835602760315,-0.4161750078201294,-0.0656083960709033,0.02612370252609253,-0.18991756439208984,-0.031413941520160193,0.008454620838165283,-0.26647910475730896,-0.04426517232031202,0.0019488334655761719,-0.31889986991882324,-0.05319007753104543,-0.0020911693572998047,-0.363620325922966,-0.06073136149615621,hello
0.0,0.0,0.0,0.05805805325508118,0.007754325866699219,-0.015548673334425445,0.11543864011764526,-0.01611959934234619,-0.02159680506855821,0.15904834866523743,-0.019642233848571777,-0.027557478162353988,0.19039303064346313,-0.008453309535980225,-0.0352593836066184,0.11180093884468079,-0.1762615442276001,-0.012871533508306499,0.13465765118598938,-0.26047852635383606,-0.024010543587511535,0.14495614171028137,-0.30851590633392334,-0.03687484829396581,0.15427759289741516,-0.3504181504249573,-0.04785807697743749,0.0859338641166687,-0.2040480375289917,-0.017441856550878043,0.09752869606018066,-0.30680471658706665,-0.026013414251512046,0.10547342896461487,-0.3644971698522568,-0.041841189253037925,0.11141616106033325,-0.4136827886104584,-0.056244055616563315,0.056789249181747437,-0.2068725824356079,-0.02368208101660585,0.056089043617248535,-0.30352771282196045,-0.034982315140670295,0.06236913800239563,-0.36537931859493256,-0.05152908607096052,0.0657835602760315,-0.4161750078201294,-0.0656083960709033,0.02612370252609253,-0.18991756439208984,-0.031413941520160193,0.008454620838165283,-0.26647910475730896,-0.04426517232031202,0.0019488334655761719,-0.31889986991882324,-0.05319007753104543,-0.0020911693572998047,-0.363620325922966,-0.06073136149615621,hello
0.0,0.0,0.0,0.05357930064201355,0.007251560688018799,-0.020743849407580228,0.10779589414596558,-0.012246787548065186,-0.028768575470593305,0.15217745304107666,-0.01642739772796631,-0.03611925309493813,0.18440130352973938,-0.008547365665435791,-0.04443189939453873,0.10601812601089478,-0.17736691236495972,-0.013484576437321039,0.1285581886768341,-0.2580822706222534,-0.024752656649496885,0.1389887034893036,-0.30398401618003845,-0.03716272180869851,0.1476600468158722,-0.34334078431129456,-0.04762333696677956,0.07935670018196106,-0.20861104130744934,-0.01562820253863606,0.09552475810050964,-0.308151513338089,-0.024047747905996175,0.10558956861495972,-0.3613830655813217,-0.03915522312715325,0.11234056949615479,-0.406928688287735,-0.05257503753497872,0.049346327781677246,-0.21279728412628174,-0.020214178319719167,0.05084410309791565,-0.3032139241695404,-0.03332469304993424,0.05431213974952698,-0.3577284812927246,-0.049094569589641424,0.055273622274398804,-0.4019729197025299,-0.0611800669689444,0.018009483814239502,-0.19656679034233093,-0.026690232287791105,0.0022433996200561523,-0.27298933267593384,-0.040975776221301885,-0.00426405668258667,-0.322133406996727,-0.05008268794014725,-0.008245110511779785,-0.36373934149742126,-0.05677946722104821,hello
0.0,0.0,0.0,0.05427360534667969,0.00793004035949707,-0.02236160116785868,0.1093510091304779,-0.01345282793045044,-0.030309237936080535,0.15278688073158264,-0.025496959686279297,-0.03713734673851832,0.18604794144630432,-0.021450519561767578,-0.045091780298889717,0.10502487421035767,-0.1893496811389923,-0.007299451553762992,0.12351322174072266,-0.2722284197807312,-0.014802753390313228,0.13091549277305603,-0.32275111973285675,-0.026697557815850814,0.13695672154426575,-0.36850501596927643,-0.037579229497850974,0.077786386013031,-0.21611276268959045,-0.0077963824621747335,0.08558270335197449,-0.3236197829246521,-0.012220941880286773,0.0926409661769867,-0.38287462294101715,-0.028154364252031883,0.09657338261604309,-0.43367132544517517,-0.043065319234074195,0.04785388708114624,-0.216505229473114,-0.010969592654646476,0.04611414670944214,-0.31315672397613525,-0.020613201358855804,0.04901483654975891,-0.3693583607673645,-0.03731318789118632,0.0507168173789978,-0.41466984152793884,-0.05101450758570536,0.017016857862472534,-0.19696593284606934,-0.01624895858162745,0.0037646889686584473,-0.27307793498039246,-0.028416695469559272,-0.002742379903793335,-0.3205353021621704,-0.03718689682477816,-0.006379485130310059,-0.36127714812755585,-0.04415919112557276,hello
0.0,0.0,0.0,0.05427360534667969,0.00793004035949707,-0.02236160116785868,0.1093510091304779,-0.01345282793045044,-0.030309237936080535,0.15278688073158264,-0.025496959686279297,-0.03713734673851832,0.18604794144630432,-0.021450519561767578,-0.045091780298889717,0.10502487421035767,-0.1893496811389923,-0.007299451553762992,0.12351322174072266,-0.2722284197807312,-0.014802753390313228,0.13091549277305603,-0.32275111973285675,-0.026697557815850814,0.13695672154426575,-0.36850501596927643,-0.037579229497850974,0.077786386013031,-0.21611276268959045,-0.0077963824621747335,0.08558270335197449,-0.3236197829246521,-0.012220941880286773,0.0926409661769867,-0.38287462294101715,-0.028154364252031883,0.09657338261604309,-0.43367132544517517,-0.043065319234074195,0.04785388708114624,-0.216505229473114,-0.010969592654646476,0.04611414670944214,-0.31315672397613525,-0.020613201358855804,0.04901483654975891,-0.3693583607673645,-0.03731318789118632,0.0507168173789978,-0.41466984152793884,-0.05101450758570536,0.017016857862472534,-0.19696593284606934,-0.01624895858162745,0.0037646889686584473,-0.27307793498039246,-0.028416695469559272,-0.002742379903793335,-0.3205353021621704,-0.03718689682477816,-0.006379485130310059,-0.36127714812755585,-0.04415919112557276,hello
0.0,0.0,0.0,0.05590111017227173,0.019987523555755615,-0.014244153612310129,0.11184817552566528,0.0012117624282836914,-0.016394628659838872,0.15517306327819824,-0.009757518768310547,-0.01791881814693852,0.18875157833099365,-0.008582532405853271,-0.02095168687498017,0.11249929666519165,-0.16538062691688538,0.0022084848200734086,0.13603875041007996,-0.24667155742645264,0.0014177320003341265,0.14506420493125916,-0.29716938734054565,-0.005755602364445167,0.1525738537311554,-0.34159916639328003,-0.014013388642126756,0.08701682090759277,-0.19478550553321838,-0.0001644837871594973,0.09921929240226746,-0.2987210750579834,0.00033254288740636184,0.1077248752117157,-0.35632066428661346,-0.014863553904945093,0.11242678761482239,-0.4031343460083008,-0.0297939614216034,0.05751603841781616,-0.1988285779953003,-0.004028977808559375,0.05731242895126343,-0.2856282591819763,-0.01186485633348866,0.0588570237159729,-0.33811497688293457,-0.029154886008257108,0.059634238481521606,-0.3795512914657593,-0.04354089543318196,0.026902109384536743,-0.18256747722625732,-0.009026350901478963,0.012552320957183838,-0.24532288312911987,-0.020960731879824834,0.0027441978454589844,-0.2887830138206482,-0.02991114042794152,-0.0025073587894439697,-0.3269524574279785,-0.037198648304695325,hello
0.0,0.0,0.0,0.05845355987548828,0.016823112964630127,-0.01208688387717416,0.11686280369758606,-0.006919264793395996,-0.011903031487719318,0.16029873490333557,-0.017871201038360596,-0.011428315882341167,0.19303077459335327,-0.01790165901184082,-0.012323227469579479,0.116265207529068,-0.17472437024116516,0.0057760358408529555,0.1390528380870819,-0.258328914642334,0.007393770626975993,0.14794570207595825,-0.3099316656589508,0.0021221363071788346,0.15487512946128845,-0.35780249536037445,-0.005211618953154584,0.08987170457839966,-0.20363005995750427,0.002223843251584867,0.10097935795783997,-0.3110802173614502,0.004333635567917327,0.10981050133705139,-0.37016938626766205,-0.00983791960473468,0.11337795853614807,-0.4191448986530304,-0.02414709864254405,0.05917912721633911,-0.20671400427818298,-0.0029335645872663463,0.05711829662322998,-0.2952672243118286,-0.009704567250565788,0.05921056866645813,-0.34913262724876404,-0.027214156222299835,0.06098294258117676,-0.394447922706604,-0.04202693676646163,0.027528613805770874,-0.18937206268310547,-0.00916140781785657,0.011894404888153076,-0.2520081400871277,-0.020869528633312484,0.0026099085807800293,-0.29767248034477234,-0.030688650664643546,-0.0009806454181671143,-0.3400305360555649,-0.03892187004979064,hello
0.0,0.0,0.0,0.057953834533691406,0.021589577198028564,-0.013150978263823276,0.11717590689659119,0.0002853870391845703,-0.014860938664881473,0.16033834218978882,-0.009613275527954102,-0.016152699839679485,0.19508886337280273,-0.01079416275024414,-0.019165397983400112,0.11681291460990906,-0.16414153575897217,0.0023081266429443303,0.13928154110908508,-0.24849861860275269,0.003552134485559577,0.148588627576828,-0.3022071123123169,-0.0011882155792619642,0.15646809339523315,-0.3494993895292282,-0.008132255066541916,0.09008881449699402,-0.19307315349578857,-0.001073959761654919,0.1015288233757019,-0.29545432329177856,0.0011686002711002175,0.10987019538879395,-0.35368146002292633,-0.01212589199504066,0.11373758316040039,-0.39890578389167786,-0.025935349416343456,0.05937168002128601,-0.19683805108070374,-0.005988690898178106,0.06016349792480469,-0.28230324387550354,-0.012105977524427658,0.06443467736244202,-0.3380443602800369,-0.029012808006612545,0.06818956136703491,-0.38144761323928833,-0.04399848486146141,0.02787870168685913,-0.18187028169631958,-0.012027198810486084,0.012930303812026978,-0.24208760261535645,-0.023154006701318508,0.003693610429763794,-0.28968918323516846,-0.032539402496425396,-0.0002872049808502197,-0.3304789364337921,-0.04083458090981651,hello
0.0,0.0,0.0,0.05751553177833557,0.017409801483154297,-0.014847920146827676,0.11582672595977783,-0.006323277950286865,-0.016122549642865636,0.1596936583518982,-0.018141090869903564,-0.016714706887547948,0.19318804144859314,-0.015865027904510498,-0.018693802748863675,0.11654490232467651,-0.17908430099487305,0.0024123363093835337,0.1405368447303772,-0.2633515000343323,0.0021631018155616744,0.14943823218345642,-0.3131127953529358,-0.005103935823832728,0.15621373057365417,-0.35888735949993134,-0.013520073016231038,0.09115487337112427,-0.20672643184661865,8.487806760371086e-05,0.1019238829612732,-0.3139328956604004,0.0018887393073541148,0.111225426197052,-0.37413331866264343,-0.012786471155529,0.11474782228469849,-0.4239245653152466,-0.02764936523610828,0.061258405447006226,-0.20848232507705688,-0.004120055456702687,0.059047549962997437,-0.2987111508846283,-0.01028547236794708,0.06126159429550171,-0.3526921421289444,-0.028223039452974774,0.06230133771896362,-0.3982359766960144,-0.04352744283253429,0.03016534447669983,-0.1908053755760193,-0.009712687564139344,0.013665705919265747,-0.25875723361968994,-0.02113379152590511,0.004884958267211914,-0.30481457710266113,-0.03130055578524349,0.001087278127670288,-0.3460752069950104,-0.039697818328683354,hello
0.0,0.0,0.0,0.058396488428115845,0.020890235900878906,-0.013457821496373867,0.11755979061126709,-0.0021944642066955566,-0.014366987906939244,0.16124939918518066,-0.013437330722808838,-0.01481055356616423,0.19536474347114563,-0.013848364353179932,-0.016951046698338246,0.11544311046600342,-0.1669243574142456,0.0038167407730753666,0.13833552598953247,-0.24969273805618286,0.0057021376671428925,0.1482904553413391,-0.30340510606765747,0.0011564795388068205,0.15588009357452393,-0.3509620726108551,-0.0056936296639804596,0.08916383981704712,-0.1962011754512787,0.0008616838133121973,0.1013982892036438,-0.3007075786590576,0.004264574217998529,0.11043712496757507,-0.35926051437854767,-0.008623099700159287,0.11434948444366455,-0.40676331520080566,-0.022110501118547177,0.05927559733390808,-0.19980871677398682,-0.003771988489276623,0.05817556381225586,-0.2878207266330719,-0.00886800587231562,0.06174212694168091,-0.34380052983760834,-0.025672774576193547,0.0651853084564209,-0.3890606462955475,-0.040614109300619816,0.028009742498397827,-0.1838468611240387,-0.00967994593138144,0.013274610042572021,-0.24397271871566772,-0.02036507967913792,0.004750847816467285,-0.29116225242614746,-0.029851024784690594,0.001408994197845459,-0.3328526020050049,-0.03820030745173142,hello
0.0,0.0,0.0,0.058396488428115845,0.020890235900878906,-0.013457821496373867,0.11755979061126709,-0.0021944642066955566,-0.014366987906939244,0.16124939918518066,-0.013437330722808838,-0.01481055356616423,0.19536474347114563,-0.013848364353179932,-0.016951046698338246,0.11544311046600342,-0.1669243574142456,0.0038167407730753666,0.13833552598953247,-0.24969273805618286,0.0057021376671428925,0.1482904553413391,-0.30340510606765747,0.0011564795388068205,0.15588009357452393,-0.3509620726108551,-0.0056936296639804596,0.08916383981704712,-0.1962011754512787,0.0008616838133121973,0.1013982892036438,-0.3007075786590576,0.004264574217998529,0.11043712496757507,-0.35926051437854767,-0.008623099700159287,0.11434948444366455,-0.40676331520080566,-0.022110501118547177,0.05927559733390808,-0.19980871677398682,-0.003771988489276623,0.05817556381225586,-0.2878207266330719,-0.00886800587231562,0.06174212694168091,-0.34380052983760834,-0.025672774576193547,0.0651853084564209,-0.3890606462955475,-0.040614109300619816,0.028009742498397827,-0.1838468611240387,-0.00967994593138144,0.013274610042572021,-0.24397271871566772,-0.02036507967913792,0.004750847816467285,-0.29116225242614746,-0.029851024784690594,0.001408994197845459,-0.3328526020050049,-0.03820030745173142,hello
0.0,0.0,0.0,0.05929768085479736,0.02177870273590088,-0.013678302308512968,0.11804026365280151,0.0004590153694152832,-0.014008535323632998,0.16070201992988586,-0.010275304317474365,-0.01369255061258201,0.1927640438079834,-0.007733583450317383,-0.014700402757121367,0.11766797304153442,-0.16751936078071594,0.0027318598982262188,0.14089378714561462,-0.24760448932647705,0.002620104681732016,0.1497260332107544,-0.29700803756713867,-0.003960315389527125,0.15745258331298828,-0.34057798981666565,-0.011783453887296957,0.09119263291358948,-0.19692611694335938,1.9396791280712478e-05,0.10234272480010986,-0.2996019721031189,0.001195216882074135,0.11127293109893799,-0.35576988756656647,-0.014046774497224135,0.1153285801410675,-0.40117383003234863,-0.029228425836159033,0.061102330684661865,-0.19947874546051025,-0.004254281306607766,0.057224541902542114,-0.28589731454849243,-0.012376873074067873,0.05755513906478882,-0.3372611105442047,-0.03093417293388967,0.057473450899124146,-0.37893304228782654,-0.04614717817862157,0.030671238899230957,-0.1830107569694519,-0.00957975002933864,0.01434597373008728,-0.24635732173919678,-0.022414426570726675,0.0039480626583099365,-0.28933173418045044,-0.0324018516298068,-0.0006343722343444824,-0.3284420967102051,-0.04046107388098363,hello
0.0,0.0,0.0,0.06132879853248596,0.028891801834106445,-0.01012922585610454,0.1235089898109436,0.007201194763183594,-0.011029562397339987,0.1682608723640442,-0.0037001371383666992,-0.013219331806936907,0.20355814695358276,-0.009507417678833008,-0.017375257281997847,0.12735199928283691,-0.15621745586395264,0.010304529735407186,0.15127217769622803,-0.24424898624420166,0.012885554277858091,0.16110751032829285,-0.29772451519966125,0.010066367270013643,0.1691696047782898,-0.34272921085357666,0.005038217691293312,0.09967291355133057,-0.18680688738822937,0.0045847856007128485,0.11199983954429626,-0.2967686653137207,0.008515012034735037,0.11974874138832092,-0.35696662962436676,-0.0019569035586357586,0.12436366081237793,-0.40497875213623047,-0.013084808780291723,0.06952828168869019,-0.19501817226409912,-0.0033012032010049097,0.07006621360778809,-0.2919190526008606,-0.010296366593280482,0.07352814078330994,-0.34766295552253723,-0.024281457482317137,0.076571524143219,-0.3892296254634857,-0.036166826678851294,0.038809895515441895,-0.1867324709892273,-0.012368956065216707,0.021688252687454224,-0.2546866834163666,-0.0263066035196573,0.012775659561157227,-0.3051360845565796,-0.03553841118369405,0.010087728500366211,-0.34790731966495514,-0.04239781801257436,hello
0.0,0.0,0.0,0.06132879853248596,0.028891801834106445,-0.01012922585610454,0.1235089898109436,0.007201194763183594,-0.011029562397339987,0.1682608723640442,-0.0037001371383666992,-0.013219331806936907,0.20355814695358276,-0.009507417678833008,-0.017375257281997847,0.12735199928283691,-0.15621745586395264,0.010304529735407186,0.15127217769622803,-0.24424898624420166,0.012885554277858091,0.16110751032829285,-0.29772451519966125,0.010066367270013643,0.1691696047782898,-0.34272921085357666,0.005038217691293312,0.09967291355133057,-0.18680688738822937,0.0045847856007128485,0.11199983954429626,-0.2967686653137207,0.008515012034735037,0.11974874138832092,-0.35696662962436676,-0.0019569035586357586,0.12436366081237793,-0.40497875213623047,-0.013084808780291723,0.06952828168869019,-0.19501817226409912,-0.0033012032010049097,0.07006621360778809,-0.2919190526008606,-0.010296366593280482,0.07352814078330994,-0.34766295552253723,-0.024281457482317137,0.076571524143219,-0.3892296254634857,-0.036166826678851294,0.038809895515441895,-0.1867324709892273,-0.012368956065216707,0.021688252687454224,-0.2546866834163666,-0.0263066035196573,0.012775659561157227,-0.3051360845565796,-0.03553841118369405,0.010087728500366211,-0.34790731966495514,-0.04239781801257436,hello
0.0,0.0,0.0,0.05891832709312439,0.023952722549438477,-0.014112903960651124,0.11795881390571594,0.0035071969032287598,-0.016157464348381723,0.16140636801719666,-0.006292819976806641,-0.017679770701235498,0.19576165080070496,-0.004178285598754883,-0.020493020527666772,0.1183462142944336,-0.1611468493938446,0.00247262069895271,0.14205586910247803,-0.24341684579849243,0.0028357436036259287,0.15122762322425842,-0.2943218946456909,-0.002384137353530491,0.1583949625492096,-0.33806927502155304,-0.009255537056034768,0.09164315462112427,-0.18949630856513977,-0.0002469595259952939,0.10375311970710754,-0.2929726839065552,0.0017961779463604444,0.11292606592178345,-0.3486245721578598,-0.01095864571691152,0.11788627505302429,-0.39254340529441833,-0.02413534674853679,0.061411529779434204,-0.19343960285186768,-0.004723236188894475,0.06084969639778137,-0.28155505657196045,-0.011064272598034108,0.06451600790023804,-0.33351150155067444,-0.026206140630549157,0.06762883067131042,-0.3740551769733429,-0.03944453712612983,0.03076109290122986,-0.1778099238872528,-0.010560278073555196,0.015639394521713257,-0.24134045839309692,-0.02234117616028186,0.008206456899642944,-0.287330687046051,-0.03117669675559398,0.006270945072174072,-0.32709579169750214,-0.03841469924957153,hello
0.0,0.0,0.0,0.058779120445251465,0.020344436168670654,-0.012339047393197689,0.11608201265335083,-0.0025099515914916992,-0.013674948601419601,0.1584983468055725,-0.014844238758087158,-0.014968995241815719,0.19164732098579407,-0.015149354934692383,-0.017753700962657604,0.11515438556671143,-0.1660604178905487,0.005194290304189053,0.13692662119865417,-0.24947598576545715,0.006364523196225491,0.1458418071269989,-0.3007579445838928,0.0011842658236673742,0.1535075604915619,-0.34623876214027405,-0.006054988367850456,0.08845868706703186,-0.19380927085876465,0.0012784213718077808,0.09972205758094788,-0.29560402035713196,0.0034736585762402683,0.10769990086555481,-0.3525424301624298,-0.009583868323261413,0.11158439517021179,-0.3980901539325714,-0.02292500925659624,0.05794245004653931,-0.19682154059410095,-0.004335780399287614,0.05852401256561279,-0.2826799750328064,-0.01017906540482727,0.06264433264732361,-0.33822253346443176,-0.025876187956328067,0.06691932678222656,-0.3828207552433014,-0.03979454865157095,0.02625897526741028,-0.1808774769306183,-0.011213112859422836,0.011702477931976318,-0.242226243019104,-0.02234488656222311,0.003153890371322632,-0.2878258228302002,-0.031166008910531673,0.00030517578125,-0.32797276973724365,-0.03873101179897276,hello
0.0,0.0,0.0,0.058779120445251465,0.020344436168670654,-0.012339047393197689,0.11608201265335083,-0.0025099515914916992,-0.013674948601419601,0.1584983468055725,-0.014844238758087158,-0.014968995241815719,0.19164732098579407,-0.015149354934692383,-0.017753700962657604,0.11515438556671143,-0.1660604178905487,0.005194290304189053,0.13692662119865417,-0.24947598576545715,0.006364523196225491,0.1458418071269989,-0.3007579445838928,0.0011842658236673742,0.1535075604915619,-0.34623876214027405,-0.006054988367850456,0.08845868706703186,-0.19380927085876465,0.0012784213718077808,0.09972205758094788,-0.29560402035713196,0.0034736585762402683,0.10769990086555481,-0.3525424301624298,-0.009583868323261413,0.11158439517021179,-0.3980901539325714,-0.02292500925659624,0.05794245004653931,-0.19682154059410095,-0.004335780399287614,0.05852401256561279,-0.2826799750328064,-0.01017906540482727,0.06264433264732361,-0.33822253346443176,-0.025876187956328067,0.06691932678222656,-0.3828207552433014,-0.03979454865157095,0.02625897526741028,-0.1808774769306183,-0.011213112859422836,0.011702477931976318,-0.242226243019104,-0.02234488656222311,0.003153890371322632,-0.2878258228302002,-0.031166008910531673,0.00030517578125,-0.32797276973724365,-0.03873101179897276,hello
0.0,0.0,0.0,0.05787518620491028,0.025368809700012207,-0.011129707125476784,0.11815029382705688,0.00406879186630249,-0.010057354373387284,0.16111528873443604,-0.008333206176757812,-0.00879723208909411,0.19519662857055664,-0.008466482162475586,-0.0091993725202002,0.11741843819618225,-0.15993282198905945,0.006902874419935756,0.14065691828727722,-0.24178025126457214,0.00928442084277492,0.14894866943359375,-0.2944156527519226,0.004897437496580892,0.1559101641178131,-0.3396819084882736,-0.0017546213041015335,0.09146550297737122,-0.1896757185459137,0.0031097938497595123,0.10305166244506836,-0.29002028703689575,0.00627767152199965,0.110836923122406,-0.34578125178813934,-0.007616409593723006,0.11365357041358948,-0.3894928991794586,-0.021870069233230538,0.06142929196357727,-0.19366472959518433,-0.0022906316718973585,0.059639155864715576,-0.27747106552124023,-0.009462471147529072,0.06112891435623169,-0.33040761947631836,-0.027908179936460442,0.06275889277458191,-0.3734740614891052,-0.043397465748242325,0.03056889772415161,-0.17985618114471436,-0.008524591130665726,0.014644145965576172,-0.2397162914276123,-0.021034354371479935,0.004070013761520386,-0.2853407859802246,-0.03159008736675162,-0.0005324482917785645,-0.3265581279993057,-0.04045105169480223,hello
0.0,0.0,0.0,0.05731877684593201,0.02344346046447754,-0.015172662511417911,0.11425811052322388,0.003640472888946533,-0.017083248421499775,0.15736529231071472,-0.008810341358184814,-0.017671270593950794,0.1907990574836731,-0.007525444030761719,-0.019586289599487827,0.11504745483398438,-0.16173431277275085,-0.0007926786271355013,0.1390727460384369,-0.24639669060707092,-0.0009752167458145777,0.14778131246566772,-0.29681849479675293,-0.006937431935170935,0.1551169455051422,-0.33960412442684174,-0.014114639088461445,0.08908367156982422,-0.19114655256271362,-0.001944102644870327,0.10042566061019897,-0.2937016487121582,-0.0003636277757550488,0.10881379246711731,-0.3481256812810898,-0.014309040568718956,0.11336737871170044,-0.39073053002357483,-0.02831997752184634,0.059349775314331055,-0.1952541172504425,-0.004462062213519857,0.05673989653587341,-0.27922922372817993,-0.01149349410081868,0.05803611874580383,-0.33115123212337494,-0.02881298243994479,0.059459686279296875,-0.37314745783805847,-0.04318881623441939,0.028919458389282227,-0.18183383345603943,-0.008093327581832455,0.012530893087387085,-0.24386060237884521,-0.019990548789451168,0.0026977360248565674,-0.2863079309463501,-0.029311793222973392,-0.001490950584411621,-0.3242139220237732,-0.03668740607793097,hello
0.0,0.0,0.0,0.05731877684593201,0.02344346046447754,-0.015172662511417911,0.11425811052322388,0.003640472888946533,-0.017083248421499775,0.15736529231071472,-0.008810341358184814,-0.017671270593950794,0.1907990574836731,-0.007525444030761719,-0.019586289599487827,0.11504745483398438,-0.16173431277275085,-0.0007926786271355013,0.1390727460384369,-0.24639669060707092,-0.0009752167458145777,0.14778131246566772,-0.29681849479675293,-0.006937431935170935,0.1551169455051422,-0.33960412442684174,-0.014114639088461445,0.08908367156982422,-0.19114655256271362,-0.001944102644870327,0.10042566061019897,-0.2937016487121582,-0.0003636277757550488,0.10881379246711731,-0.3481256812810898,-0.014309040568718956,0.11336737871170044,-0.39073053002357483,-0.02831997752184634,0.059349775314331055,-0.1952541172504425,-0.004462062213519857,0.05673989653587341,-0.27922922372817993,-0.01149349410081868,0.05803611874580383,-0.33115123212337494,-0.02881298243994479,0.059459686279296875,-0.37314745783805847,-0.04318881623441939,0.028919458389282227,-0.18183383345603943,-0.008093327581832455,0.012530893087387085,-0.24386060237884521,-0.019990548789451168,0.0026977360248565674,-0.2863079309463501,-0.029311793222973392,-0.001490950584411621,-0.3242139220237732,-0.03668740607793097,hello
0.0,0.0,0.0,0.057216793298721313,0.024050354957580566,-0.011595713986380929,0.1165584921836853,0.0005142092704772949,-0.011527726507111424,0.15959694981575012,-0.01238340139389038,-0.011365426784678334,0.19247817993164062,-0.010155200958251953,-0.012720941646321648,0.11771216988563538,-0.16692182421684265,0.004041965970472461,0.14033713936805725,-0.24860459566116333,0.004092987546400195,0.14865908026695251,-0.3000420928001404,-0.002016814040317172,0.15542665123939514,-0.3442230820655823,-0.009441060094459885,0.09158310294151306,-0.19479608535766602,-0.00017846284789868605,0.10274142026901245,-0.29886382818222046,0.0015878792979577838,0.11181926727294922,-0.3558858782052994,-0.012190973466559285,0.11594045162200928,-0.4012831449508667,-0.026295732787176007,0.06141716241836548,-0.1963794231414795,-0.005963069932832354,0.0574209988117218,-0.28425702452659607,-0.014010389415844315,0.05770951509475708,-0.3370976150035858,-0.03128419265739524,0.05826887488365173,-0.3792805075645447,-0.045646185135765904,0.030434340238571167,-0.17938971519470215,-0.012692059470637673,0.01386532187461853,-0.24531209468841553,-0.026089327490254277,0.003334254026412964,-0.2903026342391968,-0.03586514488451087,-0.001415848731994629,-0.3299100995063782,-0.043741500085516805,hello
0.0,0.0,0.0,0.059026360511779785,0.017927050590515137,-0.011969197992300451,0.1188928484916687,-0.006533920764923096,-0.01241419881961292,0.16207319498062134,-0.018127799034118652,-0.013097956296121538,0.19444701075553894,-0.017442941665649414,-0.01518727697811073,0.11939358711242676,-0.1733422577381134,0.004745384693080723,0.1421678364276886,-0.25654149055480957,0.004616829115832388,0.1516343057155609,-0.3066406846046448,-0.0016537866173962357,0.15949785709381104,-0.35002295672893524,-0.009558413628553808,0.09340021014213562,-0.20233124494552612,-0.0001472644359523656,0.1044401228427887,-0.3049182891845703,0.0009502777396050988,0.11381542682647705,-0.3614349961280823,-0.013286005225097597,0.11896854639053345,-0.4068906605243683,-0.0277159106769318,0.06389757990837097,-0.20457351207733154,-0.006856962092285812,0.062499433755874634,-0.29005780816078186,-0.014495174851333559,0.06677225232124329,-0.3463357836008072,-0.032029843408679426,0.07025805115699768,-0.39309263229370117,-0.047282098311995924,0.03319692611694336,-0.18730780482292175,-0.014804020043527544,0.01668018102645874,-0.24810320138931274,-0.028220426742052496,0.006379306316375732,-0.2950940728187561,-0.03866444386920875,0.00218769907951355,-0.3379271626472473,-0.047382509786700666,hello
0.0,0.0,0.0,0.059026360511779785,0.017927050590515137,-0.011969197992300451,0.1188928484916687,-0.006533920764923096,-0.01241419881961292,0.16207319498062134,-0.018127799034118652,-0.013097956296121538,0.19444701075553894,-0.017442941665649414,-0.01518727697811073,0.11939358711242676,-0.1733422577381134,0.004745384693080723,0.1421678364276886,-0.25654149055480957,0.004616829115832388,0.1516343057155609,-0.3066406846046448,-0.0016537866173962357,0.15949785709381104,-0.35002295672893524,-0.009558413628553808,0.09340021014213562,-0.20233124494552612,-0.0001472644359523656,0.1044401228427887,-0.3049182891845703,0.0009502777396050988,0.11381542682647705,-0.3614349961280823,-0.013286005225097597,0.11896854639053345,-0.4068906605243683,-0.0277159106769318,0.06389757990837097,-0.20457351207733154,-0.006856962092285812,0.062499433755874634,-0.29005780816078186,-0.014495174851333559,0.06677225232124329,-0.3463357836008072,-0.032029843408679426,0.07025805115699768,-0.39309263229370117,-0.047282098311995924,0.03319692611694336,-0.18730780482292175,-0.014804020043527544,0.01668018102645874,-0.24810320138931274,-0.028220426742052496,0.006379306316375732,-0.2950940728187561,-0.03866444386920875,0.00218769907951355,-0.3379271626472473,-0.047382509786700666,hello
0.0,0.0,0.0,0.06063452363014221,0.02109915018081665,-0.011982677598908253,0.12068775296211243,-0.0010192394256591797,-0.012542703283443757,0.1650157868862152,-0.012670278549194336,-0.01278259707750351,0.19739440083503723,-0.015375614166259766,-0.01472806846858532,0.1223619282245636,-0.1698979139328003,0.004159415511921338,0.14457270503044128,-0.2568840980529785,0.006044838483020953,0.1533541977405548,-0.3078407347202301,0.0011075622388574402,0.1617719829082489,-0.35286399722099304,-0.005744398200377532,0.09586945176124573,-0.19820642471313477,0.0005845739143381934,0.10647788643836975,-0.3076874017715454,0.003672386890784196,0.11681368947029114,-0.36653220653533936,-0.01019654898108513,0.12257319688796997,-0.4144268333911896,-0.02473932700367243,0.0655764639377594,-0.20236903429031372,-0.004353911710396119,0.061147987842559814,-0.2959877848625183,-0.011048776192083665,0.06186804175376892,-0.3485770970582962,-0.028744652961805173,0.06203088164329529,-0.3902789056301117,-0.04374067494781286,0.03481069207191467,-0.18878871202468872,-0.010255145003512212,0.017130255699157715,-0.25808218121528625,-0.022519767378881284,0.006800055503845215,-0.30422675609588623,-0.03226805115254194,0.002184838056564331,-0.3456780016422272,-0.0402976685217169,hello
0.0,0.0,0.0,0.05786633491516113,0.02135765552520752,-0.011621174675099155,0.11663153767585754,-0.0015423297882080078,-0.012599873629085323,0.1600489318370819,-0.013729512691497803,-0.013836940091721317,0.19399818778038025,-0.014010846614837646,-0.016764605690411827,0.11821508407592773,-0.1709911823272705,0.005385101500280598,0.14232340455055237,-0.2551233172416687,0.005705968669929007,0.1509091556072235,-0.3059577941894531,-0.00010320863265178559,0.15774548053741455,-0.3502848744392395,-0.007352369178704521,0.09228965640068054,-0.20034217834472656,0.000780387916449854,0.10549280047416687,-0.3076857328414917,0.0029266911627132686,0.11448124051094055,-0.3651547133922577,-0.010749925200514099,0.11863034963607788,-0.4107915163040161,-0.024666788329057,0.06243413686752319,-0.20385095477104187,-0.005562350892148515,0.061188966035842896,-0.2930801510810852,-0.013101823900512954,0.06305688619613647,-0.3475932776927948,-0.03087798533277919,0.06454366445541382,-0.3917612135410309,-0.04581200172441413,0.03187203407287598,-0.1879032552242279,-0.012857145902387401,0.014747440814971924,-0.25187814235687256,-0.02564894062714984,0.003629028797149658,-0.29809463024139404,-0.03569336076515128,-0.0019629597663879395,-0.33941954374313354,-0.04396312524812629,hello
0.0,0.0,0.0,0.05786633491516113,0.02135765552520752,-0.011621174675099155,0.11663153767585754,-0.0015423297882080078,-0.012599873629085323,0.1600489318370819,-0.013729512691497803,-0.013836940091721317,0.19399818778038025,-0.014010846614837646,-0.016764605690411827,0.11821508407592773,-0.1709911823272705,0.005385101500280598,0.14232340455055237,-0.2551233172416687,0.005705968669929007,0.1509091556072235,-0.3059577941894531,-0.00010320863265178559,0.15774548053741455,-0.3502848744392395,-0.007352369178704521,0.09228965640068054,-0.20034217834472656,0.000780387916449854,0.10549280047416687,-0.3076857328414917,0.0029266911627132686,0.11448124051094055,-0.3651547133922577,-0.010749925200514099,0.11863034963607788,-0.4107915163040161,-0.024666788329057,0.06243413686752319,-0.20385095477104187,-0.005562350892148515,0.061188966035842896,-0.2930801510810852,-0.013101823900512954,0.06305688619613647,-0.3475932776927948,-0.03087798533277919,0.06454366445541382,-0.3917612135410309,-0.04581200172441413,0.03187203407287598,-0.1879032552242279,-0.012857145902387401,0.014747440814971924,-0.25187814235687256,-0.02564894062714984,0.003629028797149658,-0.29809463024139404,-0.03569336076515128,-0.0019629597663879395,-0.33941954374313354,-0.04396312524812629,hello
0.0,0.0,0.0,0.05954423546791077,0.020588278770446777,-0.011543939481626353,0.1200002133846283,-0.003073394298553467,-0.01095786191071113,0.16468843817710876,-0.015265047550201416,-0.010026707905481658,0.19733670353889465,-0.01422947645187378,-0.01074556041056951,0.12065941095352173,-0.17199835181236267,0.004228735216756263,0.144545316696167,-0.256064236164093,0.006313896146465936,0.15380904078483582,-0.30702799558639526,0.0015867166126639631,0.16242030262947083,-0.35187505185604095,-0.005201383619706235,0.09444805979728699,-0.2015073597431183,0.0007774089950629559,0.10674664378166199,-0.3081424832344055,0.004318894226898351,0.11781403422355652,-0.36700667440891266,-0.009771389546941123,0.12444722652435303,-0.41560283303260803,-0.02467755287433704,0.06478986144065857,-0.20576101541519165,-0.003985659345190129,0.06046932935714722,-0.2957839369773865,-0.010429011318038306,0.06135585904121399,-0.3479795902967453,-0.02918277181233009,0.061941057443618774,-0.39062100648880005,-0.045110606248627505,0.03487861156463623,-0.19233322143554688,-0.009603460910867057,0.017113804817199707,-0.2586825489997864,-0.021724042142878375,0.006477624177932739,-0.3042128384113312,-0.03214024066473087,0.0018659532070159912,-0.3448234796524048,-0.040849965657244525,hello
0.0,0.0,0.0,0.06002345681190491,0.014542102813720703,-0.014017114579655043,0.11862009763717651,-0.009502053260803223,-0.017182240426517836,0.16382047533988953,-0.02459162473678589,-0.020014474332310073,0.19646862149238586,-0.023392319679260254,-0.02475405128297936,0.11771845817565918,-0.1811215579509735,-0.004550166126318089,0.1386115849018097,-0.26998370885849,-0.007553088176972977,0.14744412899017334,-0.3204188942909241,-0.01537710537759196,0.15587446093559265,-0.3654129356145859,-0.023959079921223037,0.09015500545501709,-0.2077951729297638,-0.008430535137630812,0.09914138913154602,-0.3217265009880066,-0.00992486083505284,0.1080971360206604,-0.3822411596775055,-0.025101365685440413,0.11325344443321228,-0.4326843023300171,-0.04058962145445477,0.06046152114868164,-0.20994853973388672,-0.013668390154816024,0.054716795682907104,-0.31211069226264954,-0.02293179573116433,0.057119667530059814,-0.370626300573349,-0.04127679967877995,0.0576799213886261,-0.41814878582954407,-0.056973753660894744,0.030810117721557617,-0.1939598023891449,-0.020007305011130683,0.012554526329040527,-0.26928818225860596,-0.03357640111444127,0.0025478899478912354,-0.3178216218948364,-0.043799629598833434,-0.0029252171516418457,-0.3603561222553253,-0.05238113009927403,hello
0.0,0.0,0.0,0.06002345681190491,0.014542102813720703,-0.014017114579655043,0.11862009763717651,-0.009502053260803223,-0.017182240426517836,0.16382047533988953,-0.02459162473678589,-0.020014474332310073,0.19646862149238586,-0.023392319679260254,-0.02475405128297936,0.11771845817565918,-0.1811215579509735,-0.004550166126318089,0.1386115849018097,-0.26998370885849,-0.007553088176972977,0.14744412899017334,-0.3204188942909241,-0.01537710537759196,0.15587446093559265,-0.3654129356145859,-0.023959079921223037,0.09015500545501709,-0.2077951729297638,-0.008430535137630812,0.09914138913154602,-0.3217265009880066,-0.00992486083505284,0.1080971360206604,-0.3822411596775055,-0.025101365685440413,0.11325344443321228,-0.4326843023300171,-0.04058962145445477,0.06046152114868164,-0.20994853973388672,-0.013668390154816024,0.054716795682907104,-0.31211069226264954,-0.02293179573116433,0.057119667530059814,-0.370626300573349,-0.04127679967877995,0.0576799213886261,-0.41814878582954407,-0.056973753660894744,0.030810117721557617,-0.1939598023891449,-0.020007305011130683,0.012554526329040527,-0.26928818225860596,-0.03357640111444127,0.0025478899478912354,-0.3178216218948364,-0.043799629598833434,-0.0029252171516418457,-0.3603561222553253,-0.05238113009927403,hello
0.0,0.0,0.0,0.0561506450176239,0.01639312505722046,-0.017325219183646823,0.11419883370399475,-0.008613884449005127,-0.020366626277052546,0.15751472115516663,-0.022168338298797607,-0.022632077753030444,0.1897924542427063,-0.02216815948486328,-0.026353236704551364,0.11245539784431458,-0.1812433898448944,-0.0015713175036466964,0.13516628742218018,-0.26408571004867554,-0.004919210865580226,0.14365842938423157,-0.31401702761650085,-0.014169616110109473,0.14983642101287842,-0.359795942902565,-0.023753941475831652,0.08565139770507812,-0.21106082201004028,-0.0039019649358920105,0.09621432423591614,-0.3171462416648865,-0.004981352433048869,0.10415846109390259,-0.37619996070861816,-0.02110797581025281,0.1066005527973175,-0.42457354068756104,-0.03667938005872884,0.05573424696922302,-0.2128005027770996,-0.008324101983987475,0.05367085337638855,-0.30163735151290894,-0.01697463770159402,0.0553150475025177,-0.3544650375843048,-0.03579231393285909,0.05594545602798462,-0.39858219027519226,-0.05143561628409543,0.025111228227615356,-0.19375169277191162,-0.014305871396743441,0.008157521486282349,-0.2581605911254883,-0.02772782412120023,-0.0014566481113433838,-0.30310139060020447,-0.038469706147395755,-0.005971968173980713,-0.34378620982170105,-0.04715787288495221,hello
0.0,0.0,0.0,0.05910840630531311,0.022885799407958984,-0.012255960014840639,0.1196184754371643,-0.0028702616691589355,-0.011800937225302732,0.16456785798072815,-0.017819643020629883,-0.010886900928994692,0.19777467846870422,-0.017190277576446533,-0.011485804674407518,0.11939039826393127,-0.17144829034805298,0.005203578750410998,0.14307931065559387,-0.2561575770378113,0.007753121795872175,0.1524103879928589,-0.30591881275177,0.003219230229774439,0.16065314412117004,-0.34927430748939514,-0.0035885235864725473,0.0932624340057373,-0.2024567723274231,0.002039729979628646,0.1062895655632019,-0.30722033977508545,0.006519617176422798,0.11697694659233093,-0.36382023990154266,-0.006506775376578844,0.1235741674900055,-0.41097480058670044,-0.020451291335007227,0.06381398439407349,-0.2068585753440857,-0.0026543337024804714,0.06267297267913818,-0.2942735552787781,-0.008046695833286321,0.0659642219543457,-0.3494083881378174,-0.025732750875135935,0.06895199418067932,-0.3950600028038025,-0.041145625394960916,0.03372246026992798,-0.19092243909835815,-0.008410324213286913,0.016830891370773315,-0.254530131816864,-0.02043953431882528,0.007041126489639282,-0.3014072775840759,-0.030805739444872415,0.003133922815322876,-0.3433864116668701,-0.03942011935748724,hello
0.0,0.0,0.0,0.05910840630531311,0.022885799407958984,-0.012255960014840639,0.1196184754371643,-0.0028702616691589355,-0.011800937225302732,0.16456785798072815,-0.017819643020629883,-0.010886900928994692,0.19777467846870422,-0.017190277576446533,-0.011485804674407518,0.11939039826393127,-0.17144829034805298,0.005203578750410998,0.14307931065559387,-0.2561575770378113,0.007753121795872175,0.1524103879928589,-0.30591881275177,0.003219230229774439,0.16065314412117004,-0.34927430748939514,-0.0035885235864725473,0.0932624340057373,-0.2024567723274231,0.002039729979628646,0.1062895655632019,-0.30722033977508545,0.006519617176422798,0.11697694659233093,-0.36382023990154266,-0.006506775376578844,0.1235741674900055,-0.41097480058670044,-0.020451291335007227,0.06381398439407349,-0.2068585753440857,-0.0026543337024804714,0.06267297267913818,-0.2942735552787781,-0.008046695833286321,0.0659642219543457,-0.3494083881378174,-0.025732750875135935,0.06895199418067932,-0.3950600028038025,-0.041145625394960916,0.03372246026992798,-0.19092243909835815,-0.008410324213286913,0.016830891370773315,-0.254530131816864,-0.02043953431882528,0.007041126489639282,-0.3014072775840759,-0.030805739444872415,0.003133922815322876,-0.3433864116668701,-0.03942011935748724,hello
0.0,0.0,0.0,0.05738961696624756,0.018937647342681885,-0.012566572706163015,0.11643823981285095,-0.006972789764404297,-0.01268193283951291,0.15969914197921753,-0.020928382873535156,-0.012269873822987165,0.19120734930038452,-0.02078145742416382,-0.013342577683687296,0.11557939648628235,-0.17738980054855347,0.0016052863104789594,0.13784828782081604,-0.26037144660949707,0.0016194822276531795,0.1463153064250946,-0.309781014919281,-0.004726884140580978,0.15328776836395264,-0.3537445068359375,-0.012701268958807077,0.08912992477416992,-0.20598289370536804,-0.0022827889294774195,0.1012544333934784,-0.3128390312194824,-0.00028904723487244155,0.11063390970230103,-0.3695381134748459,-0.014245243462681856,0.1153813898563385,-0.4159145951271057,-0.02895113332098731,0.059541791677474976,-0.2076166272163391,-0.007667618988961067,0.05791616439819336,-0.2980197072029114,-0.014058479758858766,0.0605701208114624,-0.35334478318691254,-0.0315507228476406,0.06282162666320801,-0.3993866741657257,-0.0471149261099697,0.029154300689697266,-0.18956539034843445,-0.014199460576236334,0.011960983276367188,-0.25446251034736633,-0.02642146749323615,0.0017972886562347412,-0.3004055619239807,-0.036498359124124136,-0.0023481547832489014,-0.3417143374681473,-0.045234377215564336,hello
0.0,0.0,0.0,0.05902239680290222,0.02318572998046875,-0.011697998483462868,0.11850345134735107,-0.0005666613578796387,-0.012055292007310925,0.16256698966026306,-0.014594972133636475,-0.01198417900948101,0.1950734555721283,-0.0127793550491333,-0.013537866276486454,0.1172206699848175,-0.1652563214302063,0.00020808147903750296,0.14086470007896423,-0.2512117028236389,-0.0005239533877769986,0.1496734917163849,-0.30278998613357544,-0.006363772068901596,0.15657266974449158,-0.34678055346012115,-0.013422257480009137,0.09054353833198547,-0.19529548287391663,-0.00319382546356195,0.10245674848556519,-0.30269646644592285,-0.0024514619529085735,0.1115899384021759,-0.3585243225097656,-0.016809149858339367,0.11601594090461731,-0.40149375796318054,-0.03133919763265425,0.06030219793319702,-0.19953149557113647,-0.00770413896886879,0.057483524084091187,-0.2909465730190277,-0.015501153868420658,0.05859389901161194,-0.34269094467163086,-0.03330725732146078,0.05912590026855469,-0.38286834955215454,-0.048258586999757824,0.029642224311828613,-0.1856617033481598,-0.012952260886116562,0.01374545693397522,-0.2520334720611572,-0.025507145774348317,0.004450589418411255,-0.2969458997249603,-0.03544698583780104,0.0005229711532592773,-0.3355906307697296,-0.04356665837465101,hello
0.0,0.0,0.0,0.05902239680290222,0.02318572998046875,-0.011697998483462868,0.11850345134735107,-0.0005666613578796387,-0.012055292007310925,0.16256698966026306,-0.014594972133636475,-0.01198417900948101,0.1950734555721283,-0.0127793550491333,-0.013537866276486454,0.1172206699848175,-0.1652563214302063,0.00020808147903750296,0.14086470007896423,-0.2512117028236389,-0.0005239533877769986,0.1496734917163849,-0.30278998613357544,-0.006363772068901596,0.15657266974449158,-0.34678055346012115,-0.013422257480009137,0.09054353833198547,-0.19529548287391663,-0.00319382546356195,0.10245674848556519,-0.30269646644592285,-0.0024514619529085735,0.1115899384021759,-0.3585243225097656,-0.016809149858339367,0.11601594090461731,-0.40149375796318054,-0.03133919763265425,0.06030219793319702,-0.19953149557113647,-0.00770413896886879,0.057483524084091187,-0.2909465730190277,-0.015501153868420658,0.05859389901161194,-0.34269094467163086,-0.03330725732146078,0.05912590026855469,-0.38286834955215454,-0.048258586999757824,0.029642224311828613,-0.1856617033481598,-0.012952260886116562,0.01374545693397522,-0.2520334720611572,-0.025507145774348317,0.004450589418411255,-0.2969458997249603,-0.03544698583780104,0.0005229711532592773,-0.3355906307697296,-0.04356665837465101,hello
0.0,0.0,0.0,0.06041693687438965,0.01897609233856201,-0.013470523779645305,0.11938309669494629,-0.004465758800506592,-0.014983060558691363,0.16318759322166443,-0.0177270770072937,-0.015888095622315745,0.19527769088745117,-0.01840949058532715,-0.01835991327966724,0.11867979168891907,-0.17793262004852295,0.0008629300646560978,0.14116016030311584,-0.2625942528247833,0.0010291329599994015,0.14988896250724792,-0.3133777379989624,-0.005344649565770965,0.15739145874977112,-0.35880520939826965,-0.013194019695177417,0.09201431274414062,-0.2064761519432068,-0.0024269914938059856,0.10306015610694885,-0.31799638271331787,-0.00014188775817558508,0.1126289963722229,-0.37802642583847046,-0.014220740435078483,0.11749199032783508,-0.4269176423549652,-0.02931380716468368,0.06266331672668457,-0.20884519815444946,-0.007220634048238139,0.058222413063049316,-0.3057459592819214,-0.013537484010115008,0.059452056884765625,-0.3597347289323807,-0.031075824772372584,0.05950254201889038,-0.40362319350242615,-0.04664347392822776,0.03324219584465027,-0.19272443652153015,-0.013234097299530845,0.014886170625686646,-0.2641162872314453,-0.025344396730318408,0.004450201988220215,-0.31065893173217773,-0.03527197313810859,-0.0003147125244140625,-0.3520076423883438,-0.04382213277126823,hello
0.0,0.0,0.0,0.054537057876586914,0.0173453688621521,-0.018740412286902597,0.10956200957298279,-0.003901183605194092,-0.02313730909624212,0.15303713083267212,-0.017658531665802002,-0.02608743726410978,0.1862148940563202,-0.01832115650177002,-0.030295009232546022,0.10842496156692505,-0.1726853847503662,-0.0024580973865937494,0.13086476922035217,-0.25755617022514343,-0.0038836742485415243,0.13980790972709656,-0.30906999111175537,-0.010845403626049688,0.14670583605766296,-0.3567034900188446,-0.018983606688166788,0.08217877149581909,-0.20098906755447388,-0.002981034779409697,0.09284156560897827,-0.30696243047714233,-0.002927189200605085,0.10117244720458984,-0.36535152792930603,-0.017205073005939653,0.10447260737419128,-0.4137459695339203,-0.031186460025097062,0.052450358867645264,-0.2039303183555603,-0.00547303815507405,0.05078178644180298,-0.2912595868110657,-0.012805058128620317,0.05296748876571655,-0.3437555581331253,-0.02966821610131376,0.054216086864471436,-0.3872712254524231,-0.043816857479001214,0.02217605710029602,-0.18655788898468018,-0.009616315803910425,0.0063397884368896484,-0.24835559725761414,-0.021518199212337663,-0.0021776556968688965,-0.2922876179218292,-0.03122822052934282,-0.0058161914348602295,-0.33201874792575836,-0.03905673368969076,hello
0.0,0.0,0.0,0.054537057876586914,0.0173453688621521,-0.018740412286902597,0.10956200957298279,-0.003901183605194092,-0.02313730909624212,0.15303713083267212,-0.017658531665802002,-0.02608743726410978,0.1862148940563202,-0.01832115650177002,-0.030295009232546022,0.10842496156692505,-0.1726853847503662,-0.0024580973865937494,0.13086476922035217,-0.25755617022514343,-0.0038836742485415243,0.13980790972709656,-0.30906999111175537,-0.010845403626049688,0.14670583605766296,-0.3567034900188446,-0.018983606688166788,0.08217877149581909,-0.20098906755447388,-0.002981034779409697,0.09284156560897827,-0.30696243047714233,-0.002927189200605085,0.10117244720458984,-0.36535152792930603,-0.017205073005939653,0.10447260737419128,-0.4137459695339203,-0.031186460025097062,0.052450358867645264,-0.2039303183555603,-0.00547303815507405,0.05078178644180298,-0.2912595868110657,-0.012805058128620317,0.05296748876571655,-0.3437555581331253,-0.02966821610131376,0.054216086864471436,-0.3872712254524231,-0.043816857479001214,0.02217605710029602,-0.18655788898468018,-0.009616315803910425,0.0063397884368896484,-0.24835559725761414,-0.021518199212337663,-0.0021776556968688965,-0.2922876179218292,-0.03122822052934282,-0.0058161914348602295,-0.33201874792575836,-0.03905673368969076,hello
0.0,0.0,0.0,0.054537057876586914,0.0173453688621521,-0.018740412286902597,0.10956200957298279,-0.003901183605194092,-0.02313730909624212,0.15303713083267212,-0.017658531665802002,-0.02608743726410978,0.1862148940563202,-0.01832115650177002,-0.030295009232546022,0.10842496156692505,-0.1726853847503662,-0.0024580973865937494,0.13086476922035217,-0.25755617022514343,-0.0038836742485415243,0.13980790972709656,-0.30906999111175537,-0.010845403626049688,0.14670583605766296,-0.3567034900188446,-0.018983606688166788,0.08217877149581909,-0.20098906755447388,-0.002981034779409697,0.09284156560897827,-0.30696243047714233,-0.002927189200605085,0.10117244720458984,-0.36535152792930603,-0.017205073005939653,0.10447260737419128,-0.4137459695339203,-0.031186460025097062,0.052450358867645264,-0.2039303183555603,-0.00547303815507405,0.05078178644180298,-0.2912595868110657,-0.012805058128620317,0.05296748876571655,-0.3437555581331253,-0.02966821610131376,0.054216086864471436,-0.3872712254524231,-0.043816857479001214,0.02217605710029602,-0.18655788898468018,-0.009616315803910425,0.0063397884368896484,-0.24835559725761414,-0.021518199212337663,-0.0021776556968688965,-0.2922876179218292,-0.03122822052934282,-0.0058161914348602295,-0.33201874792575836,-0.03905673368969076,hello
0.0,0.0,0.0,0.05740812420845032,0.016528069972991943,-0.013332953928966162,0.1152309775352478,-0.00809478759765625,-0.014579943633634684,0.15796107053756714,-0.022516727447509766,-0.015423356807787059,0.18965917825698853,-0.02282649278640747,-0.017698707311410544,0.11371472477912903,-0.179853618144989,0.000930518299810501,0.13753420114517212,-0.26433396339416504,-0.0005694714104720333,0.145931214094162,-0.3150635361671448,-0.008310150607485411,0.1525040864944458,-0.36195459961891174,-0.017212962984103797,0.08713638782501221,-0.20760908722877502,-0.002855349118817685,0.09808975458145142,-0.31538283824920654,-0.003160154233682988,0.10608768463134766,-0.3762226551771164,-0.018647924317974685,0.10925948619842529,-0.4268500506877899,-0.03407628859486067,0.05672922730445862,-0.20859140157699585,-0.008210663936097262,0.055289387702941895,-0.29844701290130615,-0.01595701488759005,0.05821734666824341,-0.3554336577653885,-0.033971354617733596,0.06035563349723816,-0.40306326746940613,-0.04955453823413336,0.025530755519866943,-0.18923208117485046,-0.014761192976493476,0.008992671966552734,-0.25478994846343994,-0.027780527501363395,-0.00012600421905517578,-0.30344200134277344,-0.038413141175169585,-0.0035826265811920166,-0.34762485325336456,-0.047275301321406005,hello
0.0,0.0,0.0,0.05740812420845032,0.016528069972991943,-0.013332953928966162,0.1152309775352478,-0.00809478759765625,-0.014579943633634684,0.15796107053756714,-0.022516727447509766,-0.015423356807787059,0.18965917825698853,-0.02282649278640747,-0.017698707311410544,0.11371472477912903,-0.179853618144989,0.000930518299810501,0.13753420114517212,-0.26433396339416504,-0.0005694714104720333,0.145931214094162,-0.3150635361671448,-0.008310150607485411,0.1525040864944458,-0.36195459961891174,-0.017212962984103797,0.08713638782501221,-0.20760908722877502,-0.002855349118817685,0.09808975458145142,-0.31538283824920654,-0.003160154233682988,0.10608768463134766,-0.3762226551771164,-0.018647924317974685,0.10925948619842529,-0.4268500506877899,-0.03407628859486067,0.05672922730445862,-0.20859140157699585,-0.008210663936097262,0.055289387702941895,-0.29844701290130615,-0.01595701488759005,0.05821734666824341,-0.3554336577653885,-0.033971354617733596,0.06035563349723816,-0.40306326746940613,-0.04955453823413336,0.025530755519866943,-0.18923208117485046,-0.014761192976493476,0.008992671966552734,-0.25478994846343994,-0.027780527501363395,-0.00012600421905517578,-0.30344200134277344,-0.038413141175169585,-0.0035826265811920166,-0.34762485325336456,-0.047275301321406005,hello
0.0,0.0,0.0,0.05678480863571167,0.017667412757873535,-0.012975457038251648,0.11664086580276489,-0.008785903453826904,-0.013190279628602752,0.15940675139427185,-0.024586379528045654,-0.013159400697318802,0.1909434199333191,-0.024472057819366455,-0.014564748767284641,0.11585211753845215,-0.17838039994239807,0.002082454359637609,0.13868838548660278,-0.2640831172466278,0.0009465714963283745,0.14774274826049805,-0.315468966960907,-0.006156450051335582,0.15493988990783691,-0.3623317927122116,-0.014708080242840538,0.08896228671073914,-0.20873332023620605,-0.0021453545498530957,0.10100775957107544,-0.31604450941085815,-0.0023919531679581496,0.10951268672943115,-0.37562739849090576,-0.017497035588590393,0.11324861645698547,-0.4250580370426178,-0.032379849727718124,0.058416128158569336,-0.21173697710037231,-0.00810822649624754,0.058255404233932495,-0.3004688322544098,-0.016946676101056823,0.06174078583717346,-0.35658392310142517,-0.03563900935229469,0.06457367539405823,-0.4038151800632477,-0.05134995179948021,0.027093440294265747,-0.19354715943336487,-0.01522120731648613,0.01057770848274231,-0.2555171251296997,-0.029218136246768722,0.0010415315628051758,-0.3029964566230774,-0.04066395285305191,-0.0025883913040161133,-0.3469298630952835,-0.05005181479033638,hello
0.0,0.0,0.0,0.05558496713638306,0.021812140941619873,-0.014429394422052155,0.11338937282562256,-0.0011675357818603516,-0.01556583613711382,0.15654435753822327,-0.015047073364257812,-0.015444946741638432,0.18816089630126953,-0.01316845417022705,-0.01667541571515585,0.11228281259536743,-0.1634858250617981,-0.001153723486652325,0.1357419788837433,-0.24888938665390015,-0.0012441975166552766,0.14490392804145813,-0.3010008931159973,-0.006595066083548318,0.1520850956439972,-0.3468480557203293,-0.013607898993370782,0.08523491024971008,-0.19395214319229126,-0.0025427176486232383,0.0974867045879364,-0.29898613691329956,-0.0015783252063670261,0.10523968935012817,-0.356160432100296,-0.014674662878690015,0.10892069339752197,-0.4019702970981598,-0.02788599700289751,0.05466523766517639,-0.19895368814468384,-0.005303584771183978,0.054588496685028076,-0.2844794988632202,-0.012692905297456036,0.05735185742378235,-0.33798082172870636,-0.02953639187472845,0.060348331928253174,-0.3811503052711487,-0.0437030841465571,0.02369445562362671,-0.18440711498260498,-0.009119740022299538,0.008500367403030396,-0.24527472257614136,-0.02125242099720026,1.940131187438965e-05,-0.2897084951400757,-0.031199428519187222,-0.002588897943496704,-0.32918165624141693,-0.039298371678171407,hello
0.0,0.0,0.0,0.05558496713638306,0.021812140941619873,-0.014429394422052155,0.11338937282562256,-0.0011675357818603516,-0.01556583613711382,0.15654435753822327,-0.015047073364257812,-0.015444946741638432,0.18816089630126953,-0.01316845417022705,-0.01667541571515585,0.11228281259536743,-0.1634858250617981,-0.001153723486652325,0.1357419788837433,-0.24888938665390015,-0.0012441975166552766,0.14490392804145813,-0.3010008931159973,-0.006595066083548318,0.1520850956439972,-0.3468480557203293,-0.013607898993370782,0.08523491024971008,-0.19395214319229126,-0.0025427176486232383,0.0974867045879364,-0.29898613691329956,-0.0015783252063670261,0.10523968935012817,-0.356160432100296,-0.014674662878690015,0.10892069339752197,-0.4019702970981598,-0.02788599700289751,0.05466523766517639,-0.19895368814468384,-0.005303584771183978,0.054588496685028076,-0.2844794988632202,-0.012692905297456036,0.05735185742378235,-0.33798082172870636,-0.02953639187472845,0.060348331928253174,-0.3811503052711487,-0.0437030841465571,0.02369445562362671,-0.18440711498260498,-0.009119740022299538,0.008500367403030396,-0.24527472257614136,-0.02125242099720026,1.940131187438965e-05,-0.2897084951400757,-0.031199428519187222,-0.002588897943496704,-0.32918165624141693,-0.039298371678171407,hello
0.0,0.0,0.0,0.0594746470451355,0.022185444831848145,-0.013018320313747722,0.11923128366470337,-0.0021448135375976562,-0.013221452943142253,0.16254019737243652,-0.014408588409423828,-0.013200744985695678,0.19604089856147766,-0.015424907207489014,-0.014632459729071456,0.11988583207130432,-0.17127162218093872,0.004849735648278397,0.14348596334457397,-0.2549053430557251,0.005808130838815373,0.15328091382980347,-0.3062478005886078,0.0005328392734753606,0.16118541359901428,-0.3512773811817169,-0.006545538081880409,0.09374746680259705,-0.2024509608745575,0.0011587755297313151,0.1053529679775238,-0.30699774622917175,0.003362156451586884,0.11487555503845215,-0.36436083912849426,-0.010253136045392353,0.11934462189674377,-0.4104937016963959,-0.0241597685954531,0.06377044320106506,-0.20604094862937927,-0.004423801320697862,0.06161999702453613,-0.2930189073085785,-0.0125631513065656,0.06317973136901855,-0.3464675843715668,-0.030699940397497016,0.0649225115776062,-0.39037150144577026,-0.04581381194209655,0.03320297598838806,-0.18953806161880493,-0.01112306211059888,0.015931755304336548,-0.2504761815071106,-0.025311557575221855,0.004870772361755371,-0.29619765281677246,-0.03639304079031547,0.00021010637283325195,-0.3377951979637146,-0.04529145173644622,hello
0.0,0.0,0.0,0.06016746163368225,0.019979417324066162,-0.014699180509609278,0.12087297439575195,-0.0055468082427978516,-0.015361606973868902,0.164348304271698,-0.019796013832092285,-0.015476692367059286,0.1976294219493866,-0.01937735080718994,-0.016732856530410345,0.11966168880462646,-0.17423084378242493,0.004105264421838228,0.14228123426437378,-0.25914764404296875,0.004826598901587431,0.15126919746398926,-0.31013843417167664,-0.0008336961192014769,0.15954694151878357,-0.3548753410577774,-0.00829720487044483,0.09235024452209473,-0.20437943935394287,0.0013309954510134503,0.10373541712760925,-0.3067665696144104,0.0030003291166451618,0.11298543214797974,-0.36283499002456665,-0.010804699632984693,0.11759892106056213,-0.4075009226799011,-0.02466022213147312,0.06169229745864868,-0.20675873756408691,-0.0035016314514848546,0.05927395820617676,-0.2902021110057831,-0.010901591639679964,0.06161317229270935,-0.3432736098766327,-0.028732631254655416,0.06403270363807678,-0.38680994510650635,-0.04357191351400047,0.030781984329223633,-0.18901017308235168,-0.009705019082588251,0.014568746089935303,-0.2520001530647278,-0.022650549087387617,0.004861623048782349,-0.2993403673171997,-0.033373849365574415,0.0012860298156738281,-0.3418520539999008,-0.04201631051645904,hello
0.0,0.0,0.0,0.06016746163368225,0.019979417324066162,-0.014699180509609278,0.12087297439575195,-0.0055468082427978516,-0.015361606973868902,0.164348304271698,-0.019796013832092285,-0.015476692367059286,0.1976294219493866,-0.01937735080718994,-0.016732856530410345,0.11966168880462646,-0.17423084378242493,0.004105264421838228,0.14228123426437378,-0.25914764404296875,0.004826598901587431,0.15126919746398926,-0.31013843417167664,-0.0008336961192014769,0.15954694151878357,-0.3548753410577774,-0.00829720487044483,0.09235024452209473,-0.20437943935394287,0.0013309954510134503,0.10373541712760925,-0.3067665696144104,0.0030003291166451618,0.11298543214797974,-0.36283499002456665,-0.010804699632984693,0.11759892106056213,-0.4075009226799011,-0.02466022213147312,0.06169229745864868,-0.20675873756408691,-0.0035016314514848546,0.05927395820617676,-0.2902021110057831,-0.010901591639679964,0.06161317229270935,-0.3432736098766327,-0.028732631254655416,0.06403270363807678,-0.38680994510650635,-0.04357191351400047,0.030781984329223633,-0.18901017308235168,-0.009705019082588251,0.014568746089935303,-0.2520001530647278,-0.022650549087387617,0.004861623048782349,-0.2993403673171997,-0.033373849365574415,0.0012860298156738281,-0.3418520539999008,-0.04201631051645904,hello
0.0,0.0,0.0,0.057568103075027466,0.018023192882537842,-0.013419547736340576,0.11713534593582153,-0.005517125129699707,-0.014035942651027256,0.16109493374824524,-0.019295215606689453,-0.014497364557975345,0.19339492917060852,-0.01845473051071167,-0.016422542430156284,0.11726456880569458,-0.175581693649292,0.004771558881110138,0.14008501172065735,-0.2590145468711853,0.004499815717643685,0.1493465006351471,-0.310083270072937,-0.002934497235038691,0.15710151195526123,-0.35755231976509094,-0.011936234928363376,0.09067124128341675,-0.2054879069328308,0.0009487339633764691,0.10191798210144043,-0.31275439262390137,0.001456448655879683,0.11015328764915466,-0.3723149746656418,-0.014356663137370163,0.1136707067489624,-0.4217146635055542,-0.02995736772536617,0.06042134761810303,-0.2092108428478241,-0.004720967415416055,0.059629082679748535,-0.29995256662368774,-0.01214173497974258,0.062421202659606934,-0.35586176812648773,-0.030354519061440044,0.06452226638793945,-0.4023802876472473,-0.0459775614213882,0.02907833456993103,-0.19224977493286133,-0.011757071748071724,0.012970030307769775,-0.258709579706192,-0.024459824584120327,0.0043423473834991455,-0.30651775002479553,-0.035236107803577,0.0015132427215576172,-0.34999287128448486,-0.04418755943297725,hello
0.0,0.0,0.0,0.05778059363365173,0.022278189659118652,-0.014260053755990043,0.11380636692047119,0.0013347864151000977,-0.015781544270268455,0.15602505207061768,-0.011665165424346924,-0.016379861282459274,0.18899410963058472,-0.008745074272155762,-0.01835329283987619,0.11264374852180481,-0.16279032826423645,0.0025944212635096164,0.13560864329338074,-0.24579018354415894,0.004457655241438374,0.14487722516059875,-0.29655081033706665,0.00015715660499893147,0.15249472856521606,-0.3405712693929672,-0.0062605888864908366,0.0860944390296936,-0.19139796495437622,0.0011982166857507082,0.09711062908172607,-0.2922808825969696,0.003906987951793894,0.10540995001792908,-0.34796544909477234,-0.009242278645089641,0.10986986756324768,-0.39242416620254517,-0.022607911499491706,0.05596667528152466,-0.1949639618396759,-0.001604308961233869,0.054867446422576904,-0.2773222327232361,-0.007741422979435697,0.0579889714717865,-0.32998865842819214,-0.024470772715559974,0.060761064291000366,-0.3716621994972229,-0.03851744172190763,0.02556133270263672,-0.1797230839729309,-0.005494369315258041,0.01103946566581726,-0.23977601528167725,-0.016396498428932205,0.0026755928993225098,-0.28340256214141846,-0.025369996326318756,-0.0006412863731384277,-0.32183922827243805,-0.032677773507586494,hello
0.0,0.0,0.0,0.05778059363365173,0.022278189659118652,-0.014260053755990043,0.11380636692047119,0.0013347864151000977,-0.015781544270268455,0.15602505207061768,-0.011665165424346924,-0.016379861282459274,0.18899410963058472,-0.008745074272155762,-0.01835329283987619,0.11264374852180481,-0.16279032826423645,0.0025944212635096164,0.13560864329338074,-0.24579018354415894,0.004457655241438374,0.14487722516059875,-0.29655081033706665,0.00015715660499893147,0.15249472856521606,-0.3405712693929672,-0.0062605888864908366,0.0860944390296936,-0.19139796495437622,0.0011982166857507082,0.09711062908172607,-0.2922808825969696,0.003906987951793894,0.10540995001792908,-0.34796544909477234,-0.009242278645089641,0.10986986756324768,-0.39242416620254517,-0.022607911499491706,0.05596667528152466,-0.1949639618396759,-0.001604308961233869,0.054867446422576904,-0.2773222327232361,-0.007741422979435697,0.0579889714717865,-0.32998865842819214,-0.024470772715559974,0.060761064291000366,-0.3716621994972229,-0.03851744172190763,0.02556133270263672,-0.1797230839729309,-0.005494369315258041,0.01103946566581726,-0.23977601528167725,-0.016396498428932205,0.0026755928993225098,-0.28340256214141846,-0.025369996326318756,-0.0006412863731384277,-0.32183922827243805,-0.032677773507586494,hello
0.0,0.0,0.0,0.0585174560546875,0.020517468452453613,-0.011583166131089229,0.1189374327659607,-0.006832540035247803,-0.011016376250694293,0.16237443685531616,-0.02215033769607544,-0.01010026124239971,0.1938582956790924,-0.02027839422225952,-0.010788964041779536,0.1190011203289032,-0.17447900772094727,0.00315073604761551,0.14202657341957092,-0.25863397121429443,0.004170243228514892,0.15108650922775269,-0.3101198077201843,-0.001326710851202506,0.15917715430259705,-0.3558270186185837,-0.008741028541038531,0.09227049350738525,-0.2049783170223236,-0.0007034456862982097,0.10421830415725708,-0.3152291178703308,0.0019389575540174064,0.11405017971992493,-0.37557318806648254,-0.011725942538390655,0.119007408618927,-0.4247594475746155,-0.026287144915471572,0.06289643049240112,-0.20915740728378296,-0.005984946088204879,0.05970445275306702,-0.3031783699989319,-0.012655151010761756,0.06199997663497925,-0.35844798386096954,-0.03061749872685482,0.06347423791885376,-0.4040461480617523,-0.04625770536185314,0.03333011269569397,-0.19369342923164368,-0.01226905913026144,0.015599548816680908,-0.26328301429748535,-0.025058734164844054,0.004958510398864746,-0.31110474467277527,-0.03581919607640316,0.0005133152008056641,-0.35429999232292175,-0.04491377335907032,hello
0.0,0.0,0.0,0.05771568417549133,0.023684561252593994,-0.009928067491834724,0.11701875925064087,-0.0024896860122680664,-0.008697150552158917,0.1602075695991516,-0.018203318119049072,-0.007440303729360664,0.19195589423179626,-0.017002761363983154,-0.00796148488063153,0.11579766869544983,-0.1678278148174286,0.0039805972040838355,0.13963231444358826,-0.2520105242729187,0.005158249943072235,0.1493680477142334,-0.3030525743961334,0.00013843286377124286,0.15730208158493042,-0.34730350971221924,-0.006916498111074532,0.08977523446083069,-0.1976197063922882,-0.00018050229174804144,0.1008160412311554,-0.3030155897140503,0.002032410076374447,0.1090736985206604,-0.3610583394765854,-0.011737194189315403,0.11344185471534729,-0.4071155786514282,-0.02599393883485135,0.06019410490989685,-0.20130246877670288,-0.005461712644880379,0.05861389636993408,-0.28969889879226685,-0.012103908041005695,0.06131333112716675,-0.3453034311532974,-0.029681687520330513,0.06382805109024048,-0.3897886872291565,-0.04495707461375531,0.029720664024353027,-0.18558821082115173,-0.011506460884099567,0.012692630290985107,-0.24791312217712402,-0.023567020238822067,0.0029802918434143066,-0.29397445917129517,-0.03368950569767293,-0.0011610090732574463,-0.33430780470371246,-0.042243684919064606,hello
0.0,0.0,0.0,0.05771568417549133,0.023684561252593994,-0.009928067491834724,0.11701875925064087,-0.0024896860122680664,-0.008697150552158917,0.1602075695991516,-0.018203318119049072,-0.007440303729360664,0.19195589423179626,-0.017002761363983154,-0.00796148488063153,0.11579766869544983,-0.1678278148174286,0.0039805972040838355,0.13963231444358826,-0.2520105242729187,0.005158249943072235,0.1493680477142334,-0.3030525743961334,0.00013843286377124286,0.15730208158493042,-0.34730350971221924,-0.006916498111074532,0.08977523446083069,-0.1976197063922882,-0.00018050229174804144,0.1008160412311554,-0.3030155897140503,0.002032410076374447,0.1090736985206604,-0.3610583394765854,-0.011737194189315403,0.11344185471534729,-0.4071155786514282,-0.02599393883485135,0.06019410490989685,-0.20130246877670288,-0.005461712644880379,0.05861389636993408,-0.28969889879226685,-0.012103908041005695,0.06131333112716675,-0.3453034311532974,-0.029681687520330513,0.06382805109024048,-0.3897886872291565,-0.04495707461375531,0.029720664024353027,-0.18558821082115173,-0.011506460884099567,0.012692630290985107,-0.24791312217712402,-0.023567020238822067,0.0029802918434143066,-0.29397445917129517,-0.03368950569767293,-0.0011610090732574463,-0.33430780470371246,-0.042243684919064606,hello
0.0,0.0,0.0,0.05771568417549133,0.023684561252593994,-0.009928067491834724,0.11701875925064087,-0.0024896860122680664,-0.008697150552158917,0.1602075695991516,-0.018203318119049072,-0.007440303729360664,0.19195589423179626,-0.017002761363983154,-0.00796148488063153,0.11579766869544983,-0.1678278148174286,0.0039805972040838355,0.13963231444358826,-0.2520105242729187,0.005158249943072235,0.1493680477142334,-0.3030525743961334,0.00013843286377124286,0.15730208158493042,-0.34730350971221924,-0.006916498111074532,0.08977523446083069,-0.1976197063922882,-0.00018050229174804144,0.1008160412311554,-0.3030155897140503,0.002032410076374447,0.1090736985206604,-0.3610583394765854,-0.011737194189315403,0.11344185471534729,-0.4071155786514282,-0.02599393883485135,0.06019410490989685,-0.20130246877670288,-0.005461712644880379,0.05861389636993408,-0.28969889879226685,-0.012103908041005695,0.06131333112716675,-0.3453034311532974,-0.029681687520330513,0.06382805109024048,-0.3897886872291565,-0.04495707461375531,0.029720664024353027,-0.18558821082115173,-0.011506460884099567,0.012692630290985107,-0.24791312217712402,-0.023567020238822067,0.0029802918434143066,-0.29397445917129517,-0.03368950569767293,-0.0011610090732574463,-0.33430780470371246,-0.042243684919064606,hello
0.0,0.0,0.0,0.05951511859893799,0.02543795108795166,-0.01622439418899546,0.11775249242782593,0.006410717964172363,-0.01881184858250151,0.1611883044242859,-0.003470003604888916,-0.020224540130968194,0.195383220911026,-0.004575073719024658,-0.02308828626739512,0.11703768372535706,-0.15618622303009033,-0.00040203718565123836,0.14034691452980042,-0.2413092851638794,0.0007947231784584119,0.14970913529396057,-0.2948416471481323,-0.003664708565722208,0.1579740345478058,-0.3392435312271118,-0.010452804723556142,0.08930391073226929,-0.18377971649169922,-0.0016376554125798748,0.10097098350524902,-0.28440219163894653,-0.0003758381794085608,0.10879924893379211,-0.3412129282951355,-0.013955397167976002,0.11296993494033813,-0.3843590021133423,-0.02759107817875872,0.057750314474105835,-0.18762904405593872,-0.004436520961846213,0.05955037474632263,-0.27256274223327637,-0.012068746248061757,0.06313756108283997,-0.3272382467985153,-0.028571379007573228,0.06660571694374084,-0.3692671060562134,-0.042454489143366914,0.02595210075378418,-0.17332199215888977,-0.008488758103723626,0.013508737087249756,-0.23307836055755615,-0.021276744650478463,0.0060701072216033936,-0.27822136878967285,-0.030784292714471917,0.0038303136825561523,-0.3173832446336746,-0.03837149274515639,hello
0.0,0.0,0.0,0.05951511859893799,0.02543795108795166,-0.01622439418899546,0.11775249242782593,0.006410717964172363,-0.01881184858250151,0.1611883044242859,-0.003470003604888916,-0.020224540130968194,0.195383220911026,-0.004575073719024658,-0.02308828626739512,0.11703768372535706,-0.15618622303009033,-0.00040203718565123836,0.14034691452980042,-0.2413092851638794,0.0007947231784584119,0.14970913529396057,-0.2948416471481323,-0.003664708565722208,0.1579740345478058,-0.3392435312271118,-0.010452804723556142,0.08930391073226929,-0.18377971649169922,-0.0016376554125798748,0.10097098350524902,-0.28440219163894653,-0.0003758381794085608,0.10879924893379211,-0.3412129282951355,-0.013955397167976002,0.11296993494033813,-0.3843590021133423,-0.02759107817875872,0.057750314474105835,-0.18762904405593872,-0.004436520961846213,0.05955037474632263,-0.27256274223327637,-0.012068746248061757,0.06313756108283997,-0.3272382467985153,-0.028571379007573228,0.06660571694374084,-0.3692671060562134,-0.042454489143366914,0.02595210075378418,-0.17332199215888977,-0.008488758103723626,0.013508737087249756,-0.23307836055755615,-0.021276744650478463,0.0060701072216033936,-0.27822136878967285,-0.030784292714471917,0.0038303136825561523,-0.3173832446336746,-0.03837149274515639,hello
0.0,0.0,0.0,0.06048133969306946,0.024666547775268555,-0.013514813895298516,0.12044844031333923,0.0018011927604675293,-0.014406707997395074,0.16454651951789856,-0.011411488056182861,-0.014607096950484788,0.19846493005752563,-0.00840461254119873,-0.01631136603928951,0.1211346983909607,-0.16641566157341003,0.0025708112651869897,0.1449546217918396,-0.24803775548934937,0.0028030169913932923,0.15438497066497803,-0.2995767891407013,-0.0034764303573950883,0.1629561185836792,-0.343734472990036,-0.011131496096922433,0.09492775797843933,-0.19642287492752075,-0.0001287932110329848,0.10651013255119324,-0.30333411693573,0.0014244461916774753,0.11673450469970703,-0.3623267263174057,-0.01374103494264034,0.12265750765800476,-0.4094427525997162,-0.02908130169190315,0.06481856107711792,-0.19985449314117432,-0.004256433735562837,0.060625046491622925,-0.29218676686286926,-0.011978801268114125,0.06026482582092285,-0.34303371608257294,-0.0304470806596413,0.05994689464569092,-0.3827987313270569,-0.045767018499745404,0.0344809889793396,-0.18459075689315796,-0.009418481889142072,0.017718881368637085,-0.25113245844841003,-0.02201646000422386,0.007195562124252319,-0.294636607170105,-0.0321331861642733,0.002635180950164795,-0.33299897611141205,-0.04036716923393158,hello
0.0,0.0,0.0,0.05230334401130676,0.007700920104980469,-0.02099074958172764,0.10725858807563782,-0.017549216747283936,-0.02604860602227177,0.15095114707946777,-0.033005475997924805,-0.029403077199134486,0.18321186304092407,-0.037219464778900146,-0.03371624065843548,0.1003924310207367,-0.18632328510284424,-0.006970336421403545,0.12006744742393494,-0.26925399899482727,-0.011629600769850867,0.13005757331848145,-0.3200771063566208,-0.021005807205114024,0.13884460926055908,-0.3672723174095154,-0.030725050478253024,0.07443946599960327,-0.21127837896347046,-0.007153514067653077,0.08265015482902527,-0.3137761354446411,-0.01007259333786692,0.0903061032295227,-0.3726867735385895,-0.025398136808547633,0.09441432356834412,-0.4236276149749756,-0.0400120147904488,0.04534319043159485,-0.20980790257453918,-0.009517006336722034,0.04339590668678284,-0.29776108264923096,-0.01879413960782017,0.04585251212120056,-0.3506587743759155,-0.035292194916877406,0.046837568283081055,-0.3940885066986084,-0.04877010150161709,0.015459775924682617,-0.18760249018669128,-0.013779928668412822,0.0018028318881988525,-0.25537070631980896,-0.026727519690069812,-0.005048573017120361,-0.30087047815322876,-0.03604912547675099,-0.008228659629821777,-0.34173575043678284,-0.04319517476764645,hello
0.0,0.0,0.0,0.05230334401130676,0.007700920104980469,-0.02099074958172764,0.10725858807563782,-0.017549216747283936,-0.02604860602227177,0.15095114707946777,-0.033005475997924805,-0.029403077199134486,0.18321186304092407,-0.037219464778900146,-0.03371624065843548,0.1003924310207367,-0.18632328510284424,-0.006970336421403545,0.12006744742393494,-0.26925399899482727,-0.011629600769850867,0.13005757331848145,-0.3200771063566208,-0.021005807205114024,0.13884460926055908,-0.3672723174095154,-0.030725050478253024,0.07443946599960327,-0.21127837896347046,-0.007153514067653077,0.08265015482902527,-0.3137761354446411,-0.01007259333786692,0.0903061032295227,-0.3726867735385895,-0.025398136808547633,0.09441432356834412,-0.4236276149749756,-0.0400120147904488,0.04534319043159485,-0.20980790257453918,-0.009517006336722034,0.04339590668678284,-0.29776108264923096,-0.01879413960782017,0.04585251212120056,-0.3506587743759155,-0.035292194916877406,0.046837568283081055,-0.3940885066986084,-0.04877010150161709,0.015459775924682617,-0.18760249018669128,-0.013779928668412822,0.0018028318881988525,-0.25537070631980896,-0.026727519690069812,-0.005048573017120361,-0.30087047815322876,-0.03604912547675099,-0.008228659629821777,-0.34173575043678284,-0.04319517476764645,hello
0.0,0.0,0.0,0.059271037578582764,0.0011352300643920898,-0.0166252642427267,0.11722186207771301,-0.029575705528259277,-0.024508283988076585,0.16080793738365173,-0.037208497524261475,-0.03267920348091735,0.19344639778137207,-0.03027641773223877,-0.04274133178635253,0.11187991499900818,-0.1862371861934662,-0.015036101036209004,0.13170987367630005,-0.28154629468917847,-0.030637323439556496,0.13946828246116638,-0.33647917211055756,-0.046593252152639764,0.14494863152503967,-0.38492006063461304,-0.05895408946319236,0.08515581488609314,-0.21177074313163757,-0.02050734642191543,0.09735256433486938,-0.3212941288948059,-0.033343530774551766,0.10514518618583679,-0.38630785048007965,-0.05166055965467109,0.10840395092964172,-0.44158467650413513,-0.06701726424737586,0.0534420907497406,-0.2126522660255432,-0.027820717126566308,0.05171290040016174,-0.31717777252197266,-0.043409753174024956,0.056044965982437134,-0.38194170594215393,-0.05994494590206756,0.05765432119369507,-0.43492192029953003,-0.07285677599950446,0.01910439133644104,-0.19622519612312317,-0.03647695440097465,0.0018180310726165771,-0.28514042496681213,-0.0520996521715702,-0.004617780447006226,-0.34199322760105133,-0.060230079621511834,-0.0092429518699646,-0.3896557092666626,-0.06636440712257041,hello
0.0,0.0,0.0,0.05884024500846863,0.012177765369415283,-0.01577597288556376,0.11878892779350281,-0.014493465423583984,-0.017817616370990663,0.1622016429901123,-0.024461567401885986,-0.019184417930915743,0.1929728090763092,-0.026244819164276123,-0.021886469704583078,0.11008566617965698,-0.16547536849975586,-0.004857852031960874,0.1335982382297516,-0.2492373287677765,-0.010613954534306913,0.14617756009101868,-0.2961973249912262,-0.019764577878191858,0.15853887796401978,-0.33687540888786316,-0.028705269006565004,0.08708754181861877,-0.19606783986091614,-0.007512276900484949,0.10033494234085083,-0.295607328414917,-0.011367622671201616,0.11322823166847229,-0.3496562987565994,-0.026445999649837404,0.12306967377662659,-0.3944740891456604,-0.04057640200622359,0.06008028984069824,-0.20042437314987183,-0.012088649814501196,0.06041055917739868,-0.28976860642433167,-0.02097919760413447,0.06711253523826599,-0.34168867766857147,-0.037872821000888734,0.07181921601295471,-0.3830084502696991,-0.0519763826406745,0.03092777729034424,-0.18511152267456055,-0.018167359662726312,0.016595929861068726,-0.25638774037361145,-0.030272530300095468,0.01017904281616211,-0.3030267059803009,-0.03942288449175635,0.0073764026165008545,-0.3426559418439865,-0.046914745030477434,hello
0.0,0.0,0.0,0.05884024500846863,0.012177765369415283,-0.01577597288556376,0.11878892779350281,-0.014493465423583984,-0.017817616370990663,0.1622016429901123,-0.024461567401885986,-0.019184417930915743,0.1929728090763092,-0.026244819164276123,-0.021886469704583078,0.11008566617965698,-0.16547536849975586,-0.004857852031960874,0.1335982382297516,-0.2492373287677765,-0.010613954534306913,0.14617756009101868,-0.2961973249912262,-0.019764577878191858,0.15853887796401978,-0.33687540888786316,-0.028705269006565004,0.08708754181861877,-0.19606783986091614,-0.007512276900484949,0.10033494234085083,-0.295607328414917,-0.011367622671201616,0.11322823166847229,-0.3496562987565994,-0.026445999649837404,0.12306967377662659,-0.3944740891456604,-0.04057640200622359,0.06008028984069824,-0.20042437314987183,-0.012088649814501196,0.06041055917739868,-0.28976860642433167,-0.02097919760413447,0.06711253523826599,-0.34168867766857147,-0.037872821000888734,0.07181921601295471,-0.3830084502696991,-0.0519763826406745,0.03092777729034424,-0.18511152267456055,-0.018167359662726312,0.016595929861068726,-0.25638774037361145,-0.030272530300095468,0.01017904281616211,-0.3030267059803009,-0.03942288449175635,0.0073764026165008545,-0.3426559418439865,-0.046914745030477434,hello
0.0,0.0,0.0,0.05456927418708801,0.011087238788604736,-0.019170810651047532,0.1103295087814331,-0.01686948537826538,-0.023260205235345666,0.15468555688858032,-0.037697553634643555,-0.025746344771249596,0.18766728043556213,-0.04745626449584961,-0.029651091616614167,0.10066106915473938,-0.17913061380386353,-0.007051386587335173,0.12200042605400085,-0.2629244327545166,-0.01114245336131603,0.13251036405563354,-0.3145468384027481,-0.019902699809534852,0.14171937108039856,-0.36281396448612213,-0.029040697213275735,0.07587790489196777,-0.20738857984542847,-0.007145527932806317,0.08540341258049011,-0.3125443458557129,-0.009200621578855817,0.09375497698783875,-0.37186403572559357,-0.02403231635318548,0.09821915626525879,-0.4226706027984619,-0.03838156275079996,0.047913581132888794,-0.2102896273136139,-0.00906421728060991,0.04662042856216431,-0.3002469539642334,-0.01657713502274305,0.049270957708358765,-0.3527977764606476,-0.033133075755102936,0.050252437591552734,-0.3965745270252228,-0.04709178320692331,0.018963098526000977,-0.19301190972328186,-0.012654582221074406,0.004317820072174072,-0.25905269384384155,-0.023985524844391648,-0.002295762300491333,-0.30314910411834717,-0.03326725326107294,-0.005841046571731567,-0.3432157635688782,-0.04071516655014307,hello
0.0,0.0,0.0,0.05919384956359863,0.0219423770904541,-0.013475675115813601,0.12208729982376099,0.006442546844482422,-0.016977876404752124,0.16834938526153564,0.00309598445892334,-0.020355423892368663,0.20324763655662537,0.005547046661376953,-0.026069585213889468,0.12060168385505676,-0.15050750970840454,-0.00929460113727032,0.14615699648857117,-0.2399580478668213,-0.01592331005119263,0.1587754786014557,-0.2881596088409424,-0.025086361894835818,0.1720651090145111,-0.32932016253471375,-0.034305654446114886,0.0982903242111206,-0.18014216423034668,-0.014579751508762229,0.11328741908073425,-0.2925191819667816,-0.020861677805413592,0.12802153825759888,-0.34960371255874634,-0.03818797318123757,0.1395825445652008,-0.39797329902648926,-0.05445887891434609,0.07054150104522705,-0.186783105134964,-0.02100467679881035,0.07140597701072693,-0.2872234582901001,-0.03421953691028534,0.0789908766746521,-0.343403697013855,-0.053544979522456515,0.08499407768249512,-0.3890947103500366,-0.0693417228557962,0.04030001163482666,-0.17598077654838562,-0.028242463225950587,0.025401204824447632,-0.25035375356674194,-0.04449937118076264,0.01774027943611145,-0.30162155628204346,-0.05536737291001259,0.014349639415740967,-0.3463459014892578,-0.06425807250522553,hello
0.0,0.0,0.0,0.04837191104888916,0.012429356575012207,-0.021588273445189543,0.10374915599822998,-0.007783353328704834,-0.03281567255598361,0.14577341079711914,-0.008205235004425049,-0.043055471131623335,0.1794435977935791,-0.005663394927978516,-0.055495865741789885,0.09901708364486694,-0.14695656299591064,-0.023219946870625563,0.12316396832466125,-0.22255146503448486,-0.04183916384917552,0.1390075981616974,-0.27507853507995605,-0.05910642082434947,0.15058404207229614,-0.31892745196819305,-0.07199588427883441,0.07415729761123657,-0.17594146728515625,-0.02672877545100505,0.09205079078674316,-0.26999640464782715,-0.04276329661351497,0.10775414109230042,-0.33294767141342163,-0.06085079173189456,0.11646553874015808,-0.383014440536499,-0.07495364556652362,0.0439167320728302,-0.18125680088996887,-0.03221047679525668,0.052773475646972656,-0.2739441990852356,-0.04932217309814746,0.06239289045333862,-0.33239369094371796,-0.06042074049454982,0.06879386305809021,-0.3746097981929779,-0.06858844319921786,0.010809391736984253,-0.16930201649665833,-0.03954588259202296,0.000991135835647583,-0.24416279792785645,-0.05742698545199687,-0.0014815330505371094,-0.2967052459716797,-0.06285313526731784,-0.0017679929733276367,-0.33831357955932617,-0.0656700358782416,hello
0.0,0.0,0.0,0.04837191104888916,0.012429356575012207,-0.021588273445189543,0.10374915599822998,-0.007783353328704834,-0.03281567255598361,0.14577341079711914,-0.008205235004425049,-0.043055471131623335,0.1794435977935791,-0.005663394927978516,-0.055495865741789885,0.09901708364486694,-0.14695656299591064,-0.023219946870625563,0.12316396832466125,-0.22255146503448486,-0.04183916384917552,0.1390075981616974,-0.27507853507995605,-0.05910642082434947,0.15058404207229614,-0.31892745196819305,-0.07199588427883441,0.07415729761123657,-0.17594146728515625,-0.02672877545100505,0.09205079078674316,-0.26999640464782715,-0.04276329661351497,0.10775414109230042,-0.33294767141342163,-0.06085079173189456,0.11646553874015808,-0.383014440536499,-0.07495364556652362,0.0439167320728302,-0.18125680088996887,-0.03221047679525668,0.052773475646972656,-0.2739441990852356,-0.04932217309814746,0.06239289045333862,-0.33239369094371796,-0.06042074049454982,0.06879386305809021,-0.3746097981929779,-0.06858844319921786,0.010809391736984253,-0.16930201649665833,-0.03954588259202296,0.000991135835647583,-0.24416279792785645,-0.05742698545199687,-0.0014815330505371094,-0.2967052459716797,-0.06285313526731784,-0.0017679929733276367,-0.33831357955932617,-0.0656700358782416,hello
0.0,0.0,0.0,0.05534392595291138,0.00579303503036499,-0.01885044497180388,0.10814255475997925,-0.014246940612792969,-0.026472565873746134,0.15184271335601807,-0.014354169368743896,-0.033396975293044306,0.18089359998703003,-0.017403841018676758,-0.041939721598510005,0.10579341650009155,-0.16736555099487305,-0.01267327849495814,0.1283649206161499,-0.2509821057319641,-0.024736064641956546,0.13652777671813965,-0.30209869146347046,-0.039147169484976985,0.14353948831558228,-0.34360915422439575,-0.050711971863393046,0.07866483926773071,-0.18972158432006836,-0.014856270670179583,0.09118348360061646,-0.2903684973716736,-0.02362780381668017,0.09947192668914795,-0.35049670934677124,-0.04130479057062075,0.10483571887016296,-0.3960008919239044,-0.05734440793025897,0.04888594150543213,-0.18840938806533813,-0.018874318494681575,0.04796469211578369,-0.281724214553833,-0.02898676615882323,0.05157393217086792,-0.33851659297943115,-0.042731893404607035,0.0534936785697937,-0.37895476818084717,-0.054918629273061015,0.017427563667297363,-0.16963815689086914,-0.02483581860292361,0.002263873815536499,-0.24301141500473022,-0.03546005968678401,-0.004008561372756958,-0.2901095747947693,-0.0405957560681145,-0.006621271371841431,-0.32655076682567596,-0.04539275650608943,hello
0.0,0.0,0.0,0.05634984374046326,0.03015279769897461,-0.01327264155528951,0.11838775873184204,0.022065818309783936,-0.017284280017832998,0.1629510521888733,0.02277958393096924,-0.020584358231047872,0.19656360149383545,0.02882683277130127,-0.025860518545727018,0.11756494641304016,-0.11839979887008667,-0.005832867559860233,0.14718464016914368,-0.19169723987579346,-0.011739303686539415,0.16337192058563232,-0.246283620595932,-0.02021677452407289,0.17663154006004333,-0.29089391231536865,-0.028264975503901724,0.09656703472137451,-0.15322232246398926,-0.008701111518661264,0.11947861313819885,-0.2390124499797821,-0.015092357390443567,0.13700208067893982,-0.30114835500717163,-0.031102430404047254,0.1494901180267334,-0.35360366106033325,-0.04482969115755964,0.06946408748626709,-0.17088931798934937,-0.012266244136611704,0.08257275819778442,-0.25826627016067505,-0.021567751050810102,0.09653645753860474,-0.3206580877304077,-0.032828199074486974,0.1072365939617157,-0.36588796973228455,-0.04266451518319059,0.03841507434844971,-0.1724047064781189,-0.016842600286821607,0.03179126977920532,-0.2432410717010498,-0.027337352142552618,0.03255680203437805,-0.2980600595474243,-0.03104377757094312,0.0366019606590271,-0.34091517329216003,-0.033943662748555425,hello
0.0,0.0,0.0,0.05634984374046326,0.03015279769897461,-0.01327264155528951,0.11838775873184204,0.022065818309783936,-0.017284280017832998,0.1629510521888733,0.02277958393096924,-0.020584358231047872,0.19656360149383545,0.02882683277130127,-0.025860518545727018,0.11756494641304016,-0.11839979887008667,-0.005832867559860233,0.14718464016914368,-0.19169723987579346,-0.011739303686539415,0.16337192058563232,-0.246283620595932,-0.02021677452407289,0.17663154006004333,-0.29089391231536865,-0.028264975503901724,0.09656703472137451,-0.15322232246398926,-0.008701111518661264,0.11947861313819885,-0.2390124499797821,-0.015092357390443567,0.13700208067893982,-0.30114835500717163,-0.031102430404047254,0.1494901180267334,-0.35360366106033325,-0.04482969115755964,0.06946408748626709,-0.17088931798934937,-0.012266244136611704,0.08257275819778442,-0.25826627016067505,-0.021567751050810102,0.09653645753860474,-0.3206580877304077,-0.032828199074486974,0.1072365939617157,-0.36588796973228455,-0.04266451518319059,0.03841507434844971,-0.1724047064781189,-0.016842600286821607,0.03179126977920532,-0.2432410717010498,-0.027337352142552618,0.03255680203437805,-0.2980600595474243,-0.03104377757094312,0.0366019606590271,-0.34091517329216003,-0.033943662748555425,hello
0.0,0.0,0.0,0.05834206938743591,0.01991826295852661,-0.010072768607933824,0.11823606491088867,0.005822658538818359,-0.013555925281544035,0.16408467292785645,0.004746377468109131,-0.01738615887035877,0.19788962602615356,0.011428594589233398,-0.02324156457354576,0.12696543335914612,-0.15127968788146973,-0.0036276634203389335,0.1519237756729126,-0.2442079484462738,-0.006419662793923919,0.16441407799720764,-0.2946731448173523,-0.012745527492661779,0.17807230353355408,-0.3377293050289154,-0.02030646981467754,0.10342299938201904,-0.17681455612182617,-0.009424912685354059,0.12230673432350159,-0.2969484329223633,-0.009752752201457326,0.13628992438316345,-0.35591691732406616,-0.0218319650160268,0.14859738945960999,-0.4033941924571991,-0.03486488194932491,0.0748557448387146,-0.18378838896751404,-0.01626015821268112,0.07731452584266663,-0.2932555675506592,-0.023695275129576032,0.0830141007900238,-0.3474350571632385,-0.03793799685110599,0.08853685855865479,-0.38727661967277527,-0.050679566280741994,0.04414457082748413,-0.1744491159915924,-0.023952176736493414,0.03255769610404968,-0.25875866413116455,-0.03535691829194576,0.026758819818496704,-0.30793696641921997,-0.042772559391160314,0.025562375783920288,-0.34619927406311035,-0.04924865992536098,hello
0.0,0.0,0.0,0.061169207096099854,0.024276316165924072,-0.012133638505792632,0.12067350745201111,0.010699093341827393,-0.014211707879757896,0.16631004214286804,0.0080491304397583,-0.016217191834902778,0.2001570761203766,0.011942028999328613,-0.019933951218581214,0.1285596787929535,-0.1494724154472351,-0.003886880484378352,0.15480726957321167,-0.23712694644927979,-0.008126317654705062,0.16540130972862244,-0.28735998272895813,-0.015454395805454268,0.1772112250328064,-0.3324195146560669,-0.02313922638163568,0.10599261522293091,-0.17619246244430542,-0.007628360894477382,0.12170812487602234,-0.2954384982585907,-0.009534723256683364,0.1357482671737671,-0.35676145553588867,-0.022284337450718894,0.14654630422592163,-0.4080475866794586,-0.03537512118086816,0.07757732272148132,-0.18279370665550232,-0.012839607094383254,0.07843980193138123,-0.2914155423641205,-0.020948729609107986,0.08623498678207397,-0.3444274067878723,-0.03523118341431619,0.09222269058227539,-0.38641300797462463,-0.04761491263375284,0.04706582427024841,-0.1723218560218811,-0.01923997806475164,0.03278094530105591,-0.2566453814506531,-0.031073742677426353,0.028036892414093018,-0.306307852268219,-0.0392674795733452,0.027203112840652466,-0.3467634916305542,-0.045971232597684875,hello
0.0,0.0,0.0,0.061169207096099854,0.024276316165924072,-0.012133638505792632,0.12067350745201111,0.010699093341827393,-0.014211707879757896,0.16631004214286804,0.0080491304397583,-0.016217191834902778,0.2001570761203766,0.011942028999328613,-0.019933951218581214,0.1285596787929535,-0.1494724154472351,-0.003886880484378352,0.15480726957321167,-0.23712694644927979,-0.008126317654705062,0.16540130972862244,-0.28735998272895813,-0.015454395805454268,0.1772112250328064,-0.3324195146560669,-0.02313922638163568,0.10599261522293091,-0.17619246244430542,-0.007628360894477382,0.12170812487602234,-0.2954384982585907,-0.009534723256683364,0.1357482671737671,-0.35676145553588867,-0.022284337450718894,0.14654630422592163,-0.4080475866794586,-0.03537512118086816,0.07757732272148132,-0.18279370665550232,-0.012839607094383254,0.07843980193138123,-0.2914155423641205,-0.020948729609107986,0.08623498678207397,-0.3444274067878723,-0.03523118341431619,0.09222269058227539,-0.38641300797462463,-0.04761491263375284,0.04706582427024841,-0.1723218560218811,-0.01923997806475164,0.03278094530105591,-0.2566453814506531,-0.031073742677426353,0.028036892414093018,-0.306307852268219,-0.0392674795733452,0.027203112840652466,-0.3467634916305542,-0.045971232597684875,hello
0.0,0.0,0.0,0.0588306188583374,0.01941704750061035,-0.012918819570238327,0.11528050899505615,0.005176067352294922,-0.015491282464260792,0.15994033217430115,0.00030171871185302734,-0.01756079298376534,0.1929987072944641,-0.0003692507743835449,-0.02090512578308079,0.12392345070838928,-0.16335660219192505,-0.004395586801017259,0.14997726678848267,-0.25168412923812866,-0.00673242648064587,0.16124176979064941,-0.3036231994628906,-0.012890297816390728,0.17213761806488037,-0.34992367029190063,-0.019768183947796558,0.10012933611869812,-0.18952026963233948,-0.007528453030879234,0.11699971556663513,-0.30492687225341797,-0.007517386590386366,0.1307610273361206,-0.3670056164264679,-0.01952226822196934,0.1395803689956665,-0.41898292303085327,-0.03219340358793232,0.07116451859474182,-0.19362974166870117,-0.011944376760418152,0.06963390111923218,-0.29513680934906006,-0.019064051927323078,0.0765376091003418,-0.3489495813846588,-0.03395871062695477,0.08102297782897949,-0.3924199640750885,-0.046611599521035885,0.04092228412628174,-0.18078204989433289,-0.017484338850970005,0.028725415468215942,-0.25939059257507324,-0.02857889224707577,0.022900551557540894,-0.30428236722946167,-0.036654654787177776,0.019758909940719604,-0.34213733673095703,-0.043106533483857845,hello
0.0,0.0,0.0,0.060283929109573364,0.02452188730239868,-0.012053330610815038,0.1188497543334961,0.0069277286529541016,-0.01271833311331605,0.1626054048538208,0.0012966394424438477,-0.013255641977611532,0.1956098973751068,0.003410160541534424,-0.015195296327892294,0.12382376194000244,-0.15475064516067505,-0.0015694578833240769,0.14861366152763367,-0.2411266565322876,-0.004732872075710048,0.16082701086997986,-0.2909938395023346,-0.012018089364591589,0.17318037152290344,-0.3359474539756775,-0.019892910677317133,0.09998396039009094,-0.18301987648010254,-0.005264608837041607,0.11408558487892151,-0.29428374767303467,-0.006336809783551445,0.1279398798942566,-0.3517513871192932,-0.01950120012772416,0.13726484775543213,-0.3994140028953552,-0.03289575520468091,0.07069927453994751,-0.18746644258499146,-0.010466763000312795,0.06863093376159668,-0.2850242257118225,-0.01911026257586812,0.07347559928894043,-0.33412691950798035,-0.03444451856923436,0.07712647318840027,-0.37374821305274963,-0.047201752844575395,0.040104568004608154,-0.1721263825893402,-0.01678227837694024,0.026640474796295166,-0.24432075023651123,-0.029458355340484133,0.019349336624145508,-0.2885696291923523,-0.038161263051751604,0.016519218683242798,-0.3260897099971771,-0.04510540160847043,hello
0.0,0.0,0.0,0.060283929109573364,0.02452188730239868,-0.012053330610815038,0.1188497543334961,0.0069277286529541016,-0.01271833311331605,0.1626054048538208,0.0012966394424438477,-0.013255641977611532,0.1956098973751068,0.003410160541534424,-0.015195296327892294,0.12382376194000244,-0.15475064516067505,-0.0015694578833240769,0.14861366152763367,-0.2411266565322876,-0.004732872075710048,0.16082701086997986,-0.2909938395023346,-0.012018089364591589,0.17318037152290344,-0.3359474539756775,-0.019892910677317133,0.09998396039009094,-0.18301987648010254,-0.005264608837041607,0.11408558487892151,-0.29428374767303467,-0.006336809783551445,0.1279398798942566,-0.3517513871192932,-0.01950120012772416,0.13726484775543213,-0.3994140028953552,-0.03289575520468091,0.07069927453994751,-0.18746644258499146,-0.010466763000312795,0.06863093376159668,-0.2850242257118225,-0.01911026257586812,0.07347559928894043,-0.33412691950798035,-0.03444451856923436,0.07712647318840027,-0.37374821305274963,-0.047201752844575395,0.040104568004608154,-0.1721263825893402,-0.01678227837694024,0.026640474796295166,-0.24432075023651123,-0.029458355340484133,0.019349336624145508,-0.2885696291923523,-0.038161263051751604,0.016519218683242798,-0.3260897099971771,-0.04510540160847043,hello
0.0,0.0,0.0,0.05760139226913452,0.01716238260269165,-0.014643696983407395,0.11619657278060913,-0.0008192658424377441,-0.018591866743813412,0.1613585352897644,-0.007546663284301758,-0.02211529287422742,0.19476503133773804,-0.003062009811401367,-0.02715362879360761,0.12206611037254333,-0.1668298840522766,-0.008367860605071442,0.14621281623840332,-0.2543575167655945,-0.014551819217453854,0.15680062770843506,-0.3071975111961365,-0.023905289274702923,0.16645920276641846,-0.3556939959526062,-0.03309607776726331,0.09711366891860962,-0.19699490070343018,-0.012664458629737751,0.11322832107543945,-0.3139711618423462,-0.016010069203625577,0.12515968084335327,-0.37666043639183044,-0.03049915182317342,0.13251149654388428,-0.4302935004234314,-0.045000149783740895,0.06769388914108276,-0.2020583152770996,-0.01842130991543378,0.06771126389503479,-0.3050447106361389,-0.028248182413230793,0.07228577136993408,-0.3606318533420563,-0.04479997503484334,0.07528135180473328,-0.40773600339889526,-0.05895526605571355,0.03688037395477295,-0.18732410669326782,-0.025451150638113873,0.0212060809135437,-0.2625538110733032,-0.0383271974595889,0.012568652629852295,-0.30848562717437744,-0.04711666974152173,0.007997840642929077,-0.3482177257537842,-0.05454091998661603,hello
0.0,0.0,0.0,0.05663523077964783,0.008994221687316895,-0.011133747311180997,0.11153459548950195,-0.012444138526916504,-0.015615561181551385,0.15527120232582092,-0.019923686981201172,-0.02023839219087975,0.18773606419563293,-0.016090095043182373,-0.02676414339417832,0.11615368723869324,-0.1696532964706421,-0.009211681919044423,0.1391335129737854,-0.26177674531936646,-0.017035853253549504,0.15037551522254944,-0.3209124803543091,-0.02700523300642388,0.161063551902771,-0.37243175506591797,-0.03654741881961243,0.09208944439888,-0.19845646619796753,-0.014462342621630597,0.10513654351234436,-0.3220463991165161,-0.019660435752815175,0.11508330702781677,-0.38966307044029236,-0.033328000591939855,0.12196379899978638,-0.4432540237903595,-0.04663747935170548,0.06146150827407837,-0.20388704538345337,-0.020719619603699613,0.061929017305374146,-0.3198213279247284,-0.030592100830620694,0.06708812713623047,-0.3817414343357086,-0.04561147479886429,0.06996840238571167,-0.4295744299888611,-0.05840516103977578,0.029340267181396484,-0.18911579251289368,-0.027881389619654584,0.014152854681015015,-0.2683127820491791,-0.040297195451206136,0.007923215627670288,-0.3141161799430847,-0.04891138537401574,0.004349499940872192,-0.3524801433086395,-0.055780846761411595,hello
0.0,0.0,0.0,0.05663523077964783,0.008994221687316895,-0.011133747311180997,0.11153459548950195,-0.012444138526916504,-0.015615561181551385,0.15527120232582092,-0.019923686981201172,-0.02023839219087975,0.18773606419563293,-0.016090095043182373,-0.02676414339417832,0.11615368723869324,-0.1696532964706421,-0.009211681919044423,0.1391335129737854,-0.26177674531936646,-0.017035853253549504,0.15037551522254944,-0.3209124803543091,-0.02700523300642388,0.161063551902771,-0.37243175506591797,-0.03654741881961243,0.09208944439888,-0.19845646619796753,-0.014462342621630597,0.10513654351234436,-0.3220463991165161,-0.019660435752815175,0.11508330702781677,-0.38966307044029236,-0.033328000591939855,0.12196379899978638,-0.4432540237903595,-0.04663747935170548,0.06146150827407837,-0.20388704538345337,-0.020719619603699613,0.061929017305374146,-0.3198213279247284,-0.030592100830620694,0.06708812713623047,-0.3817414343357086,-0.04561147479886429,0.06996840238571167,-0.4295744299888611,-0.05840516103977578,0.029340267181396484,-0.18911579251289368,-0.027881389619654584,0.014152854681015015,-0.2683127820491791,-0.040297195451206136,0.007923215627670288,-0.3141161799430847,-0.04891138537401574,0.004349499940872192,-0.3524801433086395,-0.055780846761411595,hello
0.0,0.0,0.0,0.059050142765045166,0.009070932865142822,-0.010663106100821551,0.11666357517242432,-0.013279438018798828,-0.014098650770449694,0.16126054525375366,-0.021574437618255615,-0.018142960960233268,0.19386756420135498,-0.015578508377075195,-0.024011272931659278,0.12060198187828064,-0.1789405643939972,-0.005574285047316607,0.14447447657585144,-0.26699239015579224,-0.013388084242308196,0.15494093298912048,-0.32173779606819153,-0.02383928186651474,0.16479894518852234,-0.3724524974822998,-0.03371446020361191,0.09640699625015259,-0.20916956663131714,-0.012201431201958712,0.11106210947036743,-0.3312615752220154,-0.017104759806954917,0.12095743417739868,-0.39718639850616455,-0.031355457375013884,0.12652769684791565,-0.4532661437988281,-0.044978355983460006,0.06624996662139893,-0.21358129382133484,-0.02026540226694351,0.06468522548675537,-0.32739025354385376,-0.0307160075699926,0.06918272376060486,-0.39256933331489563,-0.04754802025314575,0.07202237844467163,-0.4468753933906555,-0.06177076883074051,0.03484019637107849,-0.196954607963562,-0.029328718776071128,0.015516221523284912,-0.2774384617805481,-0.042933145532572325,0.0067961812019348145,-0.3269605040550232,-0.052777608851158675,0.0023437142372131348,-0.3702583909034729,-0.06075315363165146,hello
0.0,0.0,0.0,0.05693426728248596,0.010629892349243164,-0.012038614698825612,0.114236980676651,-0.008537828922271729,-0.016397164301155343,0.15991652011871338,-0.014689981937408447,-0.020883410335658326,0.193843811750412,-0.008248686790466309,-0.027342899800418152,0.12012889981269836,-0.17748278379440308,-0.008080329843936696,0.14527857303619385,-0.2642328143119812,-0.015161796570895447,0.15552297234535217,-0.3187810778617859,-0.025467851297138466,0.16391253471374512,-0.3682616949081421,-0.03548719278085066,0.09510764479637146,-0.20412510633468628,-0.013843769305525555,0.10845774412155151,-0.3290197253227234,-0.01798708653557135,0.11736536026000977,-0.3961118459701538,-0.03269883161890341,0.12237167358398438,-0.4518919885158539,-0.04751447504865958,0.06456542015075684,-0.2073538601398468,-0.020873607234237923,0.06381362676620483,-0.3231501281261444,-0.030197759256838097,0.06898292899131775,-0.3878408372402191,-0.04698891109335257,0.07288441061973572,-0.4407922029495239,-0.062037623585341706,0.03308519721031189,-0.19109851121902466,-0.02899746327209307,0.016196399927139282,-0.2711217999458313,-0.0420718669008,0.009045064449310303,-0.3194833993911743,-0.05197173273670508,0.0063619911670684814,-0.36163681745529175,-0.06047028964865042,hello
0.0,0.0,0.0,0.05693426728248596,0.010629892349243164,-0.012038614698825612,0.114236980676651,-0.008537828922271729,-0.016397164301155343,0.15991652011871338,-0.014689981937408447,-0.020883410335658326,0.193843811750412,-0.008248686790466309,-0.027342899800418152,0.12012889981269836,-0.17748278379440308,-0.008080329843936696,0.14527857303619385,-0.2642328143119812,-0.015161796570895447,0.15552297234535217,-0.3187810778617859,-0.025467851297138466,0.16391253471374512,-0.3682616949081421,-0.03548719278085066,0.09510764479637146,-0.20412510633468628,-0.013843769305525555,0.10845774412155151,-0.3290197253227234,-0.01798708653557135,0.11736536026000977,-0.3961118459701538,-0.03269883161890341,0.12237167358398438,-0.4518919885158539,-0.04751447504865958,0.06456542015075684,-0.2073538601398468,-0.020873607234237923,0.06381362676620483,-0.3231501281261444,-0.030197759256838097,0.06898292899131775,-0.3878408372402191,-0.04698891109335257,0.07288441061973572,-0.4407922029495239,-0.062037623585341706,0.03308519721031189,-0.19109851121902466,-0.02899746327209307,0.016196399927139282,-0.2711217999458313,-0.0420718669008,0.009045064449310303,-0.3194833993911743,-0.05197173273670508,0.0063619911670684814,-0.36163681745529175,-0.06047028964865042,hello
0.0,0.0,0.0,0.05922222137451172,0.013372719287872314,-0.01193413417844269,0.11657896637916565,-0.004688441753387451,-0.015769032762033675,0.16161426901817322,-0.009778141975402832,-0.019689334557039473,0.19517946243286133,-0.0028437376022338867,-0.025384929031712744,0.12187057733535767,-0.17354655265808105,-0.006276664324683878,0.14696410298347473,-0.26097407937049866,-0.01333703473268244,0.157402902841568,-0.3172939419746399,-0.023950802162868712,0.16630136966705322,-0.3673153519630432,-0.03417729213891718,0.09657040238380432,-0.20071366429328918,-0.011916793883425925,0.11143559217453003,-0.32145339250564575,-0.016467334703190062,0.12050259113311768,-0.38844770193099976,-0.031968344003541205,0.12668892741203308,-0.44350171089172363,-0.04728549718914721,0.06581616401672363,-0.20506533980369568,-0.018847571686489317,0.06660151481628418,-0.3143201172351837,-0.029314184561950896,0.07145705819129944,-0.3774361312389374,-0.046373683959824774,0.07485371828079224,-0.4287703037261963,-0.06119507178722117,0.033751487731933594,-0.18885156512260437,-0.026782004163248274,0.017535537481307983,-0.2655305862426758,-0.040099821985347006,0.009372115135192871,-0.3111535906791687,-0.04931847378669474,0.005251795053482056,-0.35109519958496094,-0.05721662193594668,hello
0.0,0.0,0.0,0.05794599652290344,0.008001923561096191,-0.011680262251575257,0.11631336808204651,-0.014853239059448242,-0.015930134891350534,0.1621713936328888,-0.02021050453186035,-0.02053418019302633,0.19537264108657837,-0.011033058166503906,-0.026864042593915727,0.121005117893219,-0.1805896759033203,-0.006867688703168895,0.14621558785438538,-0.26969513297080994,-0.015050647868593003,0.15744152665138245,-0.3257370889186859,-0.026137638925392892,0.1671954095363617,-0.37527328729629517,-0.03657214166112688,0.09531661868095398,-0.20871707797050476,-0.012752941897888448,0.11129710078239441,-0.32933640480041504,-0.01816567973681238,0.12099805474281311,-0.3950187563896179,-0.03308160425611284,0.12730306386947632,-0.44930508732795715,-0.04740637735911157,0.06467878818511963,-0.2118348777294159,-0.020067591308434274,0.06729856133460999,-0.32361727952957153,-0.030813185586412217,0.07381999492645264,-0.39131203293800354,-0.048423508270461824,0.07826036214828491,-0.44711416959762573,-0.0634529759127691,0.03348255157470703,-0.1935805380344391,-0.028341220780093934,0.01711598038673401,-0.27236419916152954,-0.041537651880462434,0.009031683206558228,-0.32221075892448425,-0.05151879237480905,0.004904687404632568,-0.3658154010772705,-0.05993094862886217,hello
0.0,0.0,0.0,0.05794599652290344,0.008001923561096191,-0.011680262251575257,0.11631336808204651,-0.014853239059448242,-0.015930134891350534,0.1621713936328888,-0.02021050453186035,-0.02053418019302633,0.19537264108657837,-0.011033058166503906,-0.026864042593915727,0.121005117893219,-0.1805896759033203,-0.006867688703168895,0.14621558785438538,-0.26969513297080994,-0.015050647868593003,0.15744152665138245,-0.3257370889186859,-0.026137638925392892,0.1671954095363617,-0.37527328729629517,-0.03657214166112688,0.09531661868095398,-0.20871707797050476,-0.012752941897888448,0.11129710078239441,-0.32933640480041504,-0.01816567973681238,0.12099805474281311,-0.3950187563896179,-0.03308160425611284,0.12730306386947632,-0.44930508732795715,-0.04740637735911157,0.06467878818511963,-0.2118348777294159,-0.020067591308434274,0.06729856133460999,-0.32361727952957153,-0.030813185586412217,0.07381999492645264,-0.39131203293800354,-0.048423508270461824,0.07826036214828491,-0.44711416959762573,-0.0634529759127691,0.03348255157470703,-0.1935805380344391,-0.028341220780093934,0.01711598038673401,-0.27236419916152954,-0.041537651880462434,0.009031683206558228,-0.32221075892448425,-0.05151879237480905,0.004904687404632568,-0.3658154010772705,-0.05993094862886217,hello
0.0,0.0,0.0,0.056841641664505005,0.004998981952667236,-0.012709290061561518,0.11225545406341553,-0.01473778486251831,-0.018122384597031527,0.15780240297317505,-0.019486427307128906,-0.023775533114044123,0.19242385029792786,-0.014228641986846924,-0.031043965641824656,0.11803793907165527,-0.185087651014328,-0.007712271802542858,0.1426771879196167,-0.2739601731300354,-0.015618029322890692,0.15345895290374756,-0.3300376832485199,-0.026516177032558375,0.16287460923194885,-0.37962986528873444,-0.036927372489540033,0.0926406979560852,-0.2116260528564453,-0.01355798756000226,0.10820081830024719,-0.3345866799354553,-0.01822047149059003,0.11785075068473816,-0.40124499797821045,-0.0328741933148784,0.12394329905509949,-0.4561989903450012,-0.047418803248969965,0.06167188286781311,-0.21310260891914368,-0.020978685740796976,0.06308186054229736,-0.32766276597976685,-0.03102617924329465,0.06861743330955505,-0.3948392868041992,-0.048564594511358194,0.07262665033340454,-0.4500575363636017,-0.06393755627092546,0.030562788248062134,-0.19357562065124512,-0.029533418167797976,0.012878090143203735,-0.2714715301990509,-0.042739682171909266,0.005116969347000122,-0.3207072615623474,-0.0533110390346927,0.0014564096927642822,-0.36435437202453613,-0.06234731924947923,hello
0.0,0.0,0.0,0.0569244921207428,0.011849284172058105,-0.01506583795596761,0.11416196823120117,-0.005851447582244873,-0.020445877990619366,0.1597220003604889,-0.01017141342163086,-0.025274440950648014,0.19342952966690063,-0.0021401047706604004,-0.03165072791923684,0.11974179744720459,-0.1763993501663208,-0.008995652503267948,0.14532598853111267,-0.2629328668117523,-0.01635268174757165,0.155359148979187,-0.3169521987438202,-0.02723660909284753,0.16395539045333862,-0.36607789993286133,-0.03773216374863786,0.09405595064163208,-0.20332863926887512,-0.013092012449101631,0.10866636037826538,-0.32134920358657837,-0.017733756757275287,0.11708492040634155,-0.3861422538757324,-0.03289631598343057,0.12277767062187195,-0.4404938817024231,-0.047929985753194515,0.06341031193733215,-0.2067987024784088,-0.018813822722927753,0.06492787599563599,-0.31469690799713135,-0.02863787703861398,0.06977346539497375,-0.3776659667491913,-0.045763774148122494,0.07372349500656128,-0.4299185276031494,-0.060836090079442684,0.03211402893066406,-0.19055429100990295,-0.025879029489056293,0.017008721828460693,-0.2672969400882721,-0.03891023465146226,0.009817123413085938,-0.31338226795196533,-0.0488670974289338,0.007118314504623413,-0.3534853458404541,-0.05737753056635064,hello
0.0,0.0,0.0,0.0569244921207428,0.011849284172058105,-0.01506583795596761,0.11416196823120117,-0.005851447582244873,-0.020445877990619366,0.1597220003604889,-0.01017141342163086,-0.025274440950648014,0.19342952966690063,-0.0021401047706604004,-0.03165072791923684,0.11974179744720459,-0.1763993501663208,-0.008995652503267948,0.14532598853111267,-0.2629328668117523,-0.01635268174757165,0.155359148979187,-0.3169521987438202,-0.02723660909284753,0.16395539045333862,-0.36607789993286133,-0.03773216374863786,0.09405595064163208,-0.20332863926887512,-0.013092012449101631,0.10866636037826538,-0.32134920358657837,-0.017733756757275287,0.11708492040634155,-0.3861422538757324,-0.03289631598343057,0.12277767062187195,-0.4404938817024231,-0.047929985753194515,0.06341031193733215,-0.2067987024784088,-0.018813822722927753,0.06492787599563599,-0.31469690799713135,-0.02863787703861398,0.06977346539497375,-0.3776659667491913,-0.045763774148122494,0.07372349500656128,-0.4299185276031494,-0.060836090079442684,0.03211402893066406,-0.19055429100990295,-0.025879029489056293,0.017008721828460693,-0.2672969400882721,-0.03891023465146226,0.009817123413085938,-0.31338226795196533,-0.0488670974289338,0.007118314504623413,-0.3534853458404541,-0.05737753056635064,hello
0.0,0.0,0.0,0.05648571252822876,0.008546292781829834,-0.01293939825677981,0.11169537901878357,-0.012951076030731201,-0.018218784672857424,0.15512007474899292,-0.01743757724761963,-0.02397329833889117,0.18906933069229126,-0.011131465435028076,-0.031238519666434428,0.11728304624557495,-0.17926007509231567,-0.006933241696746251,0.14136213064193726,-0.26962143182754517,-0.015132200052679678,0.15225598216056824,-0.32539308071136475,-0.025815120977998873,0.16230502724647522,-0.37443774938583374,-0.035882578311206004,0.09193772077560425,-0.2063387632369995,-0.012428444890023371,0.10792660713195801,-0.32827669382095337,-0.018360779700518748,0.11798372864723206,-0.3958146870136261,-0.0325532677450191,0.12398666143417358,-0.4499140977859497,-0.04596804928565135,0.060659587383270264,-0.20874947309494019,-0.019668658343793055,0.0642082691192627,-0.32386794686317444,-0.03134801339888682,0.06837362051010132,-0.38936468958854675,-0.04784932461166491,0.0711737871170044,-0.44131019711494446,-0.06136662986660113,0.0288335382938385,-0.19028648734092712,-0.027989682821274897,0.013108164072036743,-0.2726377844810486,-0.04227218878054728,0.005459994077682495,-0.3236500024795532,-0.05252418023133387,0.0017215609550476074,-0.36600804328918457,-0.06055657666707148,hello
0.0,0.0,0.0,0.057580024003982544,0.008766531944274902,-0.01296809928598286,0.11592161655426025,-0.011245131492614746,-0.017493211274169695,0.1625380516052246,-0.01638549566268921,-0.02201953956963898,0.19657158851623535,-0.008901357650756836,-0.028325468843005908,0.12260857224464417,-0.1820823848247528,-0.008186941576324713,0.1475362479686737,-0.26985806226730347,-0.01579448634865166,0.15830719470977783,-0.32276323437690735,-0.02665494250240208,0.16735988855361938,-0.3709028363227844,-0.036995448713325274,0.09715276956558228,-0.20767831802368164,-0.013337693718396437,0.11161264777183533,-0.32906612753868103,-0.017946355586074603,0.12061145901679993,-0.39413729310035706,-0.03292043561222435,0.12704044580459595,-0.44992876052856445,-0.04792755151274086,0.06722500920295715,-0.21004465222358704,-0.019920796697162402,0.06827139854431152,-0.3210311233997345,-0.029546127264522326,0.07368892431259155,-0.3863268792629242,-0.04695325398924233,0.07780402898788452,-0.44138264656066895,-0.06246632019164444,0.03638914227485657,-0.19308915734291077,-0.027667141129397166,0.019098520278930664,-0.272341787815094,-0.04018117169024826,0.010931044816970825,-0.3213043808937073,-0.050031006877444995,0.007042109966278076,-0.36465775966644287,-0.05872909033777596,hello
0.0,0.0,0.0,0.057580024003982544,0.008766531944274902,-0.01296809928598286,0.11592161655426025,-0.011245131492614746,-0.017493211274169695,0.1625380516052246,-0.01638549566268921,-0.02201953956963898,0.19657158851623535,-0.008901357650756836,-0.028325468843005908,0.12260857224464417,-0.1820823848247528,-0.008186941576324713,0.1475362479686737,-0.26985806226730347,-0.01579448634865166,0.15830719470977783,-0.32276323437690735,-0.02665494250240208,0.16735988855361938,-0.3709028363227844,-0.036995448713325274,0.09715276956558228,-0.20767831802368164,-0.013337693718396437,0.11161264777183533,-0.32906612753868103,-0.017946355586074603,0.12061145901679993,-0.39413729310035706,-0.03292043561222435,0.12704044580459595,-0.44992876052856445,-0.04792755151274086,0.06722500920295715,-0.21004465222358704,-0.019920796697162402,0.06827139854431152,-0.3210311233997345,-0.029546127264522326,0.07368892431259155,-0.3863268792629242,-0.04695325398924233,0.07780402898788452,-0.44138264656066895,-0.06246632019164444,0.03638914227485657,-0.19308915734291077,-0.027667141129397166,0.019098520278930664,-0.272341787815094,-0.04018117169024826,0.010931044816970825,-0.3213043808937073,-0.050031006877444995,0.007042109966278076,-0.36465775966644287,-0.05872909033777596,hello
0.0,0.0,0.0,0.060285478830337524,0.015027463436126709,-0.012157607406408033,0.12040573358535767,-0.006856381893157959,-0.015509876936704359,0.16693422198295593,-0.014126121997833252,-0.018940902829200468,0.2012842297554016,-0.00839000940322876,-0.02429435732963725,0.12569651007652283,-0.17512249946594238,-0.007945382550389013,0.1516946256160736,-0.26507461071014404,-0.015119256034523687,0.16306999325752258,-0.31970927119255066,-0.02521136733892604,0.17290398478507996,-0.36945417523384094,-0.03516227896514579,0.10040026903152466,-0.20408493280410767,-0.013429539792269907,0.11559411883354187,-0.3279171288013458,-0.0184819712788169,0.12505093216896057,-0.39405739307403564,-0.03359768684211417,0.13108837604522705,-0.45025649666786194,-0.0487137451321189,0.07061222195625305,-0.20873552560806274,-0.020350243479043684,0.07175186276435852,-0.3251052796840668,-0.03183281193676635,0.07583147287368774,-0.39167430996894836,-0.05049434821310683,0.07842713594436646,-0.4484754502773285,-0.06658207769694968,0.040426045656204224,-0.19253626465797424,-0.02821325469020053,0.02236214280128479,-0.2726774513721466,-0.04326544101539298,0.012624472379684448,-0.3221437931060791,-0.05484310682120963,0.00733792781829834,-0.3667004108428955,-0.06461601103845283,hello
0.0,0.0,0.0,0.05912148952484131,0.012602031230926514,-0.011852228735612425,0.11587253212928772,-0.006742238998413086,-0.015945287142919096,0.1624140739440918,-0.012224137783050537,-0.020087200869844946,0.1969822645187378,-0.00517427921295166,-0.026213170682118925,0.12296578288078308,-0.17299768328666687,-0.006641024910883697,0.14844965934753418,-0.2611730992794037,-0.013017753792034181,0.15951815247535706,-0.3157966136932373,-0.023192822654770406,0.16944554448127747,-0.36414700746536255,-0.0332765930341945,0.09804552793502808,-0.19711962342262268,-0.011542754900680574,0.11214977502822876,-0.32105427980422974,-0.015978738387154134,0.12086647748947144,-0.3897668719291687,-0.03126958543531755,0.1270863115787506,-0.44603198766708374,-0.046555535589383634,0.06798133254051208,-0.20098868012428284,-0.01757854754202226,0.06972184777259827,-0.31417059898376465,-0.027379041259215864,0.07392290234565735,-0.3802805244922638,-0.04423641199343065,0.07667440176010132,-0.43356797099113464,-0.05907789776198724,0.03682085871696472,-0.18715694546699524,-0.0245572903203235,0.02105003595352173,-0.26913291215896606,-0.03720830539338449,0.013375550508499146,-0.31733769178390503,-0.04667654419414857,0.009801208972930908,-0.3582910895347595,-0.054804196302817854,hello
0.0,0.0,0.0,0.05912148952484131,0.012602031230926514,-0.011852228735612425,0.11587253212928772,-0.006742238998413086,-0.015945287142919096,0.1624140739440918,-0.012224137783050537,-0.020087200869844946,0.1969822645187378,-0.00517427921295166,-0.026213170682118925,0.12296578288078308,-0.17299768328666687,-0.006641024910883697,0.14844965934753418,-0.2611730992794037,-0.013017753792034181,0.15951815247535706,-0.3157966136932373,-0.023192822654770406,0.16944554448127747,-0.36414700746536255,-0.0332765930341945,0.09804552793502808,-0.19711962342262268,-0.011542754900680574,0.11214977502822876,-0.32105427980422974,-0.015978738387154134,0.12086647748947144,-0.3897668719291687,-0.03126958543531755,0.1270863115787506,-0.44603198766708374,-0.046555535589383634,0.06798133254051208,-0.20098868012428284,-0.01757854754202226,0.06972184777259827,-0.31417059898376465,-0.027379041259215864,0.07392290234565735,-0.3802805244922638,-0.04423641199343065,0.07667440176010132,-0.43356797099113464,-0.05907789776198724,0.03682085871696472,-0.18715694546699524,-0.0245572903203235,0.02105003595352173,-0.26913291215896606,-0.03720830539338449,0.013375550508499146,-0.31733769178390503,-0.04667654419414857,0.009801208972930908,-0.3582910895347595,-0.054804196302817854,hello
0.0,0.0,0.0,0.05661866068840027,0.01214301586151123,-0.01344886138869228,0.11487558484077454,-0.006508946418762207,-0.0171253885684699,0.16132384538650513,-0.011514544486999512,-0.020596463194319625,0.1954968273639679,-0.00453031063079834,-0.02570671584291162,0.12134385108947754,-0.17685961723327637,-0.006065574435719867,0.14763429760932922,-0.26210543513298035,-0.011024489959904571,0.15818241238594055,-0.3147464990615845,-0.020156666597554107,0.1669938862323761,-0.36341843008995056,-0.029675450137087722,0.09656649827957153,-0.20377978682518005,-0.01049061767590942,0.1110067367553711,-0.32280129194259644,-0.012859634084829707,0.12089639902114868,-0.38828641176223755,-0.02747862968427839,0.126912921667099,-0.4442893862724304,-0.0427227429656476,0.06710416078567505,-0.2078666388988495,-0.016387926375696082,0.0679868757724762,-0.3149714171886444,-0.025042226499149223,0.07328414916992188,-0.37659963965415955,-0.04236505549235048,0.07636871933937073,-0.4278835952281952,-0.058022763541170974,0.03718671202659607,-0.1920103132724762,-0.023523470347949882,0.020152539014816284,-0.26600876450538635,-0.036154177000948806,0.011540919542312622,-0.3119106888771057,-0.04630576815290155,0.007204532623291016,-0.3525184988975525,-0.055283471903035064,hello
0.0,0.0,0.0,0.05749779939651489,0.009717762470245361,-0.014096427488103913,0.11356887221336365,-0.008870959281921387,-0.019899959455207394,0.15875226259231567,-0.014009296894073486,-0.025546536560133504,0.19302117824554443,-0.007750809192657471,-0.032924524287656354,0.12007653713226318,-0.1771528124809265,-0.010766949283853577,0.14523950219154358,-0.263666033744812,-0.019171598146632718,0.15598750114440918,-0.31713783740997314,-0.030134969170168446,0.16504839062690735,-0.3653504550457001,-0.040517805854753064,0.09481242299079895,-0.20304736495018005,-0.015834343398884343,0.10950157046318054,-0.32513952255249023,-0.021741841698959874,0.11782345175743103,-0.39064210653305054,-0.0366800117892776,0.12320300936698914,-0.44575175642967224,-0.05135922763772349,0.06459444761276245,-0.2056484818458557,-0.022357185150459813,0.06594529747962952,-0.3175240159034729,-0.03303134698696475,0.07053688168525696,-0.38374724984169006,-0.04997068528361659,0.07389137148857117,-0.4390072822570801,-0.06488423679299693,0.03351670503616333,-0.1883711814880371,-0.03008778278060298,0.016895830631256104,-0.26673996448516846,-0.04308501515813212,0.008420079946517944,-0.3156987130641937,-0.05270421017237048,0.004196494817733765,-0.35874301195144653,-0.061108256469443845,hello
0.0,0.0,0.0,0.05749779939651489,0.009717762470245361,-0.014096427488103913,0.11356887221336365,-0.008870959281921387,-0.019899959455207394,0.15875226259231567,-0.014009296894073486,-0.025546536560133504,0.19302117824554443,-0.007750809192657471,-0.032924524287656354,0.12007653713226318,-0.1771528124809265,-0.010766949283853577,0.14523950219154358,-0.263666033744812,-0.019171598146632718,0.15598750114440918,-0.31713783740997314,-0.030134969170168446,0.16504839062690735,-0.3653504550457001,-0.040517805854753064,0.09481242299079895,-0.20304736495018005,-0.015834343398884343,0.10950157046318054,-0.32513952255249023,-0.021741841698959874,0.11782345175743103,-0.39064210653305054,-0.0366800117892776,0.12320300936698914,-0.44575175642967224,-0.05135922763772349,0.06459444761276245,-0.2056484818458557,-0.022357185150459813,0.06594529747962952,-0.3175240159034729,-0.03303134698696475,0.07053688168525696,-0.38374724984169006,-0.04997068528361659,0.07389137148857117,-0.4390072822570801,-0.06488423679299693,0.03351670503616333,-0.1883711814880371,-0.03008778278060298,0.016895830631256104,-0.26673996448516846,-0.04308501515813212,0.008420079946517944,-0.3156987130641937,-0.05270421017237048,0.004196494817733765,-0.35874301195144653,-0.061108256469443845,hello
0.0,0.0,0.0,0.05718106031417847,0.009294629096984863,-0.011418686961681246,0.11583012342453003,-0.015466809272766113,-0.014922912014574408,0.1611141562461853,-0.02298915386199951,-0.018780210768730043,0.19479084014892578,-0.017697930335998535,-0.02451483324721515,0.1211058497428894,-0.18119913339614868,-0.006868622979075312,0.1458420753479004,-0.27124497294425964,-0.014119438609034418,0.1575632095336914,-0.3276670575141907,-0.024372499218136667,0.16868752241134644,-0.3777092695236206,-0.03442571662917793,0.09631568193435669,-0.21028292179107666,-0.012902423521429895,0.11226668953895569,-0.33072447776794434,-0.017596807112843393,0.1228552758693695,-0.3974042236804962,-0.031967796167284845,0.12965306639671326,-0.4524800181388855,-0.04610047840133369,0.06645900011062622,-0.2138296663761139,-0.02034734912768066,0.06901907920837402,-0.3260374665260315,-0.030776999672800898,0.07460588216781616,-0.3928239941596985,-0.04835102312818229,0.07775789499282837,-0.44795361161231995,-0.06350116037383735,0.0357319712638855,-0.19659975171089172,-0.028784034555703997,0.018599867820739746,-0.2754456102848053,-0.04230287276759803,0.009140551090240479,-0.3252861499786377,-0.05286925264254272,0.0034458041191101074,-0.36867308616638184,-0.06178242318883598,hello
0.0,0.0,0.0,0.05857917666435242,0.01194155216217041,-0.008955812558064657,0.11510911583900452,-0.008536934852600098,-0.01249786979658385,0.15908411145210266,-0.010018885135650635,-0.016976670838425356,0.19232097268104553,-0.005560696125030518,-0.02339610411925097,0.12231382727622986,-0.16709643602371216,-0.0056809424529769,0.14825579524040222,-0.25593164563179016,-0.014444045267532069,0.15970510244369507,-0.3121066093444824,-0.02586943238181849,0.17013117671012878,-0.36214375495910645,-0.036175665921995837,0.09813094139099121,-0.1951281726360321,-0.012483186564872462,0.11571100354194641,-0.3144906759262085,-0.01826534933550139,0.12579533457756042,-0.38091978430747986,-0.03289066023332854,0.13257142901420593,-0.43520790338516235,-0.04680950335366507,0.06775307655334473,-0.20021101832389832,-0.020482472620437342,0.07209154963493347,-0.3126205801963806,-0.0309463492701747,0.07797783613204956,-0.3808045983314514,-0.04716477311355849,0.08178603649139404,-0.4363819658756256,-0.061007892257998186,0.03593209385871887,-0.1851087212562561,-0.02921246878011008,0.020737409591674805,-0.2687378525733948,-0.04167751363618155,0.013710588216781616,-0.32024264335632324,-0.0505386269758441,0.010167509317398071,-0.3639644384384155,-0.05794457859499236,hello
0.0,0.0,0.0,0.05857917666435242,0.01194155216217041,-0.008955812558064657,0.11510911583900452,-0.008536934852600098,-0.01249786979658385,0.15908411145210266,-0.010018885135650635,-0.016976670838425356,0.19232097268104553,-0.005560696125030518,-0.02339610411925097,0.12231382727622986,-0.16709643602371216,-0.0056809424529769,0.14825579524040222,-0.25593164563179016,-0.014444045267532069,0.15970510244369507,-0.3121066093444824,-0.02586943238181849,0.17013117671012878,-0.36214375495910645,-0.036175665921995837,0.09813094139099121,-0.1951281726360321,-0.012483186564872462,0.11571100354194641,-0.3144906759262085,-0.01826534933550139,0.12579533457756042,-0.38091978430747986,-0.03289066023332854,0.13257142901420593,-0.43520790338516235,-0.04680950335366507,0.06775307655334473,-0.20021101832389832,-0.020482472620437342,0.07209154963493347,-0.3126205801963806,-0.0309463492701747,0.07797783613204956,-0.3808045983314514,-0.04716477311355849,0.08178603649139404,-0.4363819658756256,-0.061007892257998186,0.03593209385871887,-0.1851087212562561,-0.02921246878011008,0.020737409591674805,-0.2687378525733948,-0.04167751363618155,0.013710588216781616,-0.32024264335632324,-0.0505386269758441,0.010167509317398071,-0.3639644384384155,-0.05794457859499236,hello
0.0,0.0,0.0,0.05538976192474365,0.025390207767486572,-0.01730493566357616,0.1138908863067627,0.014706313610076904,-0.02222173212432388,0.15997543931007385,0.018771469593048096,-0.02664425893091682,0.19154641032218933,0.03393566608428955,-0.03260962030255321,0.12590095400810242,-0.14477229118347168,-0.012015068143243823,0.15390944480895996,-0.22508087754249573,-0.02174715807997707,0.16677722334861755,-0.2759568989276886,-0.03291092178189281,0.17747044563293457,-0.32249706983566284,-0.042892170309658084,0.10006999969482422,-0.1795518398284912,-0.01580620667302135,0.1201920211315155,-0.29141008853912354,-0.023157612591619525,0.13260027766227722,-0.35515302419662476,-0.03875779843294147,0.14107823371887207,-0.4094387888908386,-0.05320669075810436,0.06864657998085022,-0.187509685754776,-0.02141599281095985,0.07448902726173401,-0.28880926966667175,-0.03709253779017452,0.07740697264671326,-0.34112340211868286,-0.054474924862022434,0.07910209894180298,-0.38256946206092834,-0.06738522013985637,0.03482678532600403,-0.1747734546661377,-0.028252327054376636,0.02331608533859253,-0.24393945932388306,-0.04597922897302631,0.013954877853393555,-0.2836848497390747,-0.05546786746346477,0.007592141628265381,-0.31539326906204224,-0.062201098709936176,hello
0.0,0.0,0.0,0.052417248487472534,0.024332940578460693,-0.02115875718695648,0.11059540510177612,0.020460844039916992,-0.02945946020586021,0.1585352122783661,0.025948822498321533,-0.03579050538641937,0.1921909749507904,0.032896578311920166,-0.04377128047449119,0.1275445818901062,-0.12436854839324951,-0.02130071123642452,0.16302162408828735,-0.20783546566963196,-0.032043075687713696,0.17760056257247925,-0.25814518332481384,-0.04316716504795082,0.1905461549758911,-0.3039032220840454,-0.052716507143802716,0.10316282510757446,-0.16203686594963074,-0.02321333301765449,0.12869146466255188,-0.2764825224876404,-0.03149065611464508,0.14231455326080322,-0.33655551075935364,-0.04697102544409759,0.15100416541099548,-0.38579118251800537,-0.061145341522522045,0.0731288492679596,-0.17775291204452515,-0.02661399034363754,0.08181408047676086,-0.2824627161026001,-0.041298432774372174,0.08995267748832703,-0.3412885069847107,-0.05804120985371597,0.09510821104049683,-0.38729146122932434,-0.07108333942992218,0.0401245653629303,-0.17572692036628723,-0.03152262655598648,0.030216991901397705,-0.25492942333221436,-0.04825321076018341,0.02462589740753174,-0.30533289909362793,-0.05696708572608955,0.02178400754928589,-0.34580838680267334,-0.06323677537543304,hello
0.0,0.0,0.0,0.04836353659629822,0.020080864429473877,-0.016749364138149758,0.09762832522392273,0.019895553588867188,-0.022468372062348863,0.13227349519729614,0.02601468563079834,-0.028238230199121972,0.15730160474777222,0.032090842723846436,-0.0350160960113044,0.11825323104858398,-0.12992683053016663,-0.01332267262091591,0.15306341648101807,-0.19753360748291016,-0.02536699064125969,0.1717483401298523,-0.23988187313079834,-0.03674046210994675,0.1862897276878357,-0.2769695222377777,-0.04586561657538368,0.09645184874534607,-0.16932684183120728,-0.017818118259810944,0.1286904513835907,-0.25953438878059387,-0.029337187111877938,0.1463032364845276,-0.31019771099090576,-0.04396415762653305,0.1580229103565216,-0.3529728353023529,-0.05540059767713501,0.06749960780143738,-0.18516042828559875,-0.024389975518488427,0.0839495062828064,-0.27450984716415405,-0.03987780474176361,0.09561431407928467,-0.32966838777065277,-0.055771204457187196,0.10346370935440063,-0.37499234080314636,-0.06680848337759926,0.03442734479904175,-0.18286553025245667,-0.03240300975789978,0.028819382190704346,-0.2613825798034668,-0.04875600971331551,0.027680814266204834,-0.3117847442626953,-0.05885641910185768,0.027942180633544922,-0.3540661931037903,-0.06554207094063713,hello
0.0,0.0,0.0,0.030151844024658203,-0.06484192609786987,0.0035071728349951314,0.046469539403915405,-0.13128763437271118,0.0051990471844849395,0.03903228044509888,-0.18427014350891113,0.006101472216593962,0.017254501581192017,-0.19226741790771484,0.0050960382511195945,-0.005577802658081055,-0.19593745470046997,-0.0049977838928523255,-0.0293942391872406,-0.27110910415649414,-0.012599665758264322,-0.04552739858627319,-0.311324805021286,-0.01927363415534522,-0.06005695462226868,-0.33946293592453003,-0.02385236052150752,-0.03159591555595398,-0.17771905660629272,-0.0118314512940767,-0.05818924307823181,-0.2648165225982666,-0.019439672206592817,-0.0769754946231842,-0.3174040913581848,-0.025764470075321455,-0.09302768111228943,-0.3537991940975189,-0.030684973199916143,-0.05212920904159546,-0.14868438243865967,-0.017967526887607832,-0.07619550824165344,-0.22537147998809814,-0.025065644730878134,-0.08938637375831604,-0.27050089836120605,-0.02973113869602706,-0.09886518120765686,-0.30185186862945557,-0.03280115974421527,-0.06927984952926636,-0.1106535792350769,-0.02351036955888297,-0.08851936459541321,-0.17576324939727783,-0.029985555534315367,-0.09982100129127502,-0.21370655298233032,-0.03155952421302821,-0.10854414105415344,-0.24387264251708984,-0.03208818015928294,thank_you
0.0,0.0,0.0,0.03355243802070618,-0.06910854578018188,0.0031179799918792384,0.05090925097465515,-0.1393933892250061,0.005141568392213358,0.04543071985244751,-0.19546478986740112,0.006549027770455851,0.020840764045715332,-0.20562779903411865,0.006216518602963461,0.002330094575881958,-0.2059585452079773,-0.0009984430869334204,-0.024193167686462402,-0.28279274702072144,-0.005745057460222469,-0.04099881649017334,-0.32310956716537476,-0.01156602751121305,-0.055251359939575195,-0.3542676866054535,-0.015784350667450653,-0.024959266185760498,-0.19092029333114624,-0.0069227781857588155,-0.05315667390823364,-0.27748721837997437,-0.0097418171133139,-0.07056635618209839,-0.32755157351493835,-0.014315342974219547,-0.08557116985321045,-0.3642718195915222,-0.018815785158727394,-0.046733975410461426,-0.16456007957458496,-0.012282344024930225,-0.07198131084442139,-0.24098467826843262,-0.01499171040609859,-0.08626431226730347,-0.2890651822090149,-0.019003876928541885,-0.09757047891616821,-0.3239048719406128,-0.02255305971607946,-0.06488442420959473,-0.1295410394668579,-0.01730095732614778,-0.08457598090171814,-0.19217514991760254,-0.019360670332167373,-0.09609776735305786,-0.23007261753082275,-0.019087142754647957,-0.10497164726257324,-0.2594965696334839,-0.018963906426284538,thank_you
0.0,0.0,0.0,0.03237554430961609,-0.07126855850219727,0.002139235244236204,0.05083966255187988,-0.1413121223449707,0.0020903487253107755,0.04676124453544617,-0.19946402311325073,0.0018425952672131984,0.02163347601890564,-0.21499431133270264,-0.00027644275397875617,0.0016651153564453125,-0.20176494121551514,-0.006698159870587972,-0.022729992866516113,-0.2842320203781128,-0.013760925174587157,-0.037928998470306396,-0.32727789878845215,-0.02054693447136202,-0.05181494355201721,-0.36090174317359924,-0.025316727251642135,-0.025856345891952515,-0.18520629405975342,-0.012730706387095836,-0.05098086595535278,-0.2771335244178772,-0.019103494376771835,-0.06784653663635254,-0.33291298151016235,-0.02595167318069258,-0.08290261030197144,-0.3751457631587982,-0.031943089232676414,-0.048538029193878174,-0.15854614973068237,-0.017864911720984367,-0.06963616609573364,-0.24208199977874756,-0.023296295569174674,-0.0825052559375763,-0.29352882504463196,-0.02831182339870253,-0.09242582321166992,-0.3320440649986267,-0.03246834026359835,-0.06792834401130676,-0.12547504901885986,-0.02244002269291201,-0.08479616045951843,-0.194424569606781,-0.027277025298111823,-0.09467482566833496,-0.23522669076919556,-0.02847862885975161,-0.10250401496887207,-0.2686549425125122,-0.029260889531009582,thank_you
0.0,0.0,0.0,0.03237554430961609,-0.07126855850219727,0.002139235244236204,0.05083966255187988,-0.1413121223449707,0.0020903487253107755,0.04676124453544617,-0.19946402311325073,0.0018425952672131984,0.02163347601890564,-0.21499431133270264,-0.00027644275397875617,0.0016651153564453125,-0.20176494121551514,-0.006698159870587972,-0.022729992866516113,-0.2842320203781128,-0.013760925174587157,-0.037928998470306396,-0.32727789878845215,-0.02054693447136202,-0.05181494355201721,-0.36090174317359924,-0.025316727251642135,-0.025856345891952515,-0.18520629405975342,-0.012730706387095836,-0.05098086595535278,-0.2771335244178772,-0.019103494376771835,-0.06784653663635254,-0.33291298151016235,-0.02595167318069258,-0.08290261030197144,-0.3751457631587982,-0.031943089232676414,-0.048538029193878174,-0.15854614973068237,-0.017864911720984367,-0.06963616609573364,-0.24208199977874756,-0.023296295569174674,-0.0825052559375763,-0.29352882504463196,-0.02831182339870253,-0.09242582321166992,-0.3320440649986267,-0.03246834026359835,-0.06792834401130676,-0.12547504901885986,-0.02244002269291201,-0.08479616045951843,-0.194424569606781,-0.027277025298111823,-0.09467482566833496,-0.23522669076919556,-0.02847862885975161,-0.10250401496887207,-0.2686549425125122,-0.029260889531009582,thank_you
0.0,0.0,0.0,0.034849584102630615,-0.07458382844924927,0.0023173319383502644,0.05381065607070923,-0.1471799612045288,0.0013641345755175394,0.05068022012710571,-0.2115357518196106,-5.226362588217626e-05,0.02525871992111206,-0.23458778858184814,-0.0031487467025428373,0.009158581495285034,-0.19748425483703613,-0.007431126923954423,-0.014299213886260986,-0.28742361068725586,-0.015532230751311715,-0.028670847415924072,-0.33237224817276,-0.022708992266750272,-0.042421042919158936,-0.3682401776313782,-0.027537205049490865,-0.02157452702522278,-0.18531769514083862,-0.013546102473235067,-0.04512748122215271,-0.2843031883239746,-0.02162627948234075,-0.061581045389175415,-0.34432995319366455,-0.029811425858831342,-0.07679873704910278,-0.3901616930961609,-0.03654629809567922,-0.04700571298599243,-0.16486626863479614,-0.018586982765889104,-0.06612980365753174,-0.25187671184539795,-0.024653649681901868,-0.07780236005783081,-0.30637747049331665,-0.029652260968184407,-0.08740928769111633,-0.34816813468933105,-0.0338363282174825,-0.06768476963043213,-0.13893187046051025,-0.023035472983217176,-0.08291131258010864,-0.21175014972686768,-0.027224405461645063,-0.09155899286270142,-0.25329816341400146,-0.027661283293461736,-0.09870177507400513,-0.2886216640472412,-0.02809876089701646,thank_you
0.0,0.0,0.0,0.034849584102630615,-0.07458382844924927,0.0023173319383502644,0.05381065607070923,-0.1471799612045288,0.0013641345755175394,0.05068022012710571,-0.2115357518196106,-5.226362588217626e-05,0.02525871992111206,-0.23458778858184814,-0.0031487467025428373,0.009158581495285034,-0.19748425483703613,-0.007431126923954423,-0.014299213886260986,-0.28742361068725586,-0.015532230751311715,-0.028670847415924072,-0.33237224817276,-0.022708992266750272,-0.042421042919158936,-0.3682401776313782,-0.027537205049490865,-0.02157452702522278,-0.18531769514083862,-0.013546102473235067,-0.04512748122215271,-0.2843031883239746,-0.02162627948234075,-0.061581045389175415,-0.34432995319366455,-0.029811425858831342,-0.07679873704910278,-0.3901616930961609,-0.03654629809567922,-0.04700571298599243,-0.16486626863479614,-0.018586982765889104,-0.06612980365753174,-0.25187671184539795,-0.024653649681901868,-0.07780236005783081,-0.30637747049331665,-0.029652260968184407,-0.08740928769111633,-0.34816813468933105,-0.0338363282174825,-0.06768476963043213,-0.13893187046051025,-0.023035472983217176,-0.08291131258010864,-0.21175014972686768,-0.027224405461645063,-0.09155899286270142,-0.25329816341400146,-0.027661283293461736,-0.09870177507400513,-0.2886216640472412,-0.02809876089701646,thank_you
0.0,0.0,0.0,0.036451637744903564,-0.07315421104431152,-0.0016487366867323772,0.05494111776351929,-0.15283042192459106,-0.00729154298296919,0.04675239324569702,-0.22275453805923462,-0.011868183186564352,0.024000465869903564,-0.25419318675994873,-0.017785712762091066,0.016228795051574707,-0.18197500705718994,-0.024032056017134096,-0.007048070430755615,-0.286521315574646,-0.0354835183008646,-0.022067248821258545,-0.3399897813796997,-0.041430471150491144,-0.03492647409439087,-0.3804088234901428,-0.04451880758843174,-0.017526060342788696,-0.1666642427444458,-0.028381799964520837,-0.04184582829475403,-0.28398483991622925,-0.03941106951079121,-0.056423068046569824,-0.3498304486274719,-0.04456887176475277,-0.06756222248077393,-0.3968363106250763,-0.04829175552568188,-0.04528513550758362,-0.1501913070678711,-0.031217962188932802,-0.06503164768218994,-0.25759077072143555,-0.03905678695282688,-0.0753355622291565,-0.3202289342880249,-0.04152731752238026,-0.0825672447681427,-0.36548081040382385,-0.043187433539245035,-0.06591561436653137,-0.13157892227172852,-0.03346609851560345,-0.07993924617767334,-0.21952670812606812,-0.03777412852487316,-0.08718320727348328,-0.2671474814414978,-0.03686634233436337,-0.09200429916381836,-0.3043001890182495,-0.03589694729289761,thank_you
0.0,0.0,0.0,0.04419949650764465,0.010565638542175293,-0.03248950766222691,0.06980612874031067,0.004538297653198242,-0.06101504267947888,0.06964674592018127,-0.01464158296585083,-0.08364071996705746,0.04751268029212952,-0.03406399488449097,-0.10958550425069546,0.011824160814285278,0.03812175989151001,-0.09224225880401349,-0.01031118631362915,-0.0033968091011047363,-0.12894936950700497,-0.022686153650283813,-0.04173135757446289,-0.15444086046712613,-0.033759504556655884,-0.07756239175796509,-0.17049356849687314,-0.03180709481239319,0.03548002243041992,-0.09017354549663281,-0.047977715730667114,-0.02884906530380249,-0.12342792304055905,-0.05429401993751526,-0.08106726408004761,-0.14195128829972958,-0.05873677134513855,-0.11845648288726807,-0.158708314614465,-0.061815857887268066,0.014597892761230469,-0.08645992280738568,-0.0759706199169159,-0.047272562980651855,-0.11655085833566403,-0.07820716500282288,-0.09491556882858276,-0.1271107301284573,-0.07857641577720642,-0.1266690492630005,-0.1355982527305386,-0.08306443691253662,-0.012069642543792725,-0.08392653168933606,-0.10057640075683594,-0.06652754545211792,-0.10252044649617886,-0.10595884919166565,-0.09304380416870117,-0.10485767872827267,-0.10692444443702698,-0.10635221004486084,-0.10925680698650098,thank_you
0.0,0.0,0.0,0.03494402766227722,-0.07543891668319702,-0.003183153285846174,0.05166858434677124,-0.1550908088684082,-0.007255434352174461,0.039037883281707764,-0.22100526094436646,-0.010386573444321812,0.017059236764907837,-0.24868053197860718,-0.014749286058560074,0.007081121206283569,-0.1855291724205017,-0.02007456805111474,-0.015828609466552734,-0.28108423948287964,-0.030230977866068542,-0.030717402696609497,-0.33005988597869873,-0.03573419462443894,-0.043145835399627686,-0.3680349886417389,-0.03891716461183137,-0.02416813373565674,-0.170928955078125,-0.02406720380784577,-0.046443283557891846,-0.2767288088798523,-0.03483138169647759,-0.06265658140182495,-0.342354416847229,-0.042089402037873924,-0.07560205459594727,-0.39247363805770874,-0.04720524634720391,-0.05002206563949585,-0.14978241920471191,-0.02695603232385224,-0.06851333379745483,-0.2450253963470459,-0.03498738940359658,-0.08035352826118469,-0.3050382137298584,-0.04083618457914895,-0.08922767639160156,-0.352286159992218,-0.045068669426456154,-0.07034868001937866,-0.12358826398849487,-0.02941706340314454,-0.08503332734107971,-0.19945943355560303,-0.03568870882989472,-0.09391966462135315,-0.24471914768218994,-0.03787155013085908,-0.10119301080703735,-0.28379034996032715,-0.039021755862250984,thank_you
0.0,0.0,0.0,0.03774571418762207,-0.07667481899261475,-0.007063589752505095,0.05112001299858093,-0.17212218046188354,-0.01469223456908253,0.029864341020584106,-0.2506638765335083,-0.01928062433827904,0.0022035837173461914,-0.2875073552131653,-0.02460090699125317,0.012374699115753174,-0.1783636212348938,-0.035735402949939044,-0.01780688762664795,-0.2927001714706421,-0.04897398943532494,-0.03656390309333801,-0.3519049882888794,-0.052672148444543154,-0.050608545541763306,-0.3912515938282013,-0.053349104472289355,-0.02449771761894226,-0.16291916370391846,-0.03695205295909432,-0.051246434450149536,-0.29276490211486816,-0.05094750667441872,-0.06621426343917847,-0.36215484142303467,-0.05351312900413063,-0.07630401849746704,-0.40765225887298584,-0.053636234947333605,-0.053931355476379395,-0.14799660444259644,-0.03663123095859078,-0.07528072595596313,-0.26933181285858154,-0.04614196042049912,-0.08574613928794861,-0.33395540714263916,-0.04656830871928719,-0.09268876910209656,-0.37815266847610474,-0.045669038542399676,-0.07458177208900452,-0.13125747442245483,-0.035838116654048235,-0.09060308337211609,-0.22766655683517456,-0.0408239483319619,-0.09798994660377502,-0.2773532271385193,-0.03935734251965073,-0.10340052843093872,-0.3154138922691345,-0.03727940166820076,thank_you
0.0,0.0,0.0,0.04617190361022949,-0.06312227249145508,-0.015201859283948238,0.062236130237579346,-0.1577875018119812,-0.028530294183397586,0.04136693477630615,-0.23710989952087402,-0.036918196934962566,0.00862431526184082,-0.27167338132858276,-0.045312784719968136,0.02746117115020752,-0.13191789388656616,-0.050709094959998424,-0.004516124725341797,-0.2318023443222046,-0.06901594262173205,-0.020286738872528076,-0.2793118953704834,-0.0753896461014989,-0.028973251581192017,-0.30954474210739136,-0.0767636523728612,-0.012375980615615845,-0.11776798963546753,-0.047274626899266536,-0.03780636191368103,-0.23476409912109375,-0.06281284998705416,-0.0451430082321167,-0.2938297986984253,-0.06348291050245791,-0.04652079939842224,-0.32357144355773926,-0.062117047715688045,-0.04555767774581909,-0.11690312623977661,-0.04271129156997233,-0.06451207399368286,-0.22992682456970215,-0.05462730314185649,-0.06713640689849854,-0.2876272201538086,-0.05009046952774554,-0.06456863880157471,-0.3164985179901123,-0.04442527528455287,-0.07114821672439575,-0.12403100728988647,-0.03831722970654994,-0.08239063620567322,-0.21674060821533203,-0.04495964582612544,-0.08231621980667114,-0.26481473445892334,-0.040635116506123836,-0.07823002338409424,-0.29572319984436035,-0.03531475748469859,thank_you
0.0,0.0,0.0,0.04617190361022949,-0.06312227249145508,-0.015201859283948238,0.062236130237579346,-0.1577875018119812,-0.028530294183397586,0.04136693477630615,-0.23710989952087402,-0.036918196934962566,0.00862431526184082,-0.27167338132858276,-0.045312784719968136,0.02746117115020752,-0.13191789388656616,-0.050709094959998424,-0.004516124725341797,-0.2318023443222046,-0.06901594262173205,-0.020286738872528076,-0.2793118953704834,-0.0753896461014989,-0.028973251581192017,-0.30954474210739136,-0.0767636523728612,-0.012375980615615845,-0.11776798963546753,-0.047274626899266536,-0.03780636191368103,-0.23476409912109375,-0.06281284998705416,-0.0451430082321167,-0.2938297986984253,-0.06348291050245791,-0.04652079939842224,-0.32357144355773926,-0.062117047715688045,-0.04555767774581909,-0.11690312623977661,-0.04271129156997233,-0.06451207399368286,-0.22992682456970215,-0.05462730314185649,-0.06713640689849854,-0.2876272201538086,-0.05009046952774554,-0.06456863880157471,-0.3164985179901123,-0.04442527528455287,-0.07114821672439575,-0.12403100728988647,-0.03831722970654994,-0.08239063620567322,-0.21674060821533203,-0.04495964582612544,-0.08231621980667114,-0.26481473445892334,-0.040635116506123836,-0.07823002338409424,-0.29572319984436035,-0.03531475748469859,thank_you
0.0,0.0,0.0,-0.050438374280929565,-0.05756253004074097,-0.009087075075399298,-0.08287444710731506,-0.1445518136024475,-0.022687003543865103,-0.08983254432678223,-0.2153746485710144,-0.03677273780692758,-0.07593917846679688,-0.26195627450942993,-0.049039608394991774,-0.07103127241134644,-0.23560881614685059,-0.029579895144593138,-0.07625669240951538,-0.3073577880859375,-0.049056677675139326,-0.07104900479316711,-0.2683199644088745,-0.055963410591971297,-0.0687081515789032,-0.22501182556152344,-0.057649052297961134,-0.027957022190093994,-0.24627983570098877,-0.03354424104679765,-0.031401127576828,-0.2895885705947876,-0.04781611130226793,-0.025809288024902344,-0.23943746089935303,-0.04979562253345193,-0.02068084478378296,-0.19720852375030518,-0.05055499315847101,0.017319411039352417,-0.23891210556030273,-0.03780479223121347,0.009348034858703613,-0.2516944408416748,-0.04982077569354715,0.014095693826675415,-0.19469690322875977,-0.045316560721289534,0.01863005757331848,-0.1521417498588562,-0.041759731775414366,0.06070077419281006,-0.22241610288619995,-0.042639656519781965,0.04882234334945679,-0.22779572010040283,-0.04961956903923692,0.049562036991119385,-0.18090146780014038,-0.04370821506370248,0.0530390739440918,-0.14590883255004883,-0.03749811888326349,thank_you
0.0,0.0,0.0,0.03277507424354553,-0.07359451055526733,-0.003757838616962772,0.04247120022773743,-0.1587510108947754,-0.007121846769820195,0.03273168206214905,-0.23270505666732788,-0.009606921338360053,0.016339510679244995,-0.27949655055999756,-0.012946370282094222,0.0072882771492004395,-0.1978837251663208,-0.01749229826114629,-0.013043969869613647,-0.2989174723625183,-0.026924252734403353,-0.02692541480064392,-0.35322755575180054,-0.03242480591021035,-0.039398521184921265,-0.392898827791214,-0.03551878616295312,-0.025064796209335327,-0.18392616510391235,-0.020149903596262675,-0.04551747441291809,-0.2930658459663391,-0.029056700170855265,-0.05840453505516052,-0.3570777177810669,-0.03436350286088441,-0.06828275322914124,-0.40291473269462585,-0.0381549766667888,-0.052263498306274414,-0.16495025157928467,-0.022339999900083285,-0.06903538107872009,-0.26830899715423584,-0.029524786622147303,-0.07925915718078613,-0.33074259757995605,-0.03416808530769799,-0.08724245429039001,-0.37716591358184814,-0.03739145606837724,-0.07264640927314758,-0.1424403190612793,-0.024203410596470576,-0.08516302704811096,-0.224853515625,-0.030403467119555216,-0.0939207375049591,-0.2709619402885437,-0.03250681445084069,-0.10080721974372864,-0.3078944683074951,-0.03327267080626939,thank_you
0.0,0.0,0.0,0.029447197914123535,-0.07595241069793701,-2.38347256669158e-05,0.03977876901626587,-0.15430772304534912,-0.0015031783241425956,0.030230045318603516,-0.2176971435546875,-0.0037487979843859875,0.012877464294433594,-0.2527051568031311,-0.007349933204764625,-0.00030499696731567383,-0.20112037658691406,-0.007591902451181909,-0.02484038472175598,-0.2889952063560486,-0.017032575966382524,-0.040689051151275635,-0.3366103768348694,-0.024575014771485826,-0.05548274517059326,-0.37261056900024414,-0.029317080216074487,-0.028954625129699707,-0.18607473373413086,-0.013580759228730699,-0.05289939045906067,-0.28585243225097656,-0.022721977145934602,-0.07052472233772278,-0.34768813848495483,-0.0307990863784795,-0.08598998188972473,-0.39451098442077637,-0.03654215222742607,-0.05402374267578125,-0.16261357069015503,-0.019319257871771356,-0.07276663184165955,-0.2578529119491577,-0.027004455389047166,-0.08562129735946655,-0.31561386585235596,-0.032972798855567476,-0.09660202264785767,-0.3608870804309845,-0.03711356333043625,-0.07554420828819275,-0.1327369213104248,-0.02466999477293541,-0.0900624692440033,-0.2074681520462036,-0.03141103795316269,-0.0997123122215271,-0.2508225440979004,-0.03344288206245949,-0.10793474316596985,-0.2877708077430725,-0.03412475174810936,thank_you
0.0,0.0,0.0,0.027380943298339844,-0.07519811391830444,0.0022116065152602005,0.03784039616584778,-0.15082132816314697,0.0016217664011435318,0.03295484185218811,-0.21420758962631226,-0.0006273454859240246,0.017547190189361572,-0.2548104524612427,-0.004555849206013818,-0.0044224560260772705,-0.21588456630706787,-0.0022667409724874688,-0.030161142349243164,-0.3027456998825073,-0.011491929959817071,-0.04629296064376831,-0.348167359828949,-0.020508002337379594,-0.06074875593185425,-0.38170063495635986,-0.026444738578362603,-0.02929222583770752,-0.20060473680496216,-0.009609234366877217,-0.055148422718048096,-0.29239141941070557,-0.016108816337151666,-0.07374441623687744,-0.3482714295387268,-0.023352652635736604,-0.08996737003326416,-0.38885989785194397,-0.029712661948366303,-0.052008599042892456,-0.1744225025177002,-0.017127420600814958,-0.07457897067070007,-0.25987619161605835,-0.022886888902945657,-0.08932405710220337,-0.3095463514328003,-0.027695452642007012,-0.10129263997077942,-0.34666889905929565,-0.032059628364009995,-0.07280802726745605,-0.13914114236831665,-0.024457527172131677,-0.08945253491401672,-0.20749080181121826,-0.03019104137675299,-0.100624680519104,-0.24680376052856445,-0.031737956997318406,-0.11005336046218872,-0.27941030263900757,-0.032765846547050614,thank_you
0.0,0.0,0.0,0.027380943298339844,-0.07519811391830444,0.0022116065152602005,0.03784039616584778,-0.15082132816314697,0.0016217664011435318,0.03295484185218811,-0.21420758962631226,-0.0006273454859240246,0.017547190189361572,-0.2548104524612427,-0.004555849206013818,-0.0044224560260772705,-0.21588456630706787,-0.0022667409724874688,-0.030161142349243164,-0.3027456998825073,-0.011491929959817071,-0.04629296064376831,-0.348167359828949,-0.020508002337379594,-0.06074875593185425,-0.38170063495635986,-0.026444738578362603,-0.02929222583770752,-0.20060473680496216,-0.009609234366877217,-0.055148422718048096,-0.29239141941070557,-0.016108816337151666,-0.07374441623687744,-0.3482714295387268,-0.023352652635736604,-0.08996737003326416,-0.38885989785194397,-0.029712661948366303,-0.052008599042892456,-0.1744225025177002,-0.017127420600814958,-0.07457897067070007,-0.25987619161605835,-0.022886888902945657,-0.08932405710220337,-0.3095463514328003,-0.027695452642007012,-0.10129263997077942,-0.34666889905929565,-0.032059628364009995,-0.07280802726745605,-0.13914114236831665,-0.024457527172131677,-0.08945253491401672,-0.20749080181121826,-0.03019104137675299,-0.100624680519104,-0.24680376052856445,-0.031737956997318406,-0.11005336046218872,-0.27941030263900757,-0.032765846547050614,thank_you
0.0,0.0,0.0,0.03438892960548401,-0.07959753274917603,0.003883074971474443,0.051555365324020386,-0.15912652015686035,0.005324118540249501,0.04682609438896179,-0.2284771203994751,0.005917323988489542,0.02480989694595337,-0.26355427503585815,0.004242385041527186,0.006733149290084839,-0.21878957748413086,-0.0010770607016983291,-0.017502963542938232,-0.3027827739715576,-0.006933141730167236,-0.03483155369758606,-0.3453593850135803,-0.014010274547525015,-0.05039471387863159,-0.3779086470603943,-0.019150416131504144,-0.019200533628463745,-0.2018103003501892,-0.007794303584285345,-0.04693084955215454,-0.2925403118133545,-0.011355724881775942,-0.06495991349220276,-0.34524673223495483,-0.017408995653875436,-0.07966020703315735,-0.38577353954315186,-0.023784021611698236,-0.041621655225753784,-0.17426353693008423,-0.014060460727103319,-0.06760910153388977,-0.25956547260284424,-0.017484756882675256,-0.08223336935043335,-0.3117019534111023,-0.02257294463682946,-0.0933179259300232,-0.35176974534988403,-0.027733403022773828,-0.06085047125816345,-0.13852357864379883,-0.0197768609480935,-0.0801963210105896,-0.20945221185684204,-0.022814537163265314,-0.09164455533027649,-0.24953573942184448,-0.02322055282760438,-0.10025128722190857,-0.2831771969795227,-0.024146097476966943,thank_you
0.0,0.0,0.0,0.032798945903778076,-0.08841550350189209,0.008198080841978594,0.047093868255615234,-0.17494815587997437,0.011734035123666331,0.04098230600357056,-0.24841642379760742,0.013035052713533446,0.01828312873840332,-0.2808162569999695,0.012226179499705836,0.0033483505249023438,-0.23314213752746582,0.00799197543092589,-0.023206859827041626,-0.32032328844070435,0.0034954878749005047,-0.03982478380203247,-0.3614324927330017,-0.003827605604598716,-0.055106401443481445,-0.39330029487609863,-0.009212591427782968,-0.024123340845108032,-0.2167670726776123,-0.0007874539922312351,-0.0525779128074646,-0.3126351237297058,-0.0025105115244485887,-0.07035371661186218,-0.3684217929840088,-0.008947926315883592,-0.08620083332061768,-0.4118044972419739,-0.01579665832541366,-0.04704922437667847,-0.18926787376403809,-0.009228883984903291,-0.07145288586616516,-0.27774667739868164,-0.011438953432659105,-0.08599033951759338,-0.3300168514251709,-0.01671148158929725,-0.09790518879890442,-0.37016111612319946,-0.022127927023390725,-0.06586682796478271,-0.1548018455505371,-0.016942924562314943,-0.08381813764572144,-0.22986966371536255,-0.018848086449722246,-0.0950879454612732,-0.2698250412940979,-0.018972172144273713,-0.10462945699691772,-0.30224311351776123,-0.019787638190607026,thank_you
0.0,0.0,0.0,0.032798945903778076,-0.08841550350189209,0.008198080841978594,0.047093868255615234,-0.17494815587997437,0.011734035123666331,0.04098230600357056,-0.24841642379760742,0.013035052713533446,0.01828312873840332,-0.2808162569999695,0.012226179499705836,0.0033483505249023438,-0.23314213752746582,0.00799197543092589,-0.023206859827041626,-0.32032328844070435,0.0034954878749005047,-0.03982478380203247,-0.3614324927330017,-0.003827605604598716,-0.055106401443481445,-0.39330029487609863,-0.009212591427782968,-0.024123340845108032,-0.2167670726776123,-0.0007874539922312351,-0.0525779128074646,-0.3126351237297058,-0.0025105115244485887,-0.07035371661186218,-0.3684217929840088,-0.008947926315883592,-0.08620083332061768,-0.4118044972419739,-0.01579665832541366,-0.04704922437667847,-0.18926787376403809,-0.009228883984903291,-0.07145288586616516,-0.27774667739868164,-0.011438953432659105,-0.08599033951759338,-0.3300168514251709,-0.01671148158929725,-0.09790518879890442,-0.37016111612319946,-0.022127927023390725,-0.06586682796478271,-0.1548018455505371,-0.016942924562314943,-0.08381813764572144,-0.22986966371536255,-0.018848086449722246,-0.0950879454612732,-0.2698250412940979,-0.018972172144273713,-0.10462945699691772,-0.30224311351776123,-0.019787638190607026,thank_you
0.0,0.0,0.0,0.02905300259590149,-0.08050650358200073,-0.0007714431224385976,0.03694278001785278,-0.16231918334960938,-0.0038971243150527357,0.022672832012176514,-0.2302071452140808,-0.007401489531993377,0.005902767181396484,-0.2727062702178955,-0.012364135468750703,0.004970371723175049,-0.19777053594589233,-0.01352021505162071,-0.020668834447860718,-0.28991150856018066,-0.02515822404101442,-0.03731060028076172,-0.3402706980705261,-0.03349240251854013,-0.05323648452758789,-0.37868350744247437,-0.03842172154262613,-0.025311291217803955,-0.18234914541244507,-0.01939669751599382,-0.04994702339172363,-0.2854354977607727,-0.03029949531927656,-0.06786361336708069,-0.35041481256484985,-0.038306371653824556,-0.08375376462936401,-0.3979102373123169,-0.044103478426485765,-0.05137521028518677,-0.16028136014938354,-0.024781375537067163,-0.07251596450805664,-0.2571949362754822,-0.03388783090785097,-0.08643284440040588,-0.31731903553009033,-0.03926061966493677,-0.09788733720779419,-0.362235426902771,-0.04276824497654985,-0.07313010096549988,-0.13333040475845337,-0.02969907351806711,-0.08869889378547668,-0.2123308777809143,-0.037163370633869874,-0.09849140048027039,-0.2601172924041748,-0.03921587892845224,-0.10659202933311462,-0.2990580201148987,-0.039826949471979844,thank_you
0.0,0.0,0.0,0.04021179676055908,-0.05872923135757446,-0.00643167426127178,0.06251886487007141,-0.13936996459960938,-0.01539721959519369,0.06897786259651184,-0.20155251026153564,-0.02250734498041851,0.05232405662536621,-0.2379804253578186,-0.031049707580983466,0.03014311194419861,-0.17682766914367676,-0.03329942343074066,0.004919856786727905,-0.28046244382858276,-0.05034961146551353,-0.015360891819000244,-0.33201247453689575,-0.059789102201044386,-0.031670570373535156,-0.3626091480255127,-0.06440677461463196,-0.0067123472690582275,-0.1647634506225586,-0.036502670173227614,-0.0345977246761322,-0.27805095911026,-0.052872929398596114,-0.05087211728096008,-0.3402198553085327,-0.05950118941503746,-0.062028974294662476,-0.38117140531539917,-0.06368260053235275,-0.038164764642715454,-0.15330493450164795,-0.03883928400713188,-0.06173086166381836,-0.26019781827926636,-0.05106550050216896,-0.07251721620559692,-0.3178479075431824,-0.05265592751342041,-0.07930591702461243,-0.3567790985107422,-0.05272081461983902,-0.06170988082885742,-0.13871926069259644,-0.040865204904854124,-0.07914379239082336,-0.22688597440719604,-0.04775289413768036,-0.08930248022079468,-0.2727968096733093,-0.046060509656250304,-0.09495294094085693,-0.30574554204940796,-0.043856702421486204,thank_you
0.0,0.0,0.0,0.04652276635169983,0.006488978862762451,-0.02553822163223174,0.07624989748001099,-0.0033451318740844727,-0.04833442222057727,0.08554238080978394,-0.015119969844818115,-0.06700361769377139,0.07594817876815796,-0.0264129638671875,-0.08948541681944278,0.01904463768005371,0.026925981044769287,-0.0722957427400246,-0.00481143593788147,-0.01338648796081543,-0.10405492286859896,-0.01308751106262207,-0.047070860862731934,-0.13006732862173465,-0.018060922622680664,-0.07355540990829468,-0.14740909140287783,-0.02327442169189453,0.018483996391296387,-0.0716924021738663,-0.04374122619628906,-0.03350454568862915,-0.09596076111971286,-0.04662624001502991,-0.07790905237197876,-0.1118804315823212,-0.04752069711685181,-0.1051512360572815,-0.1284010956781998,-0.053055018186569214,-0.0011755824089050293,-0.07002237688480761,-0.06881922483444214,-0.05397534370422363,-0.09339382748781588,-0.07315796613693237,-0.09313768148422241,-0.09992262970386889,-0.07233649492263794,-0.11588513851165771,-0.10675427566944506,-0.0733228325843811,-0.026418685913085938,-0.06974805395780947,-0.09067428112030029,-0.07387220859527588,-0.08564380805670169,-0.09780436754226685,-0.09796983003616333,-0.08542467903076556,-0.09699845314025879,-0.10829401016235352,-0.08769828330456164,thank_you
0.0,0.0,0.0,0.04943230748176575,-0.04788023233413696,-0.013948635027503542,0.0887816846370697,-0.10955721139907837,-0.027139930815195612,0.10291394591331482,-0.16279137134552002,-0.037916526959037355,0.08704116940498352,-0.19847983121871948,-0.050947000101899675,0.04024475812911987,-0.09070539474487305,-0.04918707238206821,0.023494720458984375,-0.1552903652191162,-0.07310653181443172,0.012855738401412964,-0.18723046779632568,-0.09115307481656032,0.006741762161254883,-0.21309679746627808,-0.10319348873267131,0.0016683340072631836,-0.08752667903900146,-0.05237676279315906,-0.017962157726287842,-0.1650989055633545,-0.07279279531607585,-0.022623538970947266,-0.21069800853729248,-0.0863243386305328,-0.022226661443710327,-0.238381028175354,-0.0999278992570396,-0.028440535068511963,-0.08994162082672119,-0.05476291926274257,-0.04739859700202942,-0.16849076747894287,-0.07410183997521358,-0.054494768381118774,-0.21413445472717285,-0.08315940649876552,-0.05455318093299866,-0.24457710981369019,-0.09173339308867412,-0.051942020654678345,-0.09445083141326904,-0.057505980894660524,-0.07068085670471191,-0.16171467304229736,-0.07057012321124034,-0.08024287223815918,-0.19815057516098022,-0.07462042273650127,-0.08321025967597961,-0.22400784492492676,-0.08003335894713359,thank_you
0.0,0.0,0.0,0.05314156413078308,-0.023829638957977295,-0.023494539557049166,0.09378987550735474,-0.06833595037460327,-0.04143383145148505,0.10425049066543579,-0.12289303541183472,-0.054983740447113405,0.09294170141220093,-0.1619907021522522,-0.07055048063213576,0.03419452905654907,-0.02886664867401123,-0.0642848403733467,0.0227510929107666,-0.08326125144958496,-0.0935519279521202,0.015667080879211426,-0.12492668628692627,-0.11549124285394896,0.010186523199081421,-0.1641027331352234,-0.12981078937465895,-0.0058374106884002686,-0.03885012865066528,-0.06312417402679671,-0.016392409801483154,-0.10599792003631592,-0.08849144890720595,-0.016171514987945557,-0.15932589769363403,-0.10312124505455245,-0.015128105878829956,-0.19435268640518188,-0.11713687494213332,-0.03413659334182739,-0.058028459548950195,-0.061422997860262285,-0.04326793551445007,-0.1232636570930481,-0.08586517885143508,-0.04477035999298096,-0.16732460260391235,-0.0940791831892227,-0.043346941471099854,-0.19652366638183594,-0.10102114245111693,-0.054854393005371094,-0.08062613010406494,-0.06086943834836234,-0.06488341093063354,-0.13833266496658325,-0.07745900913889159,-0.06855115294456482,-0.17148876190185547,-0.08116092696602095,-0.06838756799697876,-0.19192898273468018,-0.08590837731773604,thank_you
0.0,0.0,0.0,0.05314156413078308,-0.023829638957977295,-0.023494539557049166,0.09378987550735474,-0.06833595037460327,-0.04143383145148505,0.10425049066543579,-0.12289303541183472,-0.054983740447113405,0.09294170141220093,-0.1619907021522522,-0.07055048063213576,0.03419452905654907,-0.02886664867401123,-0.0642848403733467,0.0227510929107666,-0.08326125144958496,-0.0935519279521202,0.015667080879211426,-0.12492668628692627,-0.11549124285394896,0.010186523199081421,-0.1641027331352234,-0.12981078937465895,-0.0058374106884002686,-0.03885012865066528,-0.06312417402679671,-0.016392409801483154,-0.10599792003631592,-0.08849144890720595,-0.016171514987945557,-0.15932589769363403,-0.10312124505455245,-0.015128105878829956,-0.19435268640518188,-0.11713687494213332,-0.03413659334182739,-0.058028459548950195,-0.061422997860262285,-0.04326793551445007,-0.1232636570930481,-0.08586517885143508,-0.04477035999298096,-0.16732460260391235,-0.0940791831892227,-0.043346941471099854,-0.19652366638183594,-0.10102114245111693,-0.054854393005371094,-0.08062613010406494,-0.06086943834836234,-0.06488341093063354,-0.13833266496658325,-0.07745900913889159,-0.06855115294456482,-0.17148876190185547,-0.08116092696602095,-0.06838756799697876,-0.19192898273468018,-0.08590837731773604,thank_you
0.0,0.0,0.0,0.04329550266265869,-0.04886913299560547,-0.017242456725547584,0.0761670470237732,-0.10933607816696167,-0.036953850588510306,0.08891475200653076,-0.16980963945388794,-0.052327788374135764,0.06394380331039429,-0.19698703289031982,-0.06889408727617052,0.030139774084091187,-0.09748536348342896,-0.06273544480533388,0.0022271573543548584,-0.18392276763916016,-0.08950012823076037,-0.014167696237564087,-0.2249917984008789,-0.10462129761905459,-0.027759283781051636,-0.24514955282211304,-0.11192502727241305,-0.011137068271636963,-0.0764991044998169,-0.06271997740001467,-0.04425013065338135,-0.18018895387649536,-0.08662501623363283,-0.05535566806793213,-0.22964417934417725,-0.09584981848926333,-0.06018805503845215,-0.2500951886177063,-0.10284677048654345,-0.04203188419342041,-0.06884950399398804,-0.061226977905938895,-0.06752461194992065,-0.17073959112167358,-0.07834919442863253,-0.07534000277519226,-0.22181880474090576,-0.08118560811013964,-0.07699114084243774,-0.24822473526000977,-0.0829627578470209,-0.06256920099258423,-0.0680810809135437,-0.06017323111624506,-0.08677950501441956,-0.14732849597930908,-0.06941184302301195,-0.09383684396743774,-0.18652397394180298,-0.06937004526586321,-0.09584242105484009,-0.2085651159286499,-0.06950244208307055,thank_you
0.0,0.0,0.0,0.04329550266265869,-0.04886913299560547,-0.017242456725547584,0.0761670470237732,-0.10933607816696167,-0.036953850588510306,0.08891475200653076,-0.16980963945388794,-0.052327788374135764,0.06394380331039429,-0.19698703289031982,-0.06889408727617052,0.030139774084091187,-0.09748536348342896,-0.06273544480533388,0.0022271573543548584,-0.18392276763916016,-0.08950012823076037,-0.014167696237564087,-0.2249917984008789,-0.10462129761905459,-0.027759283781051636,-0.24514955282211304,-0.11192502727241305,-0.011137068271636963,-0.0764991044998169,-0.06271997740001467,-0.04425013065338135,-0.18018895387649536,-0.08662501623363283,-0.05535566806793213,-0.22964417934417725,-0.09584981848926333,-0.06018805503845215,-0.2500951886177063,-0.10284677048654345,-0.04203188419342041,-0.06884950399398804,-0.061226977905938895,-0.06752461194992065,-0.17073959112167358,-0.07834919442863253,-0.07534000277519226,-0.22181880474090576,-0.08118560811013964,-0.07699114084243774,-0.24822473526000977,-0.0829627578470209,-0.06256920099258423,-0.0680810809135437,-0.06017323111624506,-0.08677950501441956,-0.14732849597930908,-0.06941184302301195,-0.09383684396743774,-0.18652397394180298,-0.06937004526586321,-0.09584242105484009,-0.2085651159286499,-0.06950244208307055,thank_you
0.0,0.0,0.0,0.04329550266265869,-0.04886913299560547,-0.017242456725547584,0.0761670470237732,-0.10933607816696167,-0.036953850588510306,0.08891475200653076,-0.16980963945388794,-0.052327788374135764,0.06394380331039429,-0.19698703289031982,-0.06889408727617052,0.030139774084091187,-0.09748536348342896,-0.06273544480533388,0.0022271573543548584,-0.18392276763916016,-0.08950012823076037,-0.014167696237564087,-0.2249917984008789,-0.10462129761905459,-0.027759283781051636,-0.24514955282211304,-0.11192502727241305,-0.011137068271636963,-0.0764991044998169,-0.06271997740001467,-0.04425013065338135,-0.18018895387649536,-0.08662501623363283,-0.05535566806793213,-0.22964417934417725,-0.09584981848926333,-0.06018805503845215,-0.2500951886177063,-0.10284677048654345,-0.04203188419342041,-0.06884950399398804,-0.061226977905938895,-0.06752461194992065,-0.17073959112167358,-0.07834919442863253,-0.07534000277519226,-0.22181880474090576,-0.08118560811013964,-0.07699114084243774,-0.24822473526000977,-0.0829627578470209,-0.06256920099258423,-0.0680810809135437,-0.06017323111624506,-0.08677950501441956,-0.14732849597930908,-0.06941184302301195,-0.09383684396743774,-0.18652397394180298,-0.06937004526586321,-0.09584242105484009,-0.2085651159286499,-0.06950244208307055,thank_you
0.0,0.0,0.0,0.027889549732208252,-0.07139134407043457,-0.0016711322638514048,0.036598652601242065,-0.14986354112625122,-0.0046717399779083735,0.023570537567138672,-0.21899336576461792,-0.007852899474215747,0.008483797311782837,-0.2644904851913452,-0.012240495165002585,0.0018744170665740967,-0.18984466791152954,-0.010898879361462832,-0.020886510610580444,-0.27753305435180664,-0.02086983398081088,-0.036238014698028564,-0.3245660066604614,-0.02801247835637355,-0.049990832805633545,-0.3588813543319702,-0.032187610496890784,-0.027390390634536743,-0.1729031801223755,-0.015656858314883948,-0.0494423508644104,-0.2696641683578491,-0.024111350630533934,-0.06590732932090759,-0.32715892791748047,-0.030307136108291388,-0.0793972909450531,-0.36908042430877686,-0.034869931270492316,-0.05307507514953613,-0.14948242902755737,-0.020302384724033118,-0.07216694951057434,-0.24164777994155884,-0.027814920623910666,-0.08464169502258301,-0.29512321949005127,-0.032155491043937445,-0.09469127655029297,-0.33547765016555786,-0.03523032702983642,-0.07545134425163269,-0.1212349534034729,-0.024632176016581298,-0.08850014209747314,-0.19612950086593628,-0.03165970705927634,-0.09795355796813965,-0.23699069023132324,-0.03342963718355918,-0.10621464252471924,-0.2712116837501526,-0.03380964659632468,thank_you
0.0,0.0,0.0,0.027889549732208252,-0.07139134407043457,-0.0016711322638514048,0.036598652601242065,-0.14986354112625122,-0.0046717399779083735,0.023570537567138672,-0.21899336576461792,-0.007852899474215747,0.008483797311782837,-0.2644904851913452,-0.012240495165002585,0.0018744170665740967,-0.18984466791152954,-0.010898879361462832,-0.020886510610580444,-0.27753305435180664,-0.02086983398081088,-0.036238014698028564,-0.3245660066604614,-0.02801247835637355,-0.049990832805633545,-0.3588813543319702,-0.032187610496890784,-0.027390390634536743,-0.1729031801223755,-0.015656858314883948,-0.0494423508644104,-0.2696641683578491,-0.024111350630533934,-0.06590732932090759,-0.32715892791748047,-0.030307136108291388,-0.0793972909450531,-0.36908042430877686,-0.034869931270492316,-0.05307507514953613,-0.14948242902755737,-0.020302384724033118,-0.07216694951057434,-0.24164777994155884,-0.027814920623910666,-0.08464169502258301,-0.29512321949005127,-0.032155491043937445,-0.09469127655029297,-0.33547765016555786,-0.03523032702983642,-0.07545134425163269,-0.1212349534034729,-0.024632176016581298,-0.08850014209747314,-0.19612950086593628,-0.03165970705927634,-0.09795355796813965,-0.23699069023132324,-0.03342963718355918,-0.10621464252471924,-0.2712116837501526,-0.03380964659632468,thank_you
0.0,0.0,0.0,0.03107932209968567,-0.06912803649902344,-0.0007240036245406145,0.047672122716903687,-0.15295517444610596,-0.0024992793075711006,0.05031156539916992,-0.22075575590133667,-0.005298825420808839,0.03744420409202576,-0.26550430059432983,-0.010319605909657525,0.009577780961990356,-0.20292401313781738,-0.008166403018307733,-0.011662602424621582,-0.2894601821899414,-0.019752389260005998,-0.028568118810653687,-0.3385896682739258,-0.030346746065092134,-0.044734686613082886,-0.3746457099914551,-0.03735954730994706,-0.016186654567718506,-0.18956142663955688,-0.015423807755482244,-0.04235905408859253,-0.2808823585510254,-0.024526484750580835,-0.060821354389190674,-0.3378274440765381,-0.0340194743800879,-0.07576054334640503,-0.3793179988861084,-0.04188761159069543,-0.0405140221118927,-0.16589760780334473,-0.02284708849377637,-0.06311860680580139,-0.2532786726951599,-0.03198608800060754,-0.07938414812088013,-0.3067667484283447,-0.039405864172053384,-0.09258878231048584,-0.3460226058959961,-0.044993900202584314,-0.061650991439819336,-0.13409423828125,-0.030015923522782373,-0.07855117321014404,-0.20347070693969727,-0.03855968310720925,-0.09206748008728027,-0.2440662384033203,-0.041605014793944406,-0.10328367352485657,-0.27690374851226807,-0.043353237651658105,thank_you
0.0,0.0,0.0,0.03107932209968567,-0.06912803649902344,-0.0007240036245406145,0.047672122716903687,-0.15295517444610596,-0.0024992793075711006,0.05031156539916992,-0.22075575590133667,-0.005298825420808839,0.03744420409202576,-0.26550430059432983,-0.010319605909657525,0.009577780961990356,-0.20292401313781738,-0.008166403018307733,-0.011662602424621582,-0.2894601821899414,-0.019752389260005998,-0.028568118810653687,-0.3385896682739258,-0.030346746065092134,-0.044734686613082886,-0.3746457099914551,-0.03735954730994706,-0.016186654567718506,-0.18956142663955688,-0.015423807755482244,-0.04235905408859253,-0.2808823585510254,-0.024526484750580835,-0.060821354389190674,-0.3378274440765381,-0.0340194743800879,-0.07576054334640503,-0.3793179988861084,-0.04188761159069543,-0.0405140221118927,-0.16589760780334473,-0.02284708849377637,-0.06311860680580139,-0.2532786726951599,-0.03198608800060754,-0.07938414812088013,-0.3067667484283447,-0.039405864172053384,-0.09258878231048584,-0.3460226058959961,-0.044993900202584314,-0.061650991439819336,-0.13409423828125,-0.030015923522782373,-0.07855117321014404,-0.20347070693969727,-0.03855968310720925,-0.09206748008728027,-0.2440662384033203,-0.041605014793944406,-0.10328367352485657,-0.27690374851226807,-0.043353237651658105,thank_you
0.0,0.0,0.0,0.043443530797958374,-0.06714212894439697,4.170218941812465e-05,0.0671764612197876,-0.14460062980651855,-0.001122890067409621,0.07121098041534424,-0.2113173007965088,-0.0018930672939232451,0.050968825817108154,-0.24822044372558594,-0.005135024808470057,0.027516841888427734,-0.19512474536895752,-0.0071161900685465795,0.0024224519729614258,-0.27874594926834106,-0.012750051360700176,-0.01623275876045227,-0.32504159212112427,-0.019395427223417805,-0.03193363547325134,-0.3616659939289093,-0.024449595626566456,0.0005792975425720215,-0.1772136092185974,-0.011924120973918484,-0.028574347496032715,-0.26741474866867065,-0.018721982281777905,-0.04640290141105652,-0.32619500160217285,-0.029299187850329922,-0.06321275234222412,-0.3695855736732483,-0.03816053402063613,-0.02362644672393799,-0.1550997495651245,-0.015319289084646748,-0.04951786994934082,-0.23790490627288818,-0.022153902243945645,-0.06354406476020813,-0.2961360216140747,-0.027260029133532093,-0.07410851120948792,-0.33411091566085815,-0.030976747539017246,-0.043962299823760986,-0.12574392557144165,-0.018112144809339092,-0.06303489208221436,-0.1932494044303894,-0.02251169216272597,-0.07469576597213745,-0.23310095071792603,-0.021056534167501972,-0.08301284909248352,-0.26574164628982544,-0.019616148810956524,thank_you
0.0,0.0,0.0,0.02815169095993042,-0.08055943250656128,0.003703165954004106,0.042482197284698486,-0.1614261269569397,0.004026200078453002,0.038718581199645996,-0.23286354541778564,0.003780776556606469,0.023049235343933105,-0.27493155002593994,0.0017867591614155742,-0.0007451772689819336,-0.2161487340927124,-0.004399375136916461,-0.029000133275985718,-0.30332422256469727,-0.010005149137203517,-0.04655677080154419,-0.34523797035217285,-0.015730844888810935,-0.06172630190849304,-0.3753291964530945,-0.01952397272360784,-0.02974039316177368,-0.19767063856124878,-0.010475118722741428,-0.058960407972335815,-0.2937270998954773,-0.013273996379201236,-0.07748919725418091,-0.3478344678878784,-0.017924768928413215,-0.0925557017326355,-0.3867456912994385,-0.02325297713649732,-0.05408543348312378,-0.170415997505188,-0.01585302882266504,-0.07930922508239746,-0.2583708167076111,-0.018329950127725425,-0.09407749772071838,-0.30928826332092285,-0.021888835433845344,-0.1055859923362732,-0.3447350859642029,-0.026013422835593047,-0.07448828220367432,-0.1370357871055603,-0.02062866658342344,-0.09413880109786987,-0.21197068691253662,-0.023371240202312293,-0.10602706670761108,-0.2533101439476013,-0.023617994118456664,-0.11523842811584473,-0.2863227128982544,-0.02411643050981027,thank_you
0.0,0.0,0.0,0.028769373893737793,-0.0771903395652771,-0.005445562133843396,0.03423914313316345,-0.1634918451309204,-0.010370583569908831,0.021052807569503784,-0.2384384274482727,-0.014180405361855719,0.009107023477554321,-0.2900107502937317,-0.018813463224375937,0.0020702779293060303,-0.18571895360946655,-0.02239319152971575,-0.020289182662963867,-0.28708624839782715,-0.03420807823380301,-0.03673529624938965,-0.33965569734573364,-0.04034096032222578,-0.05128967761993408,-0.37933552265167236,-0.043697234539592955,-0.027957171201705933,-0.16859465837478638,-0.025401506869400237,-0.05156809091567993,-0.27979689836502075,-0.03645607858737776,-0.06914299726486206,-0.3432832360267639,-0.042184409050548766,-0.08249557018280029,-0.3889980614185333,-0.04604800447663138,-0.05489674210548401,-0.14645951986312866,-0.02797604568144152,-0.07548657059669495,-0.2487660050392151,-0.036720164416635726,-0.08803793787956238,-0.30964237451553345,-0.0416928905232794,-0.09718114137649536,-0.35417765378952026,-0.04515707895001242,-0.07693731784820557,-0.12142258882522583,-0.030325180216038916,-0.09107470512390137,-0.20190662145614624,-0.038270987866724226,-0.10109105706214905,-0.24897360801696777,-0.0413588996215708,-0.10924527049064636,-0.2873281240463257,-0.042748019395673964,thank_you
0.0,0.0,0.0,0.028769373893737793,-0.0771903395652771,-0.005445562133843396,0.03423914313316345,-0.1634918451309204,-0.010370583569908831,0.021052807569503784,-0.2384384274482727,-0.014180405361855719,0.009107023477554321,-0.2900107502937317,-0.018813463224375937,0.0020702779293060303,-0.18571895360946655,-0.02239319152971575,-0.020289182662963867,-0.28708624839782715,-0.03420807823380301,-0.03673529624938965,-0.33965569734573364,-0.04034096032222578,-0.05128967761993408,-0.37933552265167236,-0.043697234539592955,-0.027957171201705933,-0.16859465837478638,-0.025401506869400237,-0.05156809091567993,-0.27979689836502075,-0.03645607858737776,-0.06914299726486206,-0.3432832360267639,-0.042184409050548766,-0.08249557018280029,-0.3889980614185333,-0.04604800447663138,-0.05489674210548401,-0.14645951986312866,-0.02797604568144152,-0.07548657059669495,-0.2487660050392151,-0.036720164416635726,-0.08803793787956238,-0.30964237451553345,-0.0416928905232794,-0.09718114137649536,-0.35417765378952026,-0.04515707895001242,-0.07693731784820557,-0.12142258882522583,-0.030325180216038916,-0.09107470512390137,-0.20190662145614624,-0.038270987866724226,-0.10109105706214905,-0.24897360801696777,-0.0413588996215708,-0.10924527049064636,-0.2873281240463257,-0.042748019395673964,thank_you
0.0,0.0,0.0,0.028769373893737793,-0.0771903395652771,-0.005445562133843396,0.03423914313316345,-0.1634918451309204,-0.010370583569908831,0.021052807569503784,-0.2384384274482727,-0.014180405361855719,0.009107023477554321,-0.2900107502937317,-0.018813463224375937,0.0020702779293060303,-0.18571895360946655,-0.02239319152971575,-0.020289182662963867,-0.28708624839782715,-0.03420807823380301,-0.03673529624938965,-0.33965569734573364,-0.04034096032222578,-0.05128967761993408,-0.37933552265167236,-0.043697234539592955,-0.027957171201705933,-0.16859465837478638,-0.025401506869400237,-0.05156809091567993,-0.27979689836502075,-0.03645607858737776,-0.06914299726486206,-0.3432832360267639,-0.042184409050548766,-0.08249557018280029,-0.3889980614185333,-0.04604800447663138,-0.05489674210548401,-0.14645951986312866,-0.02797604568144152,-0.07548657059669495,-0.2487660050392151,-0.036720164416635726,-0.08803793787956238,-0.30964237451553345,-0.0416928905232794,-0.09718114137649536,-0.35417765378952026,-0.04515707895001242,-0.07693731784820557,-0.12142258882522583,-0.030325180216038916,-0.09107470512390137,-0.20190662145614624,-0.038270987866724226,-0.10109105706214905,-0.24897360801696777,-0.0413588996215708,-0.10924527049064636,-0.2873281240463257,-0.042748019395673964,thank_you
0.0,0.0,0.0,0.05073419213294983,-0.023126721382141113,-0.026142416932366075,0.0866384506225586,-0.08660954236984253,-0.042512819581411065,0.10599455237388611,-0.14526575803756714,-0.05537252914228219,0.09686282277107239,-0.2045159935951233,-0.07061801146783608,0.03392302989959717,-0.11755234003067017,-0.0540159311524846,0.02408510446548462,-0.16960901021957397,-0.08631971519508141,0.007761448621749878,-0.20097345113754272,-0.11244639795341271,-0.010242342948913574,-0.23100519180297852,-0.13007534336366433,-0.0012043416500091553,-0.12924331426620483,-0.05433619808473367,-0.01592075824737549,-0.18264734745025635,-0.08661535423316735,-0.028072088956832886,-0.2136576771736145,-0.11450532864846963,-0.037816017866134644,-0.23865008354187012,-0.13701786886968392,-0.02828708291053772,-0.13284599781036377,-0.0555539172522046,-0.041733503341674805,-0.18328332901000977,-0.08492663543739098,-0.05419439077377319,-0.21586304903030396,-0.10683656524934548,-0.06383916735649109,-0.242684006690979,-0.12333250831880349,-0.04773837327957153,-0.12738847732543945,-0.05792588409104127,-0.058836400508880615,-0.17425179481506348,-0.08071641665019769,-0.07238179445266724,-0.19857072830200195,-0.09451827447929162,-0.08200401067733765,-0.22698217630386353,-0.10657849203862924,thank_you
0.0,0.0,0.0,0.0428999662399292,-0.03754401206970215,-0.028348783406528355,0.0771033763885498,-0.10922640562057495,-0.045356741550477864,0.09322598576545715,-0.17211759090423584,-0.05792612061193836,0.08487117290496826,-0.22439098358154297,-0.07214265913060558,0.02521255612373352,-0.11916834115982056,-0.05794694125941646,0.015500903129577637,-0.18348807096481323,-0.08934788257172954,0.0015942156314849854,-0.22052925825119019,-0.11250100136092556,-0.014477550983428955,-0.25396257638931274,-0.1275990963011111,-0.010893970727920532,-0.12508386373519897,-0.05598779246500385,-0.025621265172958374,-0.19304519891738892,-0.08790232092431438,-0.03692600131034851,-0.2315608263015747,-0.11102294773152721,-0.04605892300605774,-0.2593246102333069,-0.1289261192112292,-0.03718575835227966,-0.12737655639648438,-0.055087654295476796,-0.05112481117248535,-0.19266563653945923,-0.08366574198296917,-0.06340867280960083,-0.23167181015014648,-0.10253119319966686,-0.07326966524124146,-0.262887179851532,-0.11587422937444103,-0.054331302642822266,-0.12253713607788086,-0.05558200404337299,-0.06659203767776489,-0.17596405744552612,-0.07772085666945827,-0.07948702573776245,-0.20613539218902588,-0.09137991667083156,-0.09082382917404175,-0.23561608791351318,-0.1025228709011401,thank_you
0.0,0.0,0.0,0.0428999662399292,-0.03754401206970215,-0.028348783406528355,0.0771033763885498,-0.10922640562057495,-0.045356741550477864,0.09322598576545715,-0.17211759090423584,-0.05792612061193836,0.08487117290496826,-0.22439098358154297,-0.07214265913060558,0.02521255612373352,-0.11916834115982056,-0.05794694125941646,0.015500903129577637,-0.18348807096481323,-0.08934788257172954,0.0015942156314849854,-0.22052925825119019,-0.11250100136092556,-0.014477550983428955,-0.25396257638931274,-0.1275990963011111,-0.010893970727920532,-0.12508386373519897,-0.05598779246500385,-0.025621265172958374,-0.19304519891738892,-0.08790232092431438,-0.03692600131034851,-0.2315608263015747,-0.11102294773152721,-0.04605892300605774,-0.2593246102333069,-0.1289261192112292,-0.03718575835227966,-0.12737655639648438,-0.055087654295476796,-0.05112481117248535,-0.19266563653945923,-0.08366574198296917,-0.06340867280960083,-0.23167181015014648,-0.10253119319966686,-0.07326966524124146,-0.262887179851532,-0.11587422937444103,-0.054331302642822266,-0.12253713607788086,-0.05558200404337299,-0.06659203767776489,-0.17596405744552612,-0.07772085666945827,-0.07948702573776245,-0.20613539218902588,-0.09137991667083156,-0.09082382917404175,-0.23561608791351318,-0.1025228709011401,thank_you
0.0,0.0,0.0,0.04306039214134216,-0.029297590255737305,-0.02290792682779852,0.07696026563644409,-0.09821295738220215,-0.0358612380327088,0.09843522310256958,-0.1593073606491089,-0.045747484207282696,0.09310343861579895,-0.21805882453918457,-0.05728279718769613,0.02786320447921753,-0.12689518928527832,-0.04395650619281355,0.01764732599258423,-0.19494479894638062,-0.07143098780525747,0.0007232725620269775,-0.23175764083862305,-0.09307576635492865,-0.01996663212776184,-0.26354527473449707,-0.10697309592379156,-0.006681948900222778,-0.13242590427398682,-0.043720389843116436,-0.0228671133518219,-0.20274418592453003,-0.06986464479578558,-0.03675520420074463,-0.24149692058563232,-0.09035087296379629,-0.049405455589294434,-0.268738329410553,-0.10657958605898443,-0.033320218324661255,-0.12978577613830566,-0.044854267627130184,-0.047628551721572876,-0.19706261157989502,-0.06722666242731634,-0.0589660108089447,-0.23727202415466309,-0.08200921037806097,-0.0684066116809845,-0.27000272274017334,-0.09334711650026861,-0.05104765295982361,-0.1180427074432373,-0.04742252373708311,-0.06377604603767395,-0.16840440034866333,-0.06507544884098593,-0.0762116014957428,-0.19725120067596436,-0.07463436493290487,-0.08635309338569641,-0.22698193788528442,-0.08284611919535223,thank_you
0.0,0.0,0.0,0.04619529843330383,-0.038013756275177,-0.021054352821622047,0.07999381422996521,-0.11240458488464355,-0.033397748322997245,0.10019183158874512,-0.17521286010742188,-0.04276598543098942,0.09179428219795227,-0.23054593801498413,-0.05395941361955181,0.0264911949634552,-0.14005112648010254,-0.04272187426856533,0.01414373517036438,-0.2030184268951416,-0.06849515736273304,-0.0024003982543945312,-0.23786842823028564,-0.08882566839626804,-0.02148488163948059,-0.27152425050735474,-0.10255906284025684,-0.007013916969299316,-0.1417471170425415,-0.0434257939474918,-0.025307834148406982,-0.2080640196800232,-0.06581564545801655,-0.03910285234451294,-0.24818503856658936,-0.08344747424295917,-0.05047738552093506,-0.28013181686401367,-0.09900449514559284,-0.0333731472492218,-0.13528013229370117,-0.04538110941818729,-0.049238890409469604,-0.19907456636428833,-0.06516211033037678,-0.062048524618148804,-0.24135327339172363,-0.07709379792383686,-0.07150450348854065,-0.27937769889831543,-0.08761898726395145,-0.051645487546920776,-0.12072980403900146,-0.0487956658022739,-0.06537720561027527,-0.1686268448829651,-0.06525184512308613,-0.07879158854484558,-0.19692319631576538,-0.07295800298622623,-0.08947288990020752,-0.22900646924972534,-0.08023504465988651,thank_you
0.0,0.0,0.0,0.04619529843330383,-0.038013756275177,-0.021054352821622047,0.07999381422996521,-0.11240458488464355,-0.033397748322997245,0.10019183158874512,-0.17521286010742188,-0.04276598543098942,0.09179428219795227,-0.23054593801498413,-0.05395941361955181,0.0264911949634552,-0.14005112648010254,-0.04272187426856533,0.01414373517036438,-0.2030184268951416,-0.06849515736273304,-0.0024003982543945312,-0.23786842823028564,-0.08882566839626804,-0.02148488163948059,-0.27152425050735474,-0.10255906284025684,-0.007013916969299316,-0.1417471170425415,-0.0434257939474918,-0.025307834148406982,-0.2080640196800232,-0.06581564545801655,-0.03910285234451294,-0.24818503856658936,-0.08344747424295917,-0.05047738552093506,-0.28013181686401367,-0.09900449514559284,-0.0333731472492218,-0.13528013229370117,-0.04538110941818729,-0.049238890409469604,-0.19907456636428833,-0.06516211033037678,-0.062048524618148804,-0.24135327339172363,-0.07709379792383686,-0.07150450348854065,-0.27937769889831543,-0.08761898726395145,-0.051645487546920776,-0.12072980403900146,-0.0487956658022739,-0.06537720561027527,-0.1686268448829651,-0.06525184512308613,-0.07879158854484558,-0.19692319631576538,-0.07295800298622623,-0.08947288990020752,-0.22900646924972534,-0.08023504465988651,thank_you
0.0,0.0,0.0,0.039166003465652466,-0.06357485055923462,-0.0011026897825345827,0.06394028663635254,-0.15221315622329712,-0.002251511335749967,0.07979071140289307,-0.21821677684783936,-0.004384431884069784,0.0654260516166687,-0.263944149017334,-0.00895793213360463,0.0331781804561615,-0.19486010074615479,0.0028668279867574142,-0.0007227957248687744,-0.27099132537841797,-0.00506354904585038,-0.023355156183242798,-0.30949127674102783,-0.017155238788951976,-0.040215104818344116,-0.3407432436943054,-0.02627444210313712,0.0042237937450408936,-0.1798156499862671,-0.0024138145506427122,-0.03309187293052673,-0.2575274705886841,-0.007021397248287542,-0.05165255069732666,-0.30668550729751587,-0.01984370815419112,-0.06627565622329712,-0.34432923793792725,-0.03206432740055476,-0.023170173168182373,-0.16108304262161255,-0.008219072025646312,-0.05639076232910156,-0.2395116686820984,-0.01405050362311755,-0.0735950767993927,-0.28786641359329224,-0.021438111912836177,-0.08451372385025024,-0.32446932792663574,-0.028636145767201526,-0.04553079605102539,-0.14143610000610352,-0.013950630452860935,-0.07629799842834473,-0.205114483833313,-0.019021052297581775,-0.09301102161407471,-0.2380872368812561,-0.02005187737606917,-0.1007835865020752,-0.26816797256469727,-0.021603758808602436,thank_you
0.0,0.0,0.0,0.029132872819900513,-0.07709693908691406,-0.002763632296165497,0.04645135998725891,-0.1564531922340393,-0.005417942844843537,0.04887041449546814,-0.2289298176765442,-0.007786818158393771,0.03782728314399719,-0.27689093351364136,-0.011554938119417102,-0.0020419657230377197,-0.20016545057296753,-0.010296652403241069,-0.021056175231933594,-0.29134565591812134,-0.01819808625853625,-0.03545621037483215,-0.33971089124679565,-0.025260055747395427,-0.04969862103462219,-0.3749862313270569,-0.029962120887404353,-0.03212812542915344,-0.18439698219299316,-0.014522053611045749,-0.05428972840309143,-0.2834485173225403,-0.020284673508768947,-0.07027381658554077,-0.3406161665916443,-0.026698548656469256,-0.08331593871116638,-0.38169509172439575,-0.032490883332258136,-0.0583227276802063,-0.1602003574371338,-0.018727671664720447,-0.07580515742301941,-0.2554435729980469,-0.024055844482546718,-0.08685719966888428,-0.31182795763015747,-0.029067950632935435,-0.09565699100494385,-0.35267215967178345,-0.03358866677857009,-0.07994967699050903,-0.12999004125595093,-0.022801995587116153,-0.09404957294464111,-0.20878934860229492,-0.028830547195440204,-0.1046028733253479,-0.2517167329788208,-0.030628389057284267,-0.11333581805229187,-0.2864072322845459,-0.03153331981278029,thank_you
0.0,0.0,0.0,0.028317302465438843,-0.07918345928192139,-0.00030891916121333907,0.043694883584976196,-0.15763074159622192,-0.0011130262735576935,0.04439195990562439,-0.22796189785003662,-0.0021704515545906133,0.033346593379974365,-0.2751852869987488,-0.004069112111935169,-0.004844605922698975,-0.20886105298995972,-0.0028769582147987194,-0.027865976095199585,-0.29621458053588867,-0.008981030305037052,-0.04159259796142578,-0.3409982919692993,-0.015209372957357914,-0.05410778522491455,-0.37461644411087036,-0.019340029788324387,-0.03495723009109497,-0.19115948677062988,-0.007556988728353531,-0.05822080373764038,-0.2878645062446594,-0.012359503527292759,-0.07216581702232361,-0.34404128789901733,-0.0184812628302069,-0.08311435580253601,-0.38507840037345886,-0.023901485708663017,-0.059728771448135376,-0.16618448495864868,-0.012355329339513332,-0.07850611209869385,-0.25891661643981934,-0.01720662867755607,-0.08868390321731567,-0.3127618432044983,-0.021658466068217308,-0.09612852334976196,-0.35281383991241455,-0.025489739013025314,-0.07907980680465698,-0.1359398365020752,-0.016957337838718445,-0.09408816695213318,-0.21166878938674927,-0.021844678429076225,-0.10448691248893738,-0.2541514039039612,-0.023019603324243576,-0.11247283220291138,-0.2895655035972595,-0.023562115487763435,thank_you
0.0,0.0,0.0,0.028317302465438843,-0.07918345928192139,-0.00030891916121333907,0.043694883584976196,-0.15763074159622192,-0.0011130262735576935,0.04439195990562439,-0.22796189785003662,-0.0021704515545906133,0.033346593379974365,-0.2751852869987488,-0.004069112111935169,-0.004844605922698975,-0.20886105298995972,-0.0028769582147987194,-0.027865976095199585,-0.29621458053588867,-0.008981030305037052,-0.04159259796142578,-0.3409982919692993,-0.015209372957357914,-0.05410778522491455,-0.37461644411087036,-0.019340029788324387,-0.03495723009109497,-0.19115948677062988,-0.007556988728353531,-0.05822080373764038,-0.2878645062446594,-0.012359503527292759,-0.07216581702232361,-0.34404128789901733,-0.0184812628302069,-0.08311435580253601,-0.38507840037345886,-0.023901485708663017,-0.059728771448135376,-0.16618448495864868,-0.012355329339513332,-0.07850611209869385,-0.25891661643981934,-0.01720662867755607,-0.08868390321731567,-0.3127618432044983,-0.021658466068217308,-0.09612852334976196,-0.35281383991241455,-0.025489739013025314,-0.07907980680465698,-0.1359398365020752,-0.016957337838718445,-0.09408816695213318,-0.21166878938674927,-0.021844678429076225,-0.10448691248893738,-0.2541514039039612,-0.023019603324243576,-0.11247283220291138,-0.2895655035972595,-0.023562115487763435,thank_you
0.0,0.0,0.0,0.03443041443824768,-0.07306408882141113,3.9105131588001996e-05,0.05536410212516785,-0.15345466136932373,0.0004817872494520259,0.058407098054885864,-0.228759765625,0.0004781299457015109,0.040606170892715454,-0.27192366123199463,-0.001343878427281453,0.007877260446548462,-0.20638912916183472,-1.0404894158710931e-05,-0.014019221067428589,-0.2897149920463562,-0.003909383526764287,-0.029439479112625122,-0.33093780279159546,-0.010292912459693326,-0.04298323392868042,-0.3626900911331177,-0.015607435813866033,-0.022142410278320312,-0.19112980365753174,-0.005258972382865323,-0.04688933491706848,-0.28123509883880615,-0.007098229228279962,-0.0623382031917572,-0.33117038011550903,-0.013935357889852895,-0.07393947243690491,-0.3694821298122406,-0.021350103988073243,-0.046732038259506226,-0.16638225317001343,-0.01064761038752593,-0.06869587302207947,-0.2502187490463257,-0.013433589226327314,-0.08047950267791748,-0.2998890280723572,-0.01896637827040948,-0.08868718147277832,-0.33718347549438477,-0.024861506744048967,-0.06570202112197876,-0.13437604904174805,-0.016011098026059045,-0.08242872357368469,-0.2025102972984314,-0.019546605272910966,-0.09392264485359192,-0.2425740361213684,-0.021024236081860437,-0.10161575675010681,-0.27796655893325806,-0.022865751384518518,thank_you
0.0,0.0,0.0,0.03443041443824768,-0.07306408882141113,3.9105131588001996e-05,0.05536410212516785,-0.15345466136932373,0.0004817872494520259,0.058407098054885864,-0.228759765625,0.0004781299457015109,0.040606170892715454,-0.27192366123199463,-0.001343878427281453,0.007877260446548462,-0.20638912916183472,-1.0404894158710931e-05,-0.014019221067428589,-0.2897149920463562,-0.003909383526764287,-0.029439479112625122,-0.33093780279159546,-0.010292912459693326,-0.04298323392868042,-0.3626900911331177,-0.015607435813866033,-0.022142410278320312,-0.19112980365753174,-0.005258972382865323,-0.04688933491706848,-0.28123509883880615,-0.007098229228279962,-0.0623382031917572,-0.33117038011550903,-0.013935357889852895,-0.07393947243690491,-0.3694821298122406,-0.021350103988073243,-0.046732038259506226,-0.16638225317001343,-0.01064761038752593,-0.06869587302207947,-0.2502187490463257,-0.013433589226327314,-0.08047950267791748,-0.2998890280723572,-0.01896637827040948,-0.08868718147277832,-0.33718347549438477,-0.024861506744048967,-0.06570202112197876,-0.13437604904174805,-0.016011098026059045,-0.08242872357368469,-0.2025102972984314,-0.019546605272910966,-0.09392264485359192,-0.2425740361213684,-0.021024236081860437,-0.10161575675010681,-0.27796655893325806,-0.022865751384518518,thank_you
0.0,0.0,0.0,0.029713839292526245,-0.06840050220489502,-0.004118050705287146,0.049452751874923706,-0.14308249950408936,-0.009109651926550555,0.05425304174423218,-0.21140694618225098,-0.013211000036093878,0.03962463140487671,-0.25497835874557495,-0.01917547571996181,0.0030973851680755615,-0.18562155961990356,-0.018066883343848872,-0.018101006746292114,-0.2718127965927124,-0.02786952096560924,-0.03515937924385071,-0.31684809923171997,-0.03570346001127689,-0.051159948110580444,-0.35048311948776245,-0.04093472871521442,-0.026204675436019897,-0.16892802715301514,-0.02216747801342933,-0.049316078424453735,-0.26435160636901855,-0.030508136633429217,-0.06754225492477417,-0.31928491592407227,-0.03757408473232715,-0.08207419514656067,-0.3585361838340759,-0.04379590067604511,-0.05129575729370117,-0.14551782608032227,-0.02576501693168609,-0.07042992115020752,-0.23297983407974243,-0.0330580829415652,-0.08536946773529053,-0.2862616181373596,-0.03879335734585254,-0.0975191593170166,-0.3238071799278259,-0.043518340471777606,-0.07106831669807434,-0.11705148220062256,-0.029145172122511553,-0.08685779571533203,-0.18741989135742188,-0.03610874179342716,-0.09982842206954956,-0.2286754846572876,-0.038651054981741595,-0.110676109790802,-0.2638406753540039,-0.04020029518345325,thank_you
0.0,0.0,0.0,0.031538188457489014,-0.06833899021148682,-0.006418107588146427,0.05207332968711853,-0.1428157091140747,-0.013059697624598243,0.060412436723709106,-0.21293890476226807,-0.01857308535680602,0.051695406436920166,-0.2638357877731323,-0.024980860341642597,0.008362740278244019,-0.18983721733093262,-0.02091942406103442,-0.016212910413742065,-0.2867823839187622,-0.03207558630809615,-0.0318608283996582,-0.3375343084335327,-0.03956276043162177,-0.045364826917648315,-0.37517303228378296,-0.04405157505378554,-0.02188703417778015,-0.17292386293411255,-0.023689123381231525,-0.047318339347839355,-0.27591902017593384,-0.033907356251333454,-0.06412485241889954,-0.3360438942909241,-0.04099339484081099,-0.07704168558120728,-0.3798069953918457,-0.046566604215954044,-0.049520641565322876,-0.1508367657661438,-0.02613647146925757,-0.07118555903434753,-0.24884021282196045,-0.034159923482988575,-0.08457472920417786,-0.30651116371154785,-0.038926305760000446,-0.09461268782615662,-0.3478127717971802,-0.04266169532046149,-0.07324466109275818,-0.12613052129745483,-0.028599639002536037,-0.08834218978881836,-0.20657896995544434,-0.0354728498946173,-0.098276287317276,-0.2507282495498657,-0.03743730350241492,-0.10595589876174927,-0.28619617223739624,-0.03819800778136084,thank_you
0.0,0.0,0.0,0.031538188457489014,-0.06833899021148682,-0.006418107588146427,0.05207332968711853,-0.1428157091140747,-0.013059697624598243,0.060412436723709106,-0.21293890476226807,-0.01857308535680602,0.051695406436920166,-0.2638357877731323,-0.024980860341642597,0.008362740278244019,-0.18983721733093262,-0.02091942406103442,-0.016212910413742065,-0.2867823839187622,-0.03207558630809615,-0.0318608283996582,-0.3375343084335327,-0.03956276043162177,-0.045364826917648315,-0.37517303228378296,-0.04405157505378554,-0.02188703417778015,-0.17292386293411255,-0.023689123381231525,-0.047318339347839355,-0.27591902017593384,-0.033907356251333454,-0.06412485241889954,-0.3360438942909241,-0.04099339484081099,-0.07704168558120728,-0.3798069953918457,-0.046566604215954044,-0.049520641565322876,-0.1508367657661438,-0.02613647146925757,-0.07118555903434753,-0.24884021282196045,-0.034159923482988575,-0.08457472920417786,-0.30651116371154785,-0.038926305760000446,-0.09461268782615662,-0.3478127717971802,-0.04266169532046149,-0.07324466109275818,-0.12613052129745483,-0.028599639002536037,-0.08834218978881836,-0.20657896995544434,-0.0354728498946173,-0.098276287317276,-0.2507282495498657,-0.03743730350241492,-0.10595589876174927,-0.28619617223739624,-0.03819800778136084,thank_you
0.0,0.0,0.0,0.03300976753234863,-0.06501996517181396,-0.009334226962707248,0.05819433927536011,-0.13917505741119385,-0.017055894140682426,0.07327553629875183,-0.20664912462234497,-0.023661983091912475,0.07209327816963196,-0.25673913955688477,-0.03127762757667085,0.01400524377822876,-0.1865742802619934,-0.02250010043808004,-0.004041999578475952,-0.27502167224884033,-0.03591154970654031,-0.019830316305160522,-0.3202272653579712,-0.04608158477076074,-0.03517121076583862,-0.35475975275039673,-0.052776892561993805,-0.017825663089752197,-0.17006146907806396,-0.02519136563368818,-0.04301789402961731,-0.26694154739379883,-0.03661415808328172,-0.060199469327926636,-0.3236224055290222,-0.04599347047933122,-0.07391008734703064,-0.3689618706703186,-0.054586489577374664,-0.04511880874633789,-0.14984393119812012,-0.02808207728394052,-0.06740766763687134,-0.24125999212265015,-0.03806735657580873,-0.08176884055137634,-0.29670727252960205,-0.0436242864323475,-0.0928509533405304,-0.33983832597732544,-0.04864583619364282,-0.06703558564186096,-0.12751984596252441,-0.031416186024031845,-0.08445504307746887,-0.20268118381500244,-0.03936364584096452,-0.09486895799636841,-0.24627751111984253,-0.04178340070374986,-0.10224062204360962,-0.2829042077064514,-0.04376126163133165,thank_you
0.0,0.0,0.0,0.038502246141433716,-0.07530713081359863,-0.006166498407742083,0.0674859881401062,-0.15991920232772827,-0.012278910491636097,0.0830889344215393,-0.23427075147628784,-0.017425007883479893,0.07376241683959961,-0.2807459235191345,-0.024380344662835896,0.018002450466156006,-0.19452697038650513,-0.02003923593836099,0.0007042288780212402,-0.2831820249557495,-0.03271141997354299,-0.01732972264289856,-0.32687389850616455,-0.04258768237011701,-0.03521040081977844,-0.36143678426742554,-0.04917258000748426,-0.013653665781021118,-0.17156273126602173,-0.02392041659729749,-0.0438615083694458,-0.26729047298431396,-0.034920926902463734,-0.06180882453918457,-0.3235819339752197,-0.0449266505874899,-0.07514870166778564,-0.36743080615997314,-0.054639301959445774,-0.04020810127258301,-0.14902734756469727,-0.027696441624334156,-0.06751587986946106,-0.24176448583602905,-0.03836595243590146,-0.08178234100341797,-0.29669225215911865,-0.04505264735596448,-0.09184849262237549,-0.3395674228668213,-0.05100987083094388,-0.05937725305557251,-0.12770861387252808,-0.031449742380550205,-0.08118751645088196,-0.20820045471191406,-0.03961848444121152,-0.09437674283981323,-0.2518485188484192,-0.04197373590247899,-0.10314631462097168,-0.29131460189819336,-0.044311277333667576,thank_you
0.0,0.0,0.0,0.038502246141433716,-0.07530713081359863,-0.006166498407742083,0.0674859881401062,-0.15991920232772827,-0.012278910491636097,0.0830889344215393,-0.23427075147628784,-0.017425007883479893,0.07376241683959961,-0.2807459235191345,-0.024380344662835896,0.018002450466156006,-0.19452697038650513,-0.02003923593836099,0.0007042288780212402,-0.2831820249557495,-0.03271141997354299,-0.01732972264289856,-0.32687389850616455,-0.04258768237011701,-0.03521040081977844,-0.36143678426742554,-0.04917258000748426,-0.013653665781021118,-0.17156273126602173,-0.02392041659729749,-0.0438615083694458,-0.26729047298431396,-0.034920926902463734,-0.06180882453918457,-0.3235819339752197,-0.0449266505874899,-0.07514870166778564,-0.36743080615997314,-0.054639301959445774,-0.04020810127258301,-0.14902734756469727,-0.027696441624334156,-0.06751587986946106,-0.24176448583602905,-0.03836595243590146,-0.08178234100341797,-0.29669225215911865,-0.04505264735596448,-0.09184849262237549,-0.3395674228668213,-0.05100987083094388,-0.05937725305557251,-0.12770861387252808,-0.031449742380550205,-0.08118751645088196,-0.20820045471191406,-0.03961848444121152,-0.09437674283981323,-0.2518485188484192,-0.04197373590247899,-0.10314631462097168,-0.29131460189819336,-0.044311277333667576,thank_you
0.0,0.0,0.0,0.036744892597198486,-0.06973922252655029,-0.0110651916100597,0.062033623456954956,-0.15152156352996826,-0.02027407849421259,0.07346907258033752,-0.22144585847854614,-0.027388431152603587,0.05904805660247803,-0.2611076235771179,-0.03618898431052919,0.011401653289794922,-0.16833674907684326,-0.03170673737516161,-0.009603738784790039,-0.24640244245529175,-0.04623097369661089,-0.026082873344421387,-0.2921682596206665,-0.056684484726092776,-0.041368335485458374,-0.3303481936454773,-0.06417443046560045,-0.020718544721603394,-0.14584332704544067,-0.03409906665076967,-0.04889869689941406,-0.23111414909362793,-0.04777994940271135,-0.06660223007202148,-0.2856718897819519,-0.05806689897765871,-0.07942858338356018,-0.32938694953918457,-0.06803513506641146,-0.04712238907814026,-0.1250673532485962,-0.03604661861648317,-0.07290726900100708,-0.2072967290878296,-0.048217171823880633,-0.08720096945762634,-0.2610809803009033,-0.055209571516416034,-0.09747681021690369,-0.3037980794906616,-0.06154241228689905,-0.06628742814064026,-0.10597282648086548,-0.038339065408608874,-0.08737370371818542,-0.1776711344718933,-0.04764570856680628,-0.09933924674987793,-0.21985524892807007,-0.05109835231890436,-0.10817769169807434,-0.25767046213150024,-0.05455858076205011,thank_you
0.0,0.0,0.0,0.03251814842224121,-0.09065526723861694,3.935344630434656e-05,0.05417945981025696,-0.19557631015777588,-0.003022623015745296,0.06113770604133606,-0.272951602935791,-0.006799731403766884,0.03999662399291992,-0.31396758556365967,-0.013304098975090994,0.021297544240951538,-0.21101117134094238,-0.009463462513117804,-0.018207281827926636,-0.29817765951156616,-0.02078698435816051,-0.04367801547050476,-0.33881354331970215,-0.03218498127552749,-0.06467962265014648,-0.3718288540840149,-0.040560979861943736,-0.018624722957611084,-0.18806517124176025,-0.01634515309724094,-0.06839227676391602,-0.274469256401062,-0.0244241715410638,-0.09114286303520203,-0.3269721269607544,-0.03530506091210128,-0.10968887805938721,-0.365054190158844,-0.04637541668507339,-0.053432852029800415,-0.16405856609344482,-0.023140606004922404,-0.09547793865203857,-0.2550223469734192,-0.03156239585968734,-0.11381193995475769,-0.30751532316207886,-0.0374787864277053,-0.12764176726341248,-0.34748363494873047,-0.04350636946055175,-0.07936960458755493,-0.14204108715057373,-0.029624738265006556,-0.10976311564445496,-0.21977585554122925,-0.036844812799422755,-0.12630411982536316,-0.25995689630508423,-0.037597746122806086,-0.13642850518226624,-0.29757988452911377,-0.03874379070493461,thank_you
0.0,0.0,0.0,0.038170039653778076,-0.06463354825973511,-0.010406247892168707,0.06555512547492981,-0.1434023380279541,-0.020355490588334746,0.07735279202461243,-0.21068698167800903,-0.028237508230594344,0.06318232417106628,-0.24806755781173706,-0.03796591758051271,0.016044408082962036,-0.16645389795303345,-0.033879330002454466,-0.004475533962249756,-0.24839603900909424,-0.04973969011822099,-0.022124916315078735,-0.29236310720443726,-0.060455107682136244,-0.03888317942619324,-0.32764333486557007,-0.06774701326408739,-0.01563546061515808,-0.1435956358909607,-0.036928185813811965,-0.044971853494644165,-0.23321056365966797,-0.05182596444406862,-0.06180480122566223,-0.2867531180381775,-0.062120204412130064,-0.07366257905960083,-0.32836318016052246,-0.07168790846386308,-0.04128831624984741,-0.12401789426803589,-0.03936257361688966,-0.06814342737197876,-0.21216875314712524,-0.05226724743166322,-0.0820993185043335,-0.26617515087127686,-0.05904278680005426,-0.09205934405326843,-0.30833470821380615,-0.06496849059381837,-0.059783995151519775,-0.10686957836151123,-0.04197144656696672,-0.0818033516407013,-0.1827206015586853,-0.051594713323501296,-0.09390249848365784,-0.22530460357666016,-0.05467007457533235,-0.10287013649940491,-0.26320743560791016,-0.057555788748649306,thank_you
0.0,0.0,0.0,0.038170039653778076,-0.06463354825973511,-0.010406247892168707,0.06555512547492981,-0.1434023380279541,-0.020355490588334746,0.07735279202461243,-0.21068698167800903,-0.028237508230594344,0.06318232417106628,-0.24806755781173706,-0.03796591758051271,0.016044408082962036,-0.16645389795303345,-0.033879330002454466,-0.004475533962249756,-0.24839603900909424,-0.04973969011822099,-0.022124916315078735,-0.29236310720443726,-0.060455107682136244,-0.03888317942619324,-0.32764333486557007,-0.06774701326408739,-0.01563546061515808,-0.1435956358909607,-0.036928185813811965,-0.044971853494644165,-0.23321056365966797,-0.05182596444406862,-0.06180480122566223,-0.2867531180381775,-0.062120204412130064,-0.07366257905960083,-0.32836318016052246,-0.07168790846386308,-0.04128831624984741,-0.12401789426803589,-0.03936257361688966,-0.06814342737197876,-0.21216875314712524,-0.05226724743166322,-0.0820993185043335,-0.26617515087127686,-0.05904278680005426,-0.09205934405326843,-0.30833470821380615,-0.06496849059381837,-0.059783995151519775,-0.10686957836151123,-0.04197144656696672,-0.0818033516407013,-0.1827206015586853,-0.051594713323501296,-0.09390249848365784,-0.22530460357666016,-0.05467007457533235,-0.10287013649940491,-0.26320743560791016,-0.057555788748649306,thank_you
0.0,0.0,0.0,0.035042136907577515,-0.06973016262054443,-0.009096237555771935,0.05952528119087219,-0.14819306135177612,-0.016243648440271485,0.07049587368965149,-0.21745288372039795,-0.02211115388634788,0.05948963761329651,-0.26077044010162354,-0.02932799859407531,0.009335815906524658,-0.17721766233444214,-0.024554547578722108,-0.01082107424736023,-0.2544667720794678,-0.0378865140533744,-0.02728557586669922,-0.2997594475746155,-0.04796871422293769,-0.04389140009880066,-0.338508665561676,-0.054928648010521997,-0.022226184606552124,-0.15737676620483398,-0.02745032003584491,-0.04958489537239075,-0.24322926998138428,-0.03930199770691978,-0.06762412190437317,-0.2976292371749878,-0.048847905085116494,-0.08169537782669067,-0.3430572748184204,-0.05792267499926673,-0.048221975564956665,-0.13738995790481567,-0.03017151980164634,-0.07270431518554688,-0.2183547019958496,-0.04095573602679359,-0.08704134821891785,-0.268856942653656,-0.0471578004813491,-0.0978405773639679,-0.3093733787536621,-0.05255063875082122,-0.06768280267715454,-0.11762404441833496,-0.03328532604935752,-0.08748272061347961,-0.18823784589767456,-0.04130994407895194,-0.09929785132408142,-0.2294600009918213,-0.043781115398436654,-0.10800299048423767,-0.2662466764450073,-0.04609227432373153,thank_you
0.0,0.0,0.0,0.0371396541595459,-0.07239806652069092,-0.008098804590705555,0.06405028700828552,-0.1491692066192627,-0.01484522429615609,0.07485994696617126,-0.21981048583984375,-0.01994325426727883,0.06193011999130249,-0.26523494720458984,-0.026497895096841972,0.011953383684158325,-0.17916572093963623,-0.023611774866882485,-0.009138166904449463,-0.25734513998031616,-0.03628118169814698,-0.027387917041778564,-0.2998393774032593,-0.04623589125782601,-0.04543140530586243,-0.3350749611854553,-0.052934708272520226,-0.019337981939315796,-0.1563740372657776,-0.025778770645562332,-0.047260403633117676,-0.24110138416290283,-0.037695707952085655,-0.06625470519065857,-0.295284628868103,-0.04784066063672654,-0.08065322041511536,-0.33935171365737915,-0.05736286399275414,-0.04504936933517456,-0.13336098194122314,-0.027569957276288193,-0.07002478837966919,-0.2150028944015503,-0.038208110456768196,-0.08570751547813416,-0.2669745683670044,-0.044839604025188606,-0.0972551703453064,-0.3074372410774231,-0.050520966028276604,-0.06431400775909424,-0.11136555671691895,-0.029491687392297905,-0.0843610167503357,-0.18350458145141602,-0.037234308396879356,-0.09752240777015686,-0.22586780786514282,-0.04003659469396226,-0.10660701990127563,-0.26357245445251465,-0.04261818734318368,thank_you
0.0,0.0,0.0,0.033207833766937256,-0.06580668687820435,-0.010913929978002557,0.05770069360733032,-0.1487751007080078,-0.01894302766918088,0.06938356161117554,-0.2168256640434265,-0.025348913931836137,0.06251025199890137,-0.2605491280555725,-0.032882933580864915,0.011948168277740479,-0.18341612815856934,-0.026476130896796235,-0.010584592819213867,-0.26426082849502563,-0.04094861921070958,-0.02713790535926819,-0.3091520071029663,-0.051276628935326585,-0.04207998514175415,-0.34582823514938354,-0.058671862894286164,-0.020212918519973755,-0.1672711968421936,-0.02885145608483697,-0.045891642570495605,-0.2500046491622925,-0.04264074664710904,-0.06110730767250061,-0.2990671396255493,-0.05279655482767964,-0.07201379537582397,-0.3400976061820984,-0.061610677355517396,-0.04665890336036682,-0.14710527658462524,-0.03141502019165898,-0.07019636034965515,-0.2285977005958557,-0.04411782797573949,-0.08416929841041565,-0.2799173593521118,-0.05131065201162244,-0.09426555037498474,-0.32160693407058716,-0.05714173715709592,-0.06581485271453857,-0.12508177757263184,-0.03442703288196469,-0.08375373482704163,-0.1911756992340088,-0.04511731963752652,-0.09672421216964722,-0.23162245750427246,-0.04972031440733815,-0.10654091835021973,-0.2660474181175232,-0.05313799258469487,thank_you
0.0,0.0,0.0,0.030270516872406006,-0.07356780767440796,-0.004107364726877449,0.04590967297554016,-0.15375006198883057,-0.007253940025037764,0.049432069063186646,-0.22640454769134521,-0.009919070446557043,0.03993123769760132,-0.27849847078323364,-0.01346493027514839,0.0011854171752929688,-0.20164752006530762,-0.01097568757242584,-0.019428789615631104,-0.29263895750045776,-0.018471010768479346,-0.03295442461967468,-0.3389877676963806,-0.024893334874576567,-0.04437699913978577,-0.3743351697921753,-0.029220920795268057,-0.028404653072357178,-0.18665432929992676,-0.01392083968377733,-0.04904261231422424,-0.28375697135925293,-0.019984909141129492,-0.06221085786819458,-0.3388308882713318,-0.026514141628211974,-0.07226148247718811,-0.3811253011226654,-0.032209786394304274,-0.05423542857170105,-0.16460102796554565,-0.016880555817550658,-0.07201409339904785,-0.25698375701904297,-0.022158595541185377,-0.08422848582267761,-0.31072384119033813,-0.027345617109602927,-0.09397533535957336,-0.3518783450126648,-0.03190481922931099,-0.07469192147254944,-0.13759374618530273,-0.01990515440112972,-0.08702078461647034,-0.2124003767967224,-0.025098732480472563,-0.09788426756858826,-0.2534518837928772,-0.027056962990826605,-0.10687482357025146,-0.28690481185913086,-0.02821671664125347,thank_you
0.0,0.0,0.0,0.02996101975440979,-0.08373391628265381,0.00916655273863487,0.041467487812042236,-0.1652272343635559,0.014358183422474191,0.038588106632232666,-0.2367209792137146,0.01721402449288778,0.02792036533355713,-0.2847104072570801,0.018558118545798585,0.0011999905109405518,-0.22458070516586304,0.013594839775351808,-0.02561447024345398,-0.30762314796447754,0.012705902622429655,-0.04141560196876526,-0.34841328859329224,0.008049308375803754,-0.053999245166778564,-0.37892475724220276,0.004613894091336057,-0.026682943105697632,-0.21086472272872925,0.006011093088774011,-0.05298054218292236,-0.30007439851760864,0.007225039468495176,-0.06825438141822815,-0.34847283363342285,0.0027533306808900093,-0.07921987771987915,-0.3849625587463379,-0.0021986483527589584,-0.05058729648590088,-0.18876910209655762,-0.0013990224736053491,-0.0732927918434143,-0.2717921733856201,-0.0007918784442599858,-0.08583611249923706,-0.31909334659576416,-0.003883633709164336,-0.09490969777107239,-0.3546014428138733,-0.007550099811168387,-0.07095634937286377,-0.15972775220870972,-0.008198134547682479,-0.08683690428733826,-0.23052412271499634,-0.007977533100755885,-0.09775125980377197,-0.2668042778968811,-0.006727591569187119,-0.10627380013465881,-0.2963371276855469,-0.006115159432055428,thank_you
0.0,0.0,0.0,0.02996101975440979,-0.08373391628265381,0.00916655273863487,0.041467487812042236,-0.1652272343635559,0.014358183422474191,0.038588106632232666,-0.2367209792137146,0.01721402449288778,0.02792036533355713,-0.2847104072570801,0.018558118545798585,0.0011999905109405518,-0.22458070516586304,0.013594839775351808,-0.02561447024345398,-0.30762314796447754,0.012705902622429655,-0.04141560196876526,-0.34841328859329224,0.008049308375803754,-0.053999245166778564,-0.37892475724220276,0.004613894091336057,-0.026682943105697632,-0.21086472272872925,0.006011093088774011,-0.05298054218292236,-0.30007439851760864,0.007225039468495176,-0.06825438141822815,-0.34847283363342285,0.0027533306808900093,-0.07921987771987915,-0.3849625587463379,-0.0021986483527589584,-0.05058729648590088,-0.18876910209655762,-0.0013990224736053491,-0.0732927918434143,-0.2717921733856201,-0.0007918784442599858,-0.08583611249923706,-0.31909334659576416,-0.003883633709164336,-0.09490969777107239,-0.3546014428138733,-0.007550099811168387,-0.07095634937286377,-0.15972775220870972,-0.008198134547682479,-0.08683690428733826,-0.23052412271499634,-0.007977533100755885,-0.09775125980377197,-0.2668042778968811,-0.006727591569187119,-0.10627380013465881,-0.2963371276855469,-0.006115159432055428,thank_you
0.0,0.0,0.0,0.03014272451400757,-0.08827155828475952,0.01731713638181276,0.04032576084136963,-0.16719770431518555,0.027325233076759048,0.03976127505302429,-0.23758316040039062,0.03418238610500879,0.025819391012191772,-0.27924203872680664,0.03949277252430505,-0.0018418431282043457,-0.2328885793685913,0.024280307446666427,-0.029786348342895508,-0.3186056613922119,0.028521874551721282,-0.0452275276184082,-0.35503268241882324,0.028074519340940185,-0.056470900774002075,-0.38024359941482544,0.027439489592858024,-0.02901521325111389,-0.21817851066589355,0.015319016394265361,-0.05717754364013672,-0.3111077547073364,0.020151422922559448,-0.07098963856697083,-0.3548635244369507,0.019143890221663185,-0.07924649119377136,-0.387351930141449,0.017089781914897628,-0.053740471601486206,-0.19400203227996826,0.0071517439606267885,-0.07858261466026306,-0.2802433371543884,0.009860573899992175,-0.09020128846168518,-0.32699912786483765,0.00946666915441341,-0.09763094782829285,-0.360723614692688,0.008197798025854297,-0.07511821389198303,-0.16262537240982056,0.00042072198592535415,-0.0923280119895935,-0.2373068928718567,0.002427789713316031,-0.10230249166488647,-0.2747366428375244,0.0056175380992371515,-0.10919815301895142,-0.3045307993888855,0.00797618888790197,thank_you
0.0,0.0,0.0,0.03071656823158264,-0.07905137538909912,0.006921235295202166,0.04600289463996887,-0.15484851598739624,0.009616877706910998,0.047618329524993896,-0.22402578592300415,0.010475221844579607,0.034454792737960815,-0.26640307903289795,0.010331123890544802,0.007556259632110596,-0.21769648790359497,0.010123397978212267,-0.012834787368774414,-0.3091244697570801,0.008692889297570616,-0.02201598882675171,-0.34723907709121704,0.004882298233177096,-0.02795201539993286,-0.37250977754592896,0.002387692742239267,-0.023032933473587036,-0.20596611499786377,0.003874130370284945,-0.04291260242462158,-0.303158700466156,0.004296753378774554,-0.05196675658226013,-0.3517402410507202,0.00035358685786235355,-0.057863056659698486,-0.38439473509788513,-0.0035662804169547258,-0.049501240253448486,-0.18576443195343018,-0.002139260005016297,-0.06567779183387756,-0.2790943384170532,-0.0023732683060657678,-0.07275819778442383,-0.3292005956172943,-0.004619749439690679,-0.07749128341674805,-0.36481285095214844,-0.007227121563438743,-0.0713503360748291,-0.15866082906723022,-0.007516497922871679,-0.08185309171676636,-0.23450469970703125,-0.00820161419901666,-0.08850914239883423,-0.27614104747772217,-0.006611840044890016,-0.0931897759437561,-0.3094853162765503,-0.005203550392572254,thank_you
0.0,0.0,0.0,0.03875398635864258,-0.07420933246612549,0.006804529585320296,0.059936583042144775,-0.16060644388198853,0.007619271994013133,0.06703531742095947,-0.23608094453811646,0.006158893935758414,0.0504402220249176,-0.2857843041419983,0.0026149635747110267,0.033286333084106445,-0.21739035844802856,0.003707769567522945,0.01237604022026062,-0.31122028827667236,-0.0033995264597201924,-0.001752316951751709,-0.35534393787384033,-0.011114053886007724,-0.012910783290863037,-0.3869103789329529,-0.016559144008528648,0.0020237863063812256,-0.21535801887512207,-0.005796091157566963,-0.018113404512405396,-0.32256484031677246,-0.012950235504280982,-0.032399773597717285,-0.37765955924987793,-0.020154697347056327,-0.04363897442817688,-0.4181656241416931,-0.02550802705026811,-0.02840915322303772,-0.20179754495620728,-0.014902329530190883,-0.045530349016189575,-0.30479955673217773,-0.021866140413653312,-0.05642649531364441,-0.35940319299697876,-0.024632507461678443,-0.06413733959197998,-0.40076667070388794,-0.02640396495498365,-0.0557551383972168,-0.1779385805130005,-0.023163549128543792,-0.06747591495513916,-0.2587369680404663,-0.028152897480499206,-0.07691335678100586,-0.29995274543762207,-0.02610077661610788,-0.08290380239486694,-0.333254873752594,-0.023805815253030715,thank_you
0.0,0.0,0.0,0.04168057441711426,-0.045568108558654785,-0.015372973314828897,0.07445007562637329,-0.1122509241104126,-0.02663933151156428,0.08294612169265747,-0.17850351333618164,-0.034138672433204675,0.07438701391220093,-0.22583389282226562,-0.043195199600763345,0.023006677627563477,-0.13678354024887085,-0.04248500280768397,0.005776703357696533,-0.20878130197525024,-0.059543833515949274,-0.009596765041351318,-0.2509598731994629,-0.07059057094842913,-0.022824525833129883,-0.29141950607299805,-0.07854858078748705,-0.013123810291290283,-0.12166881561279297,-0.04313410111457827,-0.033321499824523926,-0.20806729793548584,-0.05897889696747782,-0.047010958194732666,-0.26117265224456787,-0.06971550025732043,-0.05516090989112854,-0.30728065967559814,-0.08041937687189105,-0.04153606295585632,-0.11003333330154419,-0.04310151227504733,-0.05877801775932312,-0.1918392777442932,-0.05730062761098864,-0.07032814621925354,-0.24304842948913574,-0.06520945616752627,-0.07670629024505615,-0.28943729400634766,-0.07253805585891726,-0.06478720903396606,-0.09774017333984375,-0.043431539467878366,-0.0806119441986084,-0.16489964723587036,-0.05437365212232592,-0.08977252244949341,-0.20201194286346436,-0.058696408204145456,-0.09492301940917969,-0.23926997184753418,-0.06299306490213397,thank_you
0.0,0.0,0.0,0.03927120566368103,-0.058668434619903564,-0.010287354143926564,0.07166895270347595,-0.12898075580596924,-0.02027410585678524,0.09337592124938965,-0.19740009307861328,-0.027869559268125954,0.08897125720977783,-0.24698102474212646,-0.03716130685306496,0.022945255041122437,-0.1634696125984192,-0.030757540280589524,0.005336254835128784,-0.2502683401107788,-0.04598930608726448,-0.010344505310058594,-0.29765212535858154,-0.05786183979607529,-0.025036156177520752,-0.3374326825141907,-0.06604364644981331,-0.015248984098434448,-0.1479976773262024,-0.03307371344662613,-0.03771856427192688,-0.24883651733398438,-0.0465448809812159,-0.050378650426864624,-0.3058745861053467,-0.05715873595572418,-0.05805513262748718,-0.35116255283355713,-0.06756854933000511,-0.04499012231826782,-0.13527804613113403,-0.03490351271129555,-0.06387931108474731,-0.231042742729187,-0.04653665926552719,-0.07212960720062256,-0.2912726402282715,-0.05348674338556236,-0.07637491822242737,-0.34288090467453003,-0.06020426880813545,-0.06603968143463135,-0.12276887893676758,-0.03696191814042038,-0.08164948225021362,-0.20197564363479614,-0.04549693819380707,-0.08928200602531433,-0.24741721153259277,-0.04800912868476814,-0.09202593564987183,-0.29143208265304565,-0.05098701399064964,thank_you
0.0,0.0,0.0,0.03896448016166687,-0.052677273750305176,-0.012110415088073978,0.06713750958442688,-0.12198591232299805,-0.02326068578852869,0.08315083384513855,-0.18619942665100098,-0.031498226510422,0.07420438528060913,-0.23084783554077148,-0.04164687840832926,0.022833704948425293,-0.15062206983566284,-0.0364612035323546,-0.0010778307914733887,-0.23883026838302612,-0.051771964119808445,-0.016791313886642456,-0.2895686626434326,-0.061639121906893024,-0.0303308367729187,-0.33265799283981323,-0.06821608095063425,-0.01335105299949646,-0.13534122705459595,-0.037930957214967975,-0.038436293601989746,-0.23505854606628418,-0.05448123364342905,-0.05319949984550476,-0.2984902858734131,-0.06674073188199259,-0.06357333064079285,-0.345584511756897,-0.07686918525590158,-0.04224342107772827,-0.12225914001464844,-0.03825785516394831,-0.06277531385421753,-0.21484249830245972,-0.05209936870826937,-0.07391732931137085,-0.2776067852973938,-0.06137394084228731,-0.08122614026069641,-0.3266972303390503,-0.06814381776942469,-0.06382644176483154,-0.1085701584815979,-0.03848031087412096,-0.08007639646530151,-0.1880282759666443,-0.04856503306521631,-0.08988195657730103,-0.2343810796737671,-0.05259679927124239,-0.0957813560962677,-0.2756849527359009,-0.05562419368519045,thank_you
0.0,0.0,0.0,0.03896448016166687,-0.052677273750305176,-0.012110415088073978,0.06713750958442688,-0.12198591232299805,-0.02326068578852869,0.08315083384513855,-0.18619942665100098,-0.031498226510422,0.07420438528060913,-0.23084783554077148,-0.04164687840832926,0.022833704948425293,-0.15062206983566284,-0.0364612035323546,-0.0010778307914733887,-0.23883026838302612,-0.051771964119808445,-0.016791313886642456,-0.2895686626434326,-0.061639121906893024,-0.0303308367729187,-0.33265799283981323,-0.06821608095063425,-0.01335105299949646,-0.13534122705459595,-0.037930957214967975,-0.038436293601989746,-0.23505854606628418,-0.05448123364342905,-0.05319949984550476,-0.2984902858734131,-0.06674073188199259,-0.06357333064079285,-0.345584511756897,-0.07686918525590158,-0.04224342107772827,-0.12225914001464844,-0.03825785516394831,-0.06277531385421753,-0.21484249830245972,-0.05209936870826937,-0.07391732931137085,-0.2776067852973938,-0.06137394084228731,-0.08122614026069641,-0.3266972303390503,-0.06814381776942469,-0.06382644176483154,-0.1085701584815979,-0.03848031087412096,-0.08007639646530151,-0.1880282759666443,-0.04856503306521631,-0.08988195657730103,-0.2343810796737671,-0.05259679927124239,-0.0957813560962677,-0.2756849527359009,-0.05562419368519045,thank_you
0.0,0.0,0.0,0.03773897886276245,-0.05922955274581909,-0.013304634931955661,0.06244158744812012,-0.14091485738754272,-0.023649568650398578,0.07112878561019897,-0.21172457933425903,-0.03100822212127241,0.06385627388954163,-0.2592799663543701,-0.03921462127891573,0.01798248291015625,-0.1693771481513977,-0.03589092099991831,-0.006122320890426636,-0.25819456577301025,-0.05081449354020151,-0.022409409284591675,-0.3059617280960083,-0.05973208973136934,-0.03798997402191162,-0.3453773856163025,-0.06544101888266596,-0.017627418041229248,-0.1520875096321106,-0.03625174516764673,-0.04314419627189636,-0.25036680698394775,-0.0501060811611751,-0.05824115872383118,-0.308104932308197,-0.058007697555694904,-0.06801000237464905,-0.352968692779541,-0.06494547331658396,-0.04699122905731201,-0.135489821434021,-0.03617126399603876,-0.06838575005531311,-0.23126620054244995,-0.04731236303177866,-0.07968908548355103,-0.28768980503082275,-0.05247661376324686,-0.08684217929840088,-0.32907330989837646,-0.05651368105736765,-0.06870552897453308,-0.11880683898925781,-0.03655419403639826,-0.08459526300430298,-0.19879299402236938,-0.04507524797645601,-0.09379726648330688,-0.2451183795928955,-0.047987706008825626,-0.09905841946601868,-0.28234368562698364,-0.049893866274032916,thank_you
0.0,0.0,0.0,0.03586995601654053,-0.054576218128204346,-0.01642732318820528,0.06671586632728577,-0.12496638298034668,-0.028578454594631708,0.08054882287979126,-0.19383388757705688,-0.03711353239001802,0.07307887077331543,-0.24545669555664062,-0.04631891843261293,0.01902252435684204,-0.15114986896514893,-0.0416682064193683,0.0031853318214416504,-0.23474133014678955,-0.057779401506801165,-0.01079133152961731,-0.2787967920303345,-0.0677924826401668,-0.025028139352798462,-0.31689995527267456,-0.07450935241164736,-0.015284419059753418,-0.13599389791488647,-0.040833450819869554,-0.03712022304534912,-0.23028576374053955,-0.05458952483119539,-0.05057525634765625,-0.2826817035675049,-0.06234837692560724,-0.06058204174041748,-0.3256639242172241,-0.07048927244128755,-0.04315808415412903,-0.12177073955535889,-0.03966377299608759,-0.06121477484703064,-0.21218663454055786,-0.051267240162511385,-0.07233822345733643,-0.2643353343009949,-0.05594122033896021,-0.08078554272651672,-0.3055034279823303,-0.06086598333301119,-0.06446859240531921,-0.10736936330795288,-0.03930010643186144,-0.08081704378128052,-0.1811346411705017,-0.04880974438371233,-0.08889752626419067,-0.22397500276565552,-0.052549343522210634,-0.09468522667884827,-0.26054495573043823,-0.056017495657821215,thank_you
0.0,0.0,0.0,0.036868274211883545,-0.06444603204727173,-0.0077398623311246695,0.0612412691116333,-0.14597058296203613,-0.015774606165411598,0.06886360049247742,-0.2154761552810669,-0.022165228051068908,0.060264378786087036,-0.26269036531448364,-0.029677326229336387,0.019227057695388794,-0.18175572156906128,-0.030233648043992645,-0.0012898445129394531,-0.2787320613861084,-0.04597463309479011,-0.018578261137008667,-0.3255466818809509,-0.05611460134101165,-0.03545692563056946,-0.3582364320755005,-0.06211081742954505,-0.016300052404403687,-0.1630023717880249,-0.03318693339538825,-0.04218754172325134,-0.26590263843536377,-0.04687714799952758,-0.059318095445632935,-0.32117170095443726,-0.055300085243704444,-0.07244399189949036,-0.3615480661392212,-0.06295569091749442,-0.04515990614891052,-0.1424587368965149,-0.03559027090382827,-0.06805947422981262,-0.23748791217803955,-0.0470141865284468,-0.08248430490493774,-0.2926541566848755,-0.052349685129644996,-0.09363743662834167,-0.33193767070770264,-0.05691440626693023,-0.06673687696456909,-0.12036854028701782,-0.03794499337387336,-0.08513310551643372,-0.19836550951004028,-0.04642820581507934,-0.09675085544586182,-0.24238425493240356,-0.049055556205036766,-0.10562092065811157,-0.27815163135528564,-0.051171368357660896,thank_you
0.0,0.0,0.0,0.0336894690990448,-0.06694173812866211,-0.008440416322720523,0.051164478063583374,-0.1448432207107544,-0.013216262699735637,0.05944839119911194,-0.21230345964431763,-0.017313690872562404,0.053117990493774414,-0.26806336641311646,-0.02192818002558994,0.00712624192237854,-0.20510774850845337,-0.014374051259530063,-0.012656629085540771,-0.2946281433105469,-0.026469327525866504,-0.030269205570220947,-0.3432497978210449,-0.03654946388460445,-0.0483071506023407,-0.380044162273407,-0.04311893136955547,-0.024609863758087158,-0.1893863081932068,-0.017346683906090732,-0.0519045889377594,-0.28689146041870117,-0.028396779687774654,-0.07027092576026917,-0.3461496829986572,-0.03821436317421245,-0.08525040745735168,-0.3918924927711487,-0.046218533085358615,-0.05276253819465637,-0.1657964587211609,-0.0210533123628025,-0.07819223403930664,-0.2567480206489563,-0.031141523288262363,-0.09347397089004517,-0.31351375579833984,-0.0377426706419115,-0.10614114999771118,-0.3565678596496582,-0.04252167792774486,-0.07505959272384644,-0.13712501525878906,-0.02526425571895885,-0.09455150365829468,-0.2100953459739685,-0.03378883378363895,-0.10668683052062988,-0.25556498765945435,-0.037040539102328296,-0.11549592018127441,-0.2926996350288391,-0.0387909226284151,thank_you
0.0,0.0,0.0,0.03178650140762329,-0.0744854211807251,-0.00667323357963312,0.04873254895210266,-0.1606597900390625,-0.009760092939970377,0.054719001054763794,-0.23990792036056519,-0.011921399269041899,0.044609636068344116,-0.29698991775512695,-0.014540038067636374,-0.0002993643283843994,-0.22075682878494263,-0.010251548137304667,-0.024248212575912476,-0.3200063705444336,-0.01831067539357889,-0.041112422943115234,-0.3692130446434021,-0.02628768048786867,-0.05796307325363159,-0.40612345933914185,-0.0314918253531431,-0.032759904861450195,-0.20475292205810547,-0.012365736994681242,-0.05910047888755798,-0.3129557967185974,-0.017609879370567683,-0.07773855328559875,-0.3744690418243408,-0.024296374987599734,-0.09421563148498535,-0.41920173168182373,-0.03081811405324686,-0.06196758151054382,-0.1810198426246643,-0.015059025022921446,-0.08475276827812195,-0.27743208408355713,-0.019887024532792452,-0.09896931052207947,-0.33388280868530273,-0.024830669160721186,-0.11155480146408081,-0.3745247721672058,-0.02949987537765253,-0.0866682231426239,-0.15288400650024414,-0.01824837736391771,-0.1025342345237732,-0.230912446975708,-0.022833736609456423,-0.1133820116519928,-0.2745387554168701,-0.02433029375576723,-0.12197235226631165,-0.31020838022232056,-0.025502113621470812,thank_you
0.0,0.0,0.0,0.03178650140762329,-0.0744854211807251,-0.00667323357963312,0.04873254895210266,-0.1606597900390625,-0.009760092939970377,0.054719001054763794,-0.23990792036056519,-0.011921399269041899,0.044609636068344116,-0.29698991775512695,-0.014540038067636374,-0.0002993643283843994,-0.22075682878494263,-0.010251548137304667,-0.024248212575912476,-0.3200063705444336,-0.01831067539357889,-0.041112422943115234,-0.3692130446434021,-0.02628768048786867,-0.05796307325363159,-0.40612345933914185,-0.0314918253531431,-0.032759904861450195,-0.20475292205810547,-0.012365736994681242,-0.05910047888755798,-0.3129557967185974,-0.017609879370567683,-0.07773855328559875,-0.3744690418243408,-0.024296374987599734,-0.09421563148498535,-0.41920173168182373,-0.03081811405324686,-0.06196758151054382,-0.1810198426246643,-0.015059025022921446,-0.08475276827812195,-0.27743208408355713,-0.019887024532792452,-0.09896931052207947,-0.33388280868530273,-0.024830669160721186,-0.11155480146408081,-0.3745247721672058,-0.02949987537765253,-0.0866682231426239,-0.15288400650024414,-0.01824837736391771,-0.1025342345237732,-0.230912446975708,-0.022833736609456423,-0.1133820116519928,-0.2745387554168701,-0.02433029375576723,-0.12197235226631165,-0.31020838022232056,-0.025502113621470812,thank_you
0.0,0.0,0.0,0.03295928239822388,-0.07262825965881348,-0.004558509034140457,0.05260777473449707,-0.15143108367919922,-0.007372433138115753,0.05875256657600403,-0.2260282039642334,-0.009768754062278617,0.048753201961517334,-0.27867984771728516,-0.013056925316377033,0.004058361053466797,-0.2120841145515442,-0.009826761488838542,-0.015432238578796387,-0.3019750714302063,-0.018967103031499732,-0.032083868980407715,-0.3494310975074768,-0.027466259715183128,-0.04920801520347595,-0.38618069887161255,-0.033158566621168006,-0.027429908514022827,-0.19869810342788696,-0.01307406817100798,-0.05367746949195862,-0.29781413078308105,-0.020111264479382385,-0.0720721185207367,-0.35674506425857544,-0.02806403283499037,-0.08800682425498962,-0.4016590118408203,-0.03516332786999499,-0.05597895383834839,-0.1766892671585083,-0.01655498501382624,-0.07876411080360413,-0.2682521939277649,-0.022994860825164665,-0.09190505743026733,-0.3224484324455261,-0.028475794759614814,-0.10351455211639404,-0.3628547191619873,-0.033200349477155555,-0.08026158809661865,-0.14872056245803833,-0.02012583036444937,-0.09525206685066223,-0.22343099117279053,-0.025628167954309333,-0.10537084937095642,-0.2642449140548706,-0.027086036098225463,-0.11394965648651123,-0.2974926233291626,-0.027947528106196273,thank_you
0.0,0.0,0.0,0.03575018048286438,-0.0813407301902771,0.001991381865366293,0.054197341203689575,-0.16903150081634521,0.0022487903445949087,0.05912896990776062,-0.24718427658081055,0.0020498866181810627,0.046475380659103394,-0.29535114765167236,0.00028979256995853575,0.008270472288131714,-0.22899013757705688,-0.003563936803118395,-0.015889078378677368,-0.3257027268409729,-0.008931701540575432,-0.03464570641517639,-0.3717235326766968,-0.01616147579960625,-0.05269509553909302,-0.40642285346984863,-0.02148975106291573,-0.024718523025512695,-0.2143568992614746,-0.009212214037404465,-0.05146181583404541,-0.31701600551605225,-0.011165353938565659,-0.07093372941017151,-0.3737938404083252,-0.01722274208776753,-0.08878377079963684,-0.41625893115997314,-0.024159595839307713,-0.053262919187545776,-0.1901836395263672,-0.014420343100653099,-0.07576724886894226,-0.2821946144104004,-0.015831664673612522,-0.0893191397190094,-0.3356376886367798,-0.020038499034569668,-0.10101625323295593,-0.3751460313796997,-0.025420640132949757,-0.07615387439727783,-0.15975028276443481,-0.019365178890154766,-0.09070593118667603,-0.23408550024032593,-0.02106170216910641,-0.10157126188278198,-0.2744448184967041,-0.020704810045288013,-0.11102756857872009,-0.3058457374572754,-0.021326268560812878,thank_you
0.0,0.0,0.0,0.03575018048286438,-0.0813407301902771,0.001991381865366293,0.054197341203689575,-0.16903150081634521,0.0022487903445949087,0.05912896990776062,-0.24718427658081055,0.0020498866181810627,0.046475380659103394,-0.29535114765167236,0.00028979256995853575,0.008270472288131714,-0.22899013757705688,-0.003563936803118395,-0.015889078378677368,-0.3257027268409729,-0.008931701540575432,-0.03464570641517639,-0.3717235326766968,-0.01616147579960625,-0.05269509553909302,-0.40642285346984863,-0.02148975106291573,-0.024718523025512695,-0.2143568992614746,-0.009212214037404465,-0.05146181583404541,-0.31701600551605225,-0.011165353938565659,-0.07093372941017151,-0.3737938404083252,-0.01722274208776753,-0.08878377079963684,-0.41625893115997314,-0.024159595839307713,-0.053262919187545776,-0.1901836395263672,-0.014420343100653099,-0.07576724886894226,-0.2821946144104004,-0.015831664673612522,-0.0893191397190094,-0.3356376886367798,-0.020038499034569668,-0.10101625323295593,-0.3751460313796997,-0.025420640132949757,-0.07615387439727783,-0.15975028276443481,-0.019365178890154766,-0.09070593118667603,-0.23408550024032593,-0.02106170216910641,-0.10157126188278198,-0.2744448184967041,-0.020704810045288013,-0.11102756857872009,-0.3058457374572754,-0.021326268560812878,thank_you
0.0,0.0,0.0,0.036465734243392944,-0.083953857421875,-0.0005622386986914307,0.051878154277801514,-0.17161166667938232,0.0009226409431022375,0.050099074840545654,-0.24846535921096802,0.0025003945167583197,0.0374968945980072,-0.29320061206817627,0.003227525781042573,-0.00262489914894104,-0.23527824878692627,0.0016172776642662257,-0.025395691394805908,-0.32624995708465576,-0.0016584473949450285,-0.04156944155693054,-0.3717372417449951,-0.007677011034317616,-0.057628244161605835,-0.40515410900115967,-0.012097569490649107,-0.03700873255729675,-0.21869045495986938,-0.001457572989963296,-0.06278583407402039,-0.31804388761520386,-0.0019304895129579336,-0.07962527871131897,-0.37521815299987793,-0.008297751965798739,-0.09489676356315613,-0.41684138774871826,-0.014814542914606932,-0.06404957175254822,-0.19159090518951416,-0.0046042546917277605,-0.08570602536201477,-0.2811824083328247,-0.005423939629324082,-0.09796267747879028,-0.3338526487350464,-0.010806541266717318,-0.108338862657547,-0.3736281991004944,-0.016408481943287256,-0.08370226621627808,-0.15779167413711548,-0.007665093364991549,-0.09967395663261414,-0.2287982702255249,-0.009462829056062105,-0.1101444661617279,-0.26802945137023926,-0.010167260031082037,-0.11840659379959106,-0.2997662425041199,-0.010983910719730261,thank_you
0.0,0.0,0.0,0.032792091369628906,-0.06849145889282227,-0.0074279439888584875,0.05035543441772461,-0.1466546654701233,-0.010176668062030103,0.04987943172454834,-0.2184024453163147,-0.011502307958124902,0.0356406569480896,-0.2588798999786377,-0.013454596630452897,-0.005871623754501343,-0.20554357767105103,-0.010582274875758912,-0.025415360927581787,-0.2941398620605469,-0.017307275093315866,-0.041132569313049316,-0.3417898416519165,-0.023871806568621423,-0.056102484464645386,-0.3751651644706726,-0.0283944002605665,-0.03717029094696045,-0.19226336479187012,-0.011651289767740991,-0.059870243072509766,-0.2872273921966553,-0.01609358482730272,-0.07564494013786316,-0.34468936920166016,-0.022912538728832033,-0.08901762962341309,-0.38459616899490356,-0.02897369966578367,-0.06203731894493103,-0.16691350936889648,-0.012998739375888135,-0.08388593792915344,-0.25047045946121216,-0.01709896989834192,-0.09556865692138672,-0.30337393283843994,-0.023141362822769906,-0.10412788391113281,-0.34192246198654175,-0.028381792015551355,-0.08100086450576782,-0.13256192207336426,-0.014683448827980783,-0.09859511256217957,-0.19780224561691284,-0.019681514359234598,-0.1094369888305664,-0.23737657070159912,-0.02220764116120222,-0.11739429831504822,-0.27064019441604614,-0.023686464063047197,thank_you
0.0,0.0,0.0,0.031036704778671265,-0.07252168655395508,-0.004990805916364138,0.047703295946121216,-0.14949733018875122,-0.007325271189088767,0.04797658324241638,-0.221981942653656,-0.009033399212981408,0.03582125902175903,-0.2688363790512085,-0.011563521388794129,-0.00729718804359436,-0.2196248173713684,-0.006453059658284133,-0.027154862880706787,-0.3042227625846863,-0.012813811700667088,-0.042944103479385376,-0.3488765358924866,-0.019916029225910847,-0.058277666568756104,-0.38151949644088745,-0.024947044949854558,-0.038659483194351196,-0.20451229810714722,-0.009181706745053475,-0.06156545877456665,-0.29699915647506714,-0.013036193836356347,-0.07742077112197876,-0.352913498878479,-0.019967821936930363,-0.09114935994148254,-0.3931388258934021,-0.026482782836879437,-0.0638447105884552,-0.17644912004470825,-0.012193934570873921,-0.08539274334907532,-0.26188361644744873,-0.016047134574378674,-0.09663572907447815,-0.3131225109100342,-0.021406894128645604,-0.10506433248519897,-0.35087960958480835,-0.026558763857806866,-0.08362892270088196,-0.13868099451065063,-0.015430502172435467,-0.102580726146698,-0.20476645231246948,-0.020613774236167615,-0.11341503262519836,-0.2449740767478943,-0.022678672846282666,-0.12157183885574341,-0.2792876362800598,-0.023914930920923894,thank_you
0.0,0.0,0.0,0.031036704778671265,-0.07252168655395508,-0.004990805916364138,0.047703295946121216,-0.14949733018875122,-0.007325271189088767,0.04797658324241638,-0.221981942653656,-0.009033399212981408,0.03582125902175903,-0.2688363790512085,-0.011563521388794129,-0.00729718804359436,-0.2196248173713684,-0.006453059658284133,-0.027154862880706787,-0.3042227625846863,-0.012813811700667088,-0.042944103479385376,-0.3488765358924866,-0.019916029225910847,-0.058277666568756104,-0.38151949644088745,-0.024947044949854558,-0.038659483194351196,-0.20451229810714722,-0.009181706745053475,-0.06156545877456665,-0.29699915647506714,-0.013036193836356347,-0.07742077112197876,-0.352913498878479,-0.019967821936930363,-0.09114935994148254,-0.3931388258934021,-0.026482782836879437,-0.0638447105884552,-0.17644912004470825,-0.012193934570873921,-0.08539274334907532,-0.26188361644744873,-0.016047134574378674,-0.09663572907447815,-0.3131225109100342,-0.021406894128645604,-0.10506433248519897,-0.35087960958480835,-0.026558763857806866,-0.08362892270088196,-0.13868099451065063,-0.015430502172435467,-0.102580726146698,-0.20476645231246948,-0.020613774236167615,-0.11341503262519836,-0.2449740767478943,-0.022678672846282666,-0.12157183885574341,-0.2792876362800598,-0.023914930920923894,thank_you
0.0,0.0,0.0,0.03278166055679321,-0.08603054285049438,0.000718081899549361,0.047037214040756226,-0.17600321769714355,0.0023566694055716653,0.0463431179523468,-0.2569972276687622,0.003155711811132278,0.03793945908546448,-0.31116586923599243,0.003171955473817434,-0.0024634599685668945,-0.24422818422317505,0.004537470411605682,-0.025014400482177734,-0.33619552850723267,0.0007125261529381532,-0.04127475619316101,-0.3826988935470581,-0.005745039548628483,-0.05649256706237793,-0.41875889897346497,-0.010530612658612881,-0.03459656238555908,-0.2279248833656311,-4.84912504816748e-05,-0.06056755781173706,-0.32764458656311035,-0.0009570819618147652,-0.07739707827568054,-0.3835834264755249,-0.007066762767635737,-0.09164243936538696,-0.42634856700897217,-0.013448238599949036,-0.0613730251789093,-0.2008914351463318,-0.004954331781618748,-0.08363029360771179,-0.28989726305007935,-0.0064601951687564,-0.096250981092453,-0.3415416479110718,-0.010762546438627396,-0.10684028267860413,-0.38034331798553467,-0.015408016968422089,-0.08262589573860168,-0.16561436653137207,-0.009902995306902085,-0.09831613302230835,-0.23674309253692627,-0.012075700092964325,-0.10961607098579407,-0.27623581886291504,-0.012100251618676339,-0.11871829628944397,-0.30838578939437866,-0.012200090329997693,thank_you
0.0,0.0,0.0,0.03278166055679321,-0.08603054285049438,0.000718081899549361,0.047037214040756226,-0.17600321769714355,0.0023566694055716653,0.0463431179523468,-0.2569972276687622,0.003155711811132278,0.03793945908546448,-0.31116586923599243,0.003171955473817434,-0.0024634599685668945,-0.24422818422317505,0.004537470411605682,-0.025014400482177734,-0.33619552850723267,0.0007125261529381532,-0.04127475619316101,-0.3826988935470581,-0.005745039548628483,-0.05649256706237793,-0.41875889897346497,-0.010530612658612881,-0.03459656238555908,-0.2279248833656311,-4.84912504816748e-05,-0.06056755781173706,-0.32764458656311035,-0.0009570819618147652,-0.07739707827568054,-0.3835834264755249,-0.007066762767635737,-0.09164243936538696,-0.42634856700897217,-0.013448238599949036,-0.0613730251789093,-0.2008914351463318,-0.004954331781618748,-0.08363029360771179,-0.28989726305007935,-0.0064601951687564,-0.096250981092453,-0.3415416479110718,-0.010762546438627396,-0.10684028267860413,-0.38034331798553467,-0.015408016968422089,-0.08262589573860168,-0.16561436653137207,-0.009902995306902085,-0.09831613302230835,-0.23674309253692627,-0.012075700092964325,-0.10961607098579407,-0.27623581886291504,-0.012100251618676339,-0.11871829628944397,-0.30838578939437866,-0.012200090329997693,thank_you
0.0,0.0,0.0,0.02991342544555664,-0.0822153091430664,0.0026373635887821933,0.02661675214767456,-0.17649102210998535,0.002977820430295708,0.004351377487182617,-0.2466105818748474,0.0021962705909928104,-0.0212324857711792,-0.28852808475494385,-0.00015691112226789983,0.0005500912666320801,-0.2271232008934021,-0.006177037637336014,-0.026110589504241943,-0.3276016116142273,-0.01490323912317848,-0.04429328441619873,-0.3850862979888916,-0.021190874427212236,-0.061659425497055054,-0.42567282915115356,-0.024872489422214983,-0.02971544861793518,-0.2120143175125122,-0.012546067274762152,-0.0557532012462616,-0.32132381200790405,-0.020196467786682604,-0.07422855496406555,-0.3847087025642395,-0.025206670313728807,-0.0907086730003357,-0.42919331789016724,-0.028820036127818582,-0.05829593539237976,-0.1877344250679016,-0.01864015325869417,-0.08140552043914795,-0.28731435537338257,-0.025142176225436685,-0.09646177291870117,-0.3453373312950134,-0.02824105523492193,-0.10963040590286255,-0.3886100649833679,-0.030135337412012575,-0.08451753854751587,-0.15639424324035645,-0.024170451014889238,-0.10130444169044495,-0.24090051651000977,-0.029342806115401743,-0.11186185479164124,-0.2862507700920105,-0.029536346122277735,-0.12071564793586731,-0.321677029132843,-0.028836591317904947,thank_you
0.0,0.0,0.0,0.03847584128379822,-0.05805027484893799,-0.011182826461833884,0.06685489416122437,-0.13285791873931885,-0.020301504510086943,0.07801726460456848,-0.20333409309387207,-0.02719080865625756,0.07127964496612549,-0.2536916732788086,-0.035428479763311316,0.022116631269454956,-0.1707068681716919,-0.03537540927771943,0.0038317739963531494,-0.2643270492553711,-0.05055801987890618,-0.00973251461982727,-0.31237757205963135,-0.059869815113586355,-0.02266627550125122,-0.3505972623825073,-0.06584787786249535,-0.012288212776184082,-0.15750157833099365,-0.03739086956028359,-0.032153308391571045,-0.2601504921913147,-0.0510489125574054,-0.04668959975242615,-0.3223666548728943,-0.06008549079541581,-0.05890476703643799,-0.37163400650024414,-0.06832674563173669,-0.04146003723144531,-0.14066553115844727,-0.03875306666139977,-0.05879741907119751,-0.23585820198059082,-0.05024259582404511,-0.0707007348537445,-0.2936590313911438,-0.05715584427360909,-0.08025351166725159,-0.3390725255012512,-0.06315043241028206,-0.06563729047775269,-0.12046390771865845,-0.0403336067521991,-0.07994583249092102,-0.20161688327789307,-0.050394233765644,-0.08942767977714539,-0.24782347679138184,-0.05486813977603333,-0.0967768132686615,-0.28597939014434814,-0.05832416609172242,thank_you
0.0,0.0,0.0,0.042844921350479126,-0.059629082679748535,-0.008776101213484822,0.07756295800209045,-0.13591152429580688,-0.01808763288387638,0.09235221147537231,-0.21357601881027222,-0.025151913915365753,0.08160510659217834,-0.2707139849662781,-0.03406543091365677,0.03267022967338562,-0.1675795316696167,-0.03511377230712753,0.015397727489471436,-0.25709301233291626,-0.05213215753862244,0.0002948939800262451,-0.30650514364242554,-0.06486366495916229,-0.013529539108276367,-0.34878814220428467,-0.07385217950174194,-0.00466957688331604,-0.15197592973709106,-0.038734270189493714,-0.02660951018333435,-0.24893492460250854,-0.05380599379965645,-0.040336817502975464,-0.3082907795906067,-0.0647711361987291,-0.04983234405517578,-0.35586512088775635,-0.07603616819211823,-0.034094393253326416,-0.1390681266784668,-0.04153026447126251,-0.052553772926330566,-0.23195195198059082,-0.05403365374037605,-0.06358179450035095,-0.29166150093078613,-0.060319675062388,-0.07125699520111084,-0.3404594659805298,-0.06714487627574783,-0.056456953287124634,-0.12601864337921143,-0.04446448564955574,-0.0725153386592865,-0.2048853039741516,-0.05397526726552826,-0.08216935396194458,-0.25124186277389526,-0.05694863006898743,-0.08776485919952393,-0.2922954559326172,-0.060538856242388306,thank_you
0.0,0.0,0.0,0.042844921350479126,-0.059629082679748535,-0.008776101213484822,0.07756295800209045,-0.13591152429580688,-0.01808763288387638,0.09235221147537231,-0.21357601881027222,-0.025151913915365753,0.08160510659217834,-0.2707139849662781,-0.03406543091365677,0.03267022967338562,-0.1675795316696167,-0.03511377230712753,0.015397727489471436,-0.25709301233291626,-0.05213215753862244,0.0002948939800262451,-0.30650514364242554,-0.06486366495916229,-0.013529539108276367,-0.34878814220428467,-0.07385217950174194,-0.00466957688331604,-0.15197592973709106,-0.038734270189493714,-0.02660951018333435,-0.24893492460250854,-0.05380599379965645,-0.040336817502975464,-0.3082907795906067,-0.0647711361987291,-0.04983234405517578,-0.35586512088775635,-0.07603616819211823,-0.034094393253326416,-0.1390681266784668,-0.04153026447126251,-0.052553772926330566,-0.23195195198059082,-0.05403365374037605,-0.06358179450035095,-0.29166150093078613,-0.060319675062388,-0.07125699520111084,-0.3404594659805298,-0.06714487627574783,-0.056456953287124634,-0.12601864337921143,-0.04446448564955574,-0.0725153386592865,-0.2048853039741516,-0.05397526726552826,-0.08216935396194458,-0.25124186277389526,-0.05694863006898743,-0.08776485919952393,-0.2922954559326172,-0.060538856242388306,thank_you
0.0,0.0,0.0,0.04104435443878174,-0.0543026328086853,-0.012165453006232951,0.07351741194725037,-0.12374639511108398,-0.02366769192805407,0.08781111240386963,-0.19199460744857788,-0.03216971894791243,0.07427412271499634,-0.2388617992401123,-0.042417217698599075,0.028545856475830078,-0.15105944871902466,-0.044003599044586394,0.012383192777633667,-0.23516494035720825,-0.06341102412035582,-0.0022124648094177246,-0.278969943523407,-0.07670714398911116,-0.015724211931228638,-0.3181261420249939,-0.08560954472115156,-0.006615251302719116,-0.1353210210800171,-0.04603986507346747,-0.027159124612808228,-0.22704368829727173,-0.06362531771948454,-0.04111239314079285,-0.28467756509780884,-0.07531838556816695,-0.05117860436439514,-0.32993727922439575,-0.08657373180678007,-0.03565418720245361,-0.12056338787078857,-0.04694062909176466,-0.05259460210800171,-0.2096380591392517,-0.062048908975626205,-0.06463506817817688,-0.26740825176239014,-0.06993218204071638,-0.07318714261054993,-0.31412070989608765,-0.07715940913250563,-0.059065937995910645,-0.10652494430541992,-0.04785395851423857,-0.07510241866111755,-0.1811302900314331,-0.059438616689945434,-0.08393684029579163,-0.22494983673095703,-0.06424542209198592,-0.08930617570877075,-0.2648667097091675,-0.06881791791012404,thank_you
0.0,0.0,0.0,0.04104435443878174,-0.0543026328086853,-0.012165453006232951,0.07351741194725037,-0.12374639511108398,-0.02366769192805407,0.08781111240386963,-0.19199460744857788,-0.03216971894791243,0.07427412271499634,-0.2388617992401123,-0.042417217698599075,0.028545856475830078,-0.15105944871902466,-0.044003599044586394,0.012383192777633667,-0.23516494035720825,-0.06341102412035582,-0.0022124648094177246,-0.278969943523407,-0.07670714398911116,-0.015724211931228638,-0.3181261420249939,-0.08560954472115156,-0.006615251302719116,-0.1353210210800171,-0.04603986507346747,-0.027159124612808228,-0.22704368829727173,-0.06362531771948454,-0.04111239314079285,-0.28467756509780884,-0.07531838556816695,-0.05117860436439514,-0.32993727922439575,-0.08657373180678007,-0.03565418720245361,-0.12056338787078857,-0.04694062909176466,-0.05259460210800171,-0.2096380591392517,-0.062048908975626205,-0.06463506817817688,-0.26740825176239014,-0.06993218204071638,-0.07318714261054993,-0.31412070989608765,-0.07715940913250563,-0.059065937995910645,-0.10652494430541992,-0.04785395851423857,-0.07510241866111755,-0.1811302900314331,-0.059438616689945434,-0.08393684029579163,-0.22494983673095703,-0.06424542209198592,-0.08930617570877075,-0.2648667097091675,-0.06881791791012404,thank_you
0.0,0.0,0.0,0.04442676901817322,-0.05428200960159302,-0.010419374453292107,0.07576918601989746,-0.12957870960235596,-0.02256183990316174,0.09079918265342712,-0.20375442504882812,-0.03215965920166752,0.08068680763244629,-0.2570362091064453,-0.04339912825302861,0.03209438920021057,-0.1502060890197754,-0.04526800953821919,0.01445344090461731,-0.23956197500228882,-0.0650663814790704,-0.00041797757148742676,-0.28062164783477783,-0.07779805281238339,-0.013042658567428589,-0.31463050842285156,-0.08611109026746533,-0.007048487663269043,-0.13573318719863892,-0.04791831516699574,-0.029555171728134155,-0.23082059621810913,-0.06578365632371685,-0.04298532009124756,-0.2863937020301819,-0.0761507964976289,-0.05182120203971863,-0.3286513090133667,-0.08660649427251599,-0.037646710872650146,-0.12519055604934692,-0.04932939180211804,-0.054420918226242065,-0.21495211124420166,-0.06419575133399746,-0.06428995728492737,-0.26919305324554443,-0.0703434936054208,-0.07057169079780579,-0.3130611181259155,-0.07660002180413983,-0.060786157846450806,-0.11456739902496338,-0.050578489089772916,-0.0762382447719574,-0.191547691822052,-0.061488184268043256,-0.08409538865089417,-0.23385971784591675,-0.06502292969302914,-0.08857443928718567,-0.2712443470954895,-0.06885785528497479,thank_you
0.0,0.0,0.0,0.044149041175842285,-0.05325096845626831,-0.012437567805150707,0.07466790080070496,-0.12260562181472778,-0.02464006165156718,0.08741351962089539,-0.19274812936782837,-0.03374895149956103,0.07864895462989807,-0.2438299059867859,-0.044048041795591075,0.025031566619873047,-0.140758216381073,-0.046334680860141475,0.008595019578933716,-0.21908515691757202,-0.06627918103824015,-0.005557626485824585,-0.25861239433288574,-0.07930637220034953,-0.017723113298416138,-0.2949565649032593,-0.08789140055070277,-0.014040917158126831,-0.12413287162780762,-0.04760906541834231,-0.03487679362297058,-0.2118956446647644,-0.06607434222588893,-0.04717734456062317,-0.26491862535476685,-0.07650175759683009,-0.05429339408874512,-0.3079468011856079,-0.08675556698928233,-0.04344317317008972,-0.11277341842651367,-0.04768996009717341,-0.06025227904319763,-0.1984911561012268,-0.06323377857098933,-0.06966549158096313,-0.25182169675827026,-0.06930918315539714,-0.07436659932136536,-0.298448383808136,-0.07527089187989588,-0.06489834189414978,-0.10197240114212036,-0.04778615081797,-0.08115476369857788,-0.17440515756607056,-0.05872449720392581,-0.08872362971305847,-0.21539431810379028,-0.061790716593364436,-0.09280744194984436,-0.2538073658943176,-0.06519503960500117,thank_you
0.0,0.0,0.0,0.044149041175842285,-0.05325096845626831,-0.012437567805150707,0.07466790080070496,-0.12260562181472778,-0.02464006165156718,0.08741351962089539,-0.19274812936782837,-0.03374895149956103,0.07864895462989807,-0.2438299059867859,-0.044048041795591075,0.025031566619873047,-0.140758216381073,-0.046334680860141475,0.008595019578933716,-0.21908515691757202,-0.06627918103824015,-0.005557626485824585,-0.25861239433288574,-0.07930637220034953,-0.017723113298416138,-0.2949565649032593,-0.08789140055070277,-0.014040917158126831,-0.12413287162780762,-0.04760906541834231,-0.03487679362297058,-0.2118956446647644,-0.06607434222588893,-0.04717734456062317,-0.26491862535476685,-0.07650175759683009,-0.05429339408874512,-0.3079468011856079,-0.08675556698928233,-0.04344317317008972,-0.11277341842651367,-0.04768996009717341,-0.06025227904319763,-0.1984911561012268,-0.06323377857098933,-0.06966549158096313,-0.25182169675827026,-0.06930918315539714,-0.07436659932136536,-0.298448383808136,-0.07527089187989588,-0.06489834189414978,-0.10197240114212036,-0.04778615081797,-0.08115476369857788,-0.17440515756607056,-0.05872449720392581,-0.08872362971305847,-0.21539431810379028,-0.061790716593364436,-0.09280744194984436,-0.2538073658943176,-0.06519503960500117,thank_you
0.0,0.0,0.0,0.04040217399597168,-0.050644516944885254,-0.01323842338128145,0.06850221753120422,-0.11580270528793335,-0.025279613089097097,0.0806654691696167,-0.18334418535232544,-0.034768599894178465,0.06981045007705688,-0.23440301418304443,-0.04545358556164558,0.02150711417198181,-0.13684558868408203,-0.0413700042928582,0.0025092661380767822,-0.21560364961624146,-0.060731161263120725,-0.013715744018554688,-0.2544107437133789,-0.07458835827959831,-0.027851730585098267,-0.2898171544075012,-0.08403319853199775,-0.016696423292160034,-0.11970788240432739,-0.042971435811651304,-0.03989437222480774,-0.2056255340576172,-0.06087712558759506,-0.05542990565299988,-0.25724178552627563,-0.07275459158076103,-0.06506985425949097,-0.30066198110580444,-0.08435624080551918,-0.04651278257369995,-0.10738617181777954,-0.04385156917227562,-0.06508117914199829,-0.18906056880950928,-0.058875329669845655,-0.07820621132850647,-0.24194079637527466,-0.06595282244337852,-0.08623442053794861,-0.2878955602645874,-0.07284002738846596,-0.06916776299476624,-0.09496939182281494,-0.04507613542331512,-0.08647158741950989,-0.163837730884552,-0.05632670583976562,-0.09606331586837769,-0.20604324340820312,-0.060436978813541486,-0.10147947072982788,-0.24487507343292236,-0.06464890378369148,thank_you
0.0,0.0,0.0,0.041816651821136475,-0.05537211894989014,-0.012440624944090928,0.07162994146347046,-0.1233251690864563,-0.025311595126211728,0.08461233973503113,-0.1928706169128418,-0.0351893010727764,0.0730796754360199,-0.24511057138442993,-0.046675604134023274,0.02657255530357361,-0.14268463850021362,-0.04512681841772803,0.005732059478759766,-0.22147202491760254,-0.06514833524745711,-0.011351585388183594,-0.26258039474487305,-0.07943522587341079,-0.02469608187675476,-0.3021771311759949,-0.08924833342355498,-0.011597126722335815,-0.12186169624328613,-0.04725872382444152,-0.037933915853500366,-0.2064284086227417,-0.066469576507032,-0.05294531583786011,-0.26266658306121826,-0.07917148277086028,-0.06102639436721802,-0.3099476099014282,-0.09141579672616729,-0.0408996045589447,-0.10758000612258911,-0.0481081645182968,-0.061672985553741455,-0.19335156679153442,-0.06461688533347854,-0.07366248965263367,-0.24942201375961304,-0.07240509644073256,-0.08005604147911072,-0.2975502014160156,-0.079557735770166,-0.06222525238990784,-0.09698790311813354,-0.04892214417380103,-0.08092418313026428,-0.16942787170410156,-0.060987379699170674,-0.09007963538169861,-0.21291178464889526,-0.06501029089015731,-0.09466537833213806,-0.253007173538208,-0.06899511471313247,thank_you
0.0,0.0,0.0,0.041816651821136475,-0.05537211894989014,-0.012440624944090928,0.07162994146347046,-0.1233251690864563,-0.025311595126211728,0.08461233973503113,-0.1928706169128418,-0.0351893010727764,0.0730796754360199,-0.24511057138442993,-0.046675604134023274,0.02657255530357361,-0.14268463850021362,-0.04512681841772803,0.005732059478759766,-0.22147202491760254,-0.06514833524745711,-0.011351585388183594,-0.26258039474487305,-0.07943522587341079,-0.02469608187675476,-0.3021771311759949,-0.08924833342355498,-0.011597126722335815,-0.12186169624328613,-0.04725872382444152,-0.037933915853500366,-0.2064284086227417,-0.066469576507032,-0.05294531583786011,-0.26266658306121826,-0.07917148277086028,-0.06102639436721802,-0.3099476099014282,-0.09141579672616729,-0.0408996045589447,-0.10758000612258911,-0.0481081645182968,-0.061672985553741455,-0.19335156679153442,-0.06461688533347854,-0.07366248965263367,-0.24942201375961304,-0.07240509644073256,-0.08005604147911072,-0.2975502014160156,-0.079557735770166,-0.06222525238990784,-0.09698790311813354,-0.04892214417380103,-0.08092418313026428,-0.16942787170410156,-0.060987379699170674,-0.09007963538169861,-0.21291178464889526,-0.06501029089015731,-0.09466537833213806,-0.253007173538208,-0.06899511471313247,thank_you
0.0,0.0,0.0,0.043704479932785034,-0.05521047115325928,-0.01089948343289393,0.06904768943786621,-0.135156512260437,-0.019449418617313086,0.07928097248077393,-0.2139003872871399,-0.025424303693597494,0.07173025608062744,-0.272446870803833,-0.032436076758330046,0.02611824870109558,-0.17949432134628296,-0.03434440514249104,0.002469956874847412,-0.27890563011169434,-0.04920452853841084,-0.012240469455718994,-0.32600992918014526,-0.05816868713301915,-0.025928735733032227,-0.3635290861129761,-0.06362075006765622,-0.010385602712631226,-0.1630365252494812,-0.035111792592232405,-0.036662518978118896,-0.27541542053222656,-0.04938560744923848,-0.05173078179359436,-0.33527588844299316,-0.05710702782673138,-0.06403490900993347,-0.3798009753227234,-0.06396803653044003,-0.04002824425697327,-0.14555126428604126,-0.03519866263670224,-0.06276166439056396,-0.24641001224517822,-0.046773143319313704,-0.0747126042842865,-0.30433863401412964,-0.05119054785174626,-0.08469408750534058,-0.3471083641052246,-0.05478510281247395,-0.06232455372810364,-0.12606656551361084,-0.03546999415559071,-0.08051186800003052,-0.21106994152069092,-0.04367596304220456,-0.08984142541885376,-0.2582736015319824,-0.04566487690610188,-0.09644746780395508,-0.2951016426086426,-0.04711146300834912,thank_you
0.0,0.0,0.0,0.03341531753540039,-0.06942689418792725,-0.004740113319940065,0.04727238416671753,-0.15186917781829834,-0.006483871882892345,0.05341899394989014,-0.22537481784820557,-0.008366325797624086,0.04620370268821716,-0.28280580043792725,-0.010782855490333532,0.0038667619228363037,-0.21553558111190796,-0.007159948742128108,-0.01913204789161682,-0.30794984102249146,-0.015930793175584768,-0.0341285765171051,-0.3597368001937866,-0.023515458146221135,-0.047759026288986206,-0.40108412504196167,-0.028552799413091634,-0.026438534259796143,-0.20075982809066772,-0.011180159563309644,-0.05391058325767517,-0.3035274147987366,-0.020037756228930448,-0.06979531049728394,-0.36653244495391846,-0.02809104781795213,-0.08294689655303955,-0.41459059715270996,-0.034559017906076406,-0.05416801571846008,-0.17704492807388306,-0.015865136796719526,-0.0799170434474945,-0.2664826512336731,-0.024083592856413816,-0.09409138560295105,-0.32410818338394165,-0.02953395147073934,-0.10593286156654358,-0.36847102642059326,-0.03317231957066724,-0.07809284329414368,-0.14693701267242432,-0.020863995814806913,-0.09633058309555054,-0.22298794984817505,-0.027207317689544652,-0.10735306143760681,-0.2686839699745178,-0.028981451803929303,-0.11633661389350891,-0.30554360151290894,-0.029634502643830274,thank_you
0.0,0.0,0.0,0.03341531753540039,-0.06942689418792725,-0.004740113319940065,0.04727238416671753,-0.15186917781829834,-0.006483871882892345,0.05341899394989014,-0.22537481784820557,-0.008366325797624086,0.04620370268821716,-0.28280580043792725,-0.010782855490333532,0.0038667619228363037,-0.21553558111190796,-0.007159948742128108,-0.01913204789161682,-0.30794984102249146,-0.015930793175584768,-0.0341285765171051,-0.3597368001937866,-0.023515458146221135,-0.047759026288986206,-0.40108412504196167,-0.028552799413091634,-0.026438534259796143,-0.20075982809066772,-0.011180159563309644,-0.05391058325767517,-0.3035274147987366,-0.020037756228930448,-0.06979531049728394,-0.36653244495391846,-0.02809104781795213,-0.08294689655303955,-0.41459059715270996,-0.034559017906076406,-0.05416801571846008,-0.17704492807388306,-0.015865136796719526,-0.0799170434474945,-0.2664826512336731,-0.024083592856413816,-0.09409138560295105,-0.32410818338394165,-0.02953395147073934,-0.10593286156654358,-0.36847102642059326,-0.03317231957066724,-0.07809284329414368,-0.14693701267242432,-0.020863995814806913,-0.09633058309555054,-0.22298794984817505,-0.027207317689544652,-0.10735306143760681,-0.2686839699745178,-0.028981451803929303,-0.11633661389350891,-0.30554360151290894,-0.029634502643830274,thank_you
0.0,0.0,0.0,0.03131625056266785,-0.07822370529174805,-0.006342672545827099,0.047930389642715454,-0.16333752870559692,-0.009285809275127122,0.0497172474861145,-0.24382716417312622,-0.011734988343334862,0.04062792658805847,-0.3011167049407959,-0.014333462145543763,-0.004982441663742065,-0.22411847114562988,-0.0060077889714307275,-0.025429755449295044,-0.3173685073852539,-0.013551519986606309,-0.04001122713088989,-0.3651581406593323,-0.020995657693958947,-0.053609371185302734,-0.40286070108413696,-0.02614062446019716,-0.03670579195022583,-0.20708441734313965,-0.008293333266294667,-0.05906751751899719,-0.30727124214172363,-0.015085612226641842,-0.0748622715473175,-0.36931270360946655,-0.023365806591129967,-0.08884650468826294,-0.41775035858154297,-0.03023332151434488,-0.06394138932228088,-0.17954832315444946,-0.011250662420309254,-0.086029052734375,-0.26918095350265503,-0.017945073347902962,-0.09964260458946228,-0.3239211440086365,-0.02418486195466585,-0.11100161075592041,-0.3662163019180298,-0.02910044210813112,-0.08628743886947632,-0.14597278833389282,-0.014593103703475663,-0.10187491774559021,-0.21939021348953247,-0.02080011720619268,-0.11317428946495056,-0.2609359622001648,-0.023346898880220124,-0.12210381031036377,-0.29662060737609863,-0.02470198812744684,thank_you
0.0,0.0,0.0,0.035550832748413086,-0.08580952882766724,-0.0006089177294512638,0.05085796117782593,-0.1811237335205078,0.0007206102055619112,0.05272173881530762,-0.26756352186203003,0.0018154397877054862,0.043505340814590454,-0.3229008913040161,0.0021538558686273745,0.0007484853267669678,-0.24641817808151245,0.0015581960361572555,-0.0207974910736084,-0.3393910527229309,-0.002811865295271332,-0.03855931758880615,-0.3859540820121765,-0.009781151656980569,-0.05594804883003235,-0.4210391044616699,-0.015090452154154832,-0.03326958417892456,-0.22928529977798462,-0.0025082585597289153,-0.05840548872947693,-0.33069056272506714,-0.00422114936726814,-0.07583504915237427,-0.38796699047088623,-0.01174337940382486,-0.09193876385688782,-0.4322887659072876,-0.01936588866728073,-0.06150001287460327,-0.20008724927902222,-0.0066819960446906634,-0.08625379204750061,-0.28586262464523315,-0.009719101359124238,-0.10073116421699524,-0.3402075171470642,-0.01598625874238735,-0.11351308226585388,-0.381766140460968,-0.021995997634704167,-0.08294689655303955,-0.1625990867614746,-0.01069080142396217,-0.10025441646575928,-0.22942042350769043,-0.013707662579591329,-0.11127212643623352,-0.2669934630393982,-0.014469275829370076,-0.11908745765686035,-0.29712164402008057,-0.015306856130237634,thank_you
0.0,0.0,0.0,0.035550832748413086,-0.08580952882766724,-0.0006089177294512638,0.05085796117782593,-0.1811237335205078,0.0007206102055619112,0.05272173881530762,-0.26756352186203003,0.0018154397877054862,0.043505340814590454,-0.3229008913040161,0.0021538558686273745,0.0007484853267669678,-0.24641817808151245,0.0015581960361572555,-0.0207974910736084,-0.3393910527229309,-0.002811865295271332,-0.03855931758880615,-0.3859540820121765,-0.009781151656980569,-0.05594804883003235,-0.4210391044616699,-0.015090452154154832,-0.03326958417892456,-0.22928529977798462,-0.0025082585597289153,-0.05840548872947693,-0.33069056272506714,-0.00422114936726814,-0.07583504915237427,-0.38796699047088623,-0.01174337940382486,-0.09193876385688782,-0.4322887659072876,-0.01936588866728073,-0.06150001287460327,-0.20008724927902222,-0.0066819960446906634,-0.08625379204750061,-0.28586262464523315,-0.009719101359124238,-0.10073116421699524,-0.3402075171470642,-0.01598625874238735,-0.11351308226585388,-0.381766140460968,-0.021995997634704167,-0.08294689655303955,-0.1625990867614746,-0.01069080142396217,-0.10025441646575928,-0.22942042350769043,-0.013707662579591329,-0.11127212643623352,-0.2669934630393982,-0.014469275829370076,-0.11908745765686035,-0.29712164402008057,-0.015306856130237634,thank_you
0.0,0.0,0.0,0.030986160039901733,-0.08528250455856323,-0.0013592067833627652,0.046496182680130005,-0.16951602697372437,-0.0014117137023816895,0.04974415898323059,-0.24883562326431274,-0.0016851226526881646,0.04035523533821106,-0.3003588318824768,-0.0027809176088879894,-0.008053094148635864,-0.23993492126464844,-0.0012659333141158413,-0.030504286289215088,-0.3322560787200928,-0.006440658164919455,-0.0468900203704834,-0.377758264541626,-0.01314994603932007,-0.06223475933074951,-0.4149744510650635,-0.01821662862390383,-0.04018166661262512,-0.2211959958076477,-0.005566539751143296,-0.06465837359428406,-0.3219947814941406,-0.009407872376741011,-0.08085742592811584,-0.38001716136932373,-0.01714485329181059,-0.09531578421592712,-0.4263821840286255,-0.024294041139782507,-0.06678777933120728,-0.19001257419586182,-0.009958824185432036,-0.0928615927696228,-0.27668654918670654,-0.015168328812123377,-0.10820835828781128,-0.32900166511535645,-0.022114273203314383,-0.12032496929168701,-0.36997926235198975,-0.028089026031793196,-0.08755242824554443,-0.15154719352722168,-0.014215743211806853,-0.10466915369033813,-0.2178240418434143,-0.019038561774195273,-0.11454790830612183,-0.2533835172653198,-0.0207569301554571,-0.12101098895072937,-0.28208470344543457,-0.021971805063785155,thank_you
0.0,0.0,0.0,0.032791465520858765,-0.08517473936080933,0.0013080529339077884,0.048495590686798096,-0.166770339012146,0.002196590316614788,0.04737254977226257,-0.24590206146240234,0.0029966937314185316,0.036125630140304565,-0.2961246371269226,0.0029639442387434656,-0.009010851383209229,-0.2328777313232422,-0.0011235524265629238,-0.029869258403778076,-0.3272199034690857,-0.0037756679643479174,-0.04550856351852417,-0.3715097904205322,-0.008098000061565358,-0.06030735373497009,-0.4052703380584717,-0.011290341016703564,-0.0415654182434082,-0.21402227878570557,-0.0046862814173636025,-0.06378304958343506,-0.31667131185531616,-0.004966795776837785,-0.07972142100334167,-0.3739652633666992,-0.009516667906993348,-0.09384819865226746,-0.41519755125045776,-0.014633606520348508,-0.06787309050559998,-0.18261921405792236,-0.007744700980239827,-0.09246334433555603,-0.2725108861923218,-0.008383012709074933,-0.10613444447517395,-0.32231664657592773,-0.012538371008687932,-0.11680153012275696,-0.3573477864265442,-0.017305854108983,-0.08827200531959534,-0.14365148544311523,-0.010462434363418538,-0.10475099086761475,-0.2148369550704956,-0.01130533251618715,-0.11312007904052734,-0.2486514449119568,-0.010848899704271275,-0.11798849701881409,-0.2745606303215027,-0.010835470964067895,thank_you
0.0,0.0,0.0,0.032791465520858765,-0.08517473936080933,0.0013080529339077884,0.048495590686798096,-0.166770339012146,0.002196590316614788,0.04737254977226257,-0.24590206146240234,0.0029966937314185316,0.036125630140304565,-0.2961246371269226,0.0029639442387434656,-0.009010851383209229,-0.2328777313232422,-0.0011235524265629238,-0.029869258403778076,-0.3272199034690857,-0.0037756679643479174,-0.04550856351852417,-0.3715097904205322,-0.008098000061565358,-0.06030735373497009,-0.4052703380584717,-0.011290341016703564,-0.0415654182434082,-0.21402227878570557,-0.0046862814173636025,-0.06378304958343506,-0.31667131185531616,-0.004966795776837785,-0.07972142100334167,-0.3739652633666992,-0.009516667906993348,-0.09384819865226746,-0.41519755125045776,-0.014633606520348508,-0.06787309050559998,-0.18261921405792236,-0.007744700980239827,-0.09246334433555603,-0.2725108861923218,-0.008383012709074933,-0.10613444447517395,-0.32231664657592773,-0.012538371008687932,-0.11680153012275696,-0.3573477864265442,-0.017305854108983,-0.08827200531959534,-0.14365148544311523,-0.010462434363418538,-0.10475099086761475,-0.2148369550704956,-0.01130533251618715,-0.11312007904052734,-0.2486514449119568,-0.010848899704271275,-0.11798849701881409,-0.2745606303215027,-0.010835470964067895,thank_you
0.0,0.0,0.0,0.032791465520858765,-0.08517473936080933,0.0013080529339077884,0.048495590686798096,-0.166770339012146,0.002196590316614788,0.04737254977226257,-0.24590206146240234,0.0029966937314185316,0.036125630140304565,-0.2961246371269226,0.0029639442387434656,-0.009010851383209229,-0.2328777313232422,-0.0011235524265629238,-0.029869258403778076,-0.3272199034690857,-0.0037756679643479174,-0.04550856351852417,-0.3715097904205322,-0.008098000061565358,-0.06030735373497009,-0.4052703380584717,-0.011290341016703564,-0.0415654182434082,-0.21402227878570557,-0.0046862814173636025,-0.06378304958343506,-0.31667131185531616,-0.004966795776837785,-0.07972142100334167,-0.3739652633666992,-0.009516667906993348,-0.09384819865226746,-0.41519755125045776,-0.014633606520348508,-0.06787309050559998,-0.18261921405792236,-0.007744700980239827,-0.09246334433555603,-0.2725108861923218,-0.008383012709074933,-0.10613444447517395,-0.32231664657592773,-0.012538371008687932,-0.11680153012275696,-0.3573477864265442,-0.017305854108983,-0.08827200531959534,-0.14365148544311523,-0.010462434363418538,-0.10475099086761475,-0.2148369550704956,-0.01130533251618715,-0.11312007904052734,-0.2486514449119568,-0.010848899704271275,-0.11798849701881409,-0.2745606303215027,-0.010835470964067895,thank_you
0.0,0.0,0.0,0.03213852643966675,-0.08601444959640503,0.0007247669224028641,0.04563748836517334,-0.16889792680740356,0.0013897016711865717,0.04493880271911621,-0.24719756841659546,0.0014736770486791784,0.0355609655380249,-0.2980307340621948,0.0007114258429368192,-0.008941501379013062,-0.23317527770996094,0.0010893317472522313,-0.02959960699081421,-0.32655560970306396,-0.0020515168483967727,-0.04494410753250122,-0.37091851234436035,-0.006864343250882143,-0.059556037187576294,-0.404630184173584,-0.010534602629732603,-0.041303008794784546,-0.2149590253829956,-0.003192176523398871,-0.06421953439712524,-0.31508052349090576,-0.00468746194873404,-0.08035814762115479,-0.3724464774131775,-0.010595274570178503,-0.09501588344573975,-0.4142870604991913,-0.016425153652917857,-0.06779792904853821,-0.18291336297988892,-0.0073628234143967575,-0.09330892562866211,-0.27477264404296875,-0.009883033524047846,-0.10717743635177612,-0.3241913318634033,-0.015111761580001826,-0.11803513765335083,-0.3598816394805908,-0.020191552529823298,-0.0881907045841217,-0.14260739088058472,-0.011232356953215117,-0.10537493228912354,-0.2158094048500061,-0.014109277578782553,-0.1142578125,-0.25093668699264526,-0.014763527962159628,-0.12004056572914124,-0.27819180488586426,-0.015235755073618407,thank_you
0.0,0.0,0.0,0.03058210015296936,-0.08992797136306763,0.0030984803758116186,0.04408940672874451,-0.1753646731376648,0.004417149788096708,0.046991437673568726,-0.2534356713294983,0.004935353966757816,0.03509220480918884,-0.29909127950668335,0.004154912634149355,-0.007240593433380127,-0.2400994896888733,0.0003439208391142756,-0.031176269054412842,-0.3340352773666382,-0.003986320951625544,-0.04858386516571045,-0.3785468339920044,-0.009899246534004646,-0.06420373916625977,-0.4134994149208069,-0.014147648615434605,-0.039527684450149536,-0.2220349907875061,-0.00534596762587114,-0.0663897693157196,-0.32670140266418457,-0.007356205517098147,-0.08394107222557068,-0.38369220495224,-0.012969018919065434,-0.09905436635017395,-0.42595940828323364,-0.018692106036141354,-0.06691837310791016,-0.19157952070236206,-0.010602463995709854,-0.09284469485282898,-0.2828291058540344,-0.012994437506094414,-0.1067175567150116,-0.33531653881073,-0.017501644817784268,-0.11713528633117676,-0.37363409996032715,-0.022144435001209217,-0.08888870477676392,-0.15352869033813477,-0.015421404530897576,-0.10655108094215393,-0.2278454303741455,-0.017829693881466824,-0.11615815758705139,-0.26683980226516724,-0.017696065855815846,-0.12234985828399658,-0.29708462953567505,-0.01775634105284496,thank_you
0.0,0.0,0.0,0.03058210015296936,-0.08992797136306763,0.0030984803758116186,0.04408940672874451,-0.1753646731376648,0.004417149788096708,0.046991437673568726,-0.2534356713294983,0.004935353966757816,0.03509220480918884,-0.29909127950668335,0.004154912634149355,-0.007240593433380127,-0.2400994896888733,0.0003439208391142756,-0.031176269054412842,-0.3340352773666382,-0.003986320951625544,-0.04858386516571045,-0.3785468339920044,-0.009899246534004646,-0.06420373916625977,-0.4134994149208069,-0.014147648615434605,-0.039527684450149536,-0.2220349907875061,-0.00534596762587114,-0.0663897693157196,-0.32670140266418457,-0.007356205517098147,-0.08394107222557068,-0.38369220495224,-0.012969018919065434,-0.09905436635017395,-0.42595940828323364,-0.018692106036141354,-0.06691837310791016,-0.19157952070236206,-0.010602463995709854,-0.09284469485282898,-0.2828291058540344,-0.012994437506094414,-0.1067175567150116,-0.33531653881073,-0.017501644817784268,-0.11713528633117676,-0.37363409996032715,-0.022144435001209217,-0.08888870477676392,-0.15352869033813477,-0.015421404530897576,-0.10655108094215393,-0.2278454303741455,-0.017829693881466824,-0.11615815758705139,-0.26683980226516724,-0.017696065855815846,-0.12234985828399658,-0.29708462953567505,-0.01775634105284496,thank_you
0.0,0.0,0.0,0.029388457536697388,-0.08303231000900269,-0.0029310801467516967,0.039480358362197876,-0.18143373727798462,-0.0038549458543428727,0.03852662444114685,-0.27037161588668823,-0.004760256589449341,0.03539067506790161,-0.33445531129837036,-0.00610684053326338,-0.0035382509231567383,-0.23651862144470215,-0.006994432390726502,-0.027701228857040405,-0.3387022614479065,-0.01500543169031232,-0.0446946918964386,-0.39090174436569214,-0.021461783529318268,-0.059639424085617065,-0.42988264560699463,-0.025528666184342796,-0.03506404161453247,-0.2196398377418518,-0.011034303897119457,-0.06342113018035889,-0.3317466974258423,-0.01709594819048732,-0.08145612478256226,-0.39654862880706787,-0.02314750905433982,-0.09623375535011292,-0.4440690279006958,-0.028543346182502205,-0.06374847888946533,-0.19350731372833252,-0.015410667837656433,-0.08936864137649536,-0.28979504108428955,-0.021589646668232376,-0.1037854552268982,-0.34876710176467896,-0.02552642914751857,-0.11430001258850098,-0.39261680841445923,-0.028665654913581307,-0.08801141381263733,-0.1610845923423767,-0.01986372712353557,-0.1044994592666626,-0.2409030795097351,-0.02499685119191497,-0.11446681618690491,-0.28634369373321533,-0.025397034914291794,-0.12103059887886047,-0.3233593702316284,-0.025212398351229126,thank_you
0.0,0.0,0.0,0.029388457536697388,-0.08303231000900269,-0.0029310801467516967,0.039480358362197876,-0.18143373727798462,-0.0038549458543428727,0.03852662444114685,-0.27037161588668823,-0.004760256589449341,0.03539067506790161,-0.33445531129837036,-0.00610684053326338,-0.0035382509231567383,-0.23651862144470215,-0.006994432390726502,-0.027701228857040405,-0.3387022614479065,-0.01500543169031232,-0.0446946918964386,-0.39090174436569214,-0.021461783529318268,-0.059639424085617065,-0.42988264560699463,-0.025528666184342796,-0.03506404161453247,-0.2196398377418518,-0.011034303897119457,-0.06342113018035889,-0.3317466974258423,-0.01709594819048732,-0.08145612478256226,-0.39654862880706787,-0.02314750905433982,-0.09623375535011292,-0.4440690279006958,-0.028543346182502205,-0.06374847888946533,-0.19350731372833252,-0.015410667837656433,-0.08936864137649536,-0.28979504108428955,-0.021589646668232376,-0.1037854552268982,-0.34876710176467896,-0.02552642914751857,-0.11430001258850098,-0.39261680841445923,-0.028665654913581307,-0.08801141381263733,-0.1610845923423767,-0.01986372712353557,-0.1044994592666626,-0.2409030795097351,-0.02499685119191497,-0.11446681618690491,-0.28634369373321533,-0.025397034914291794,-0.12103059887886047,-0.3233593702316284,-0.025212398351229126,thank_you
0.0,0.0,0.0,0.04096776247024536,-0.060890913009643555,-0.010248187535538023,0.06058695912361145,-0.14280349016189575,-0.019202226379050558,0.07005742192268372,-0.21775025129318237,-0.02474772331966335,0.06055259704589844,-0.27319449186325073,-0.03048374650730068,0.010366708040237427,-0.18277490139007568,-0.03837796074999744,-0.019095152616500854,-0.3071097135543823,-0.053586603679789846,-0.03663378953933716,-0.367439866065979,-0.059600794294013326,-0.05006381869316101,-0.40286970138549805,-0.061508750149144475,-0.0252702534198761,-0.16582024097442627,-0.038006560483111684,-0.05727100372314453,-0.3052375316619873,-0.05410062296046192,-0.07309350371360779,-0.3750361204147339,-0.0585993505801099,-0.08267313241958618,-0.41663986444473267,-0.06071624306692058,-0.052914172410964966,-0.14891600608825684,-0.03674611596120769,-0.08340531587600708,-0.26966047286987305,-0.04859404040230686,-0.09679082036018372,-0.3379588723182678,-0.05075432879580433,-0.10454052686691284,-0.38143229484558105,-0.05076396612180645,-0.07089400291442871,-0.13058489561080933,-0.03533195106042797,-0.09277796745300293,-0.2291015386581421,-0.04201226828350002,-0.10471498966217041,-0.2836674451828003,-0.042073657342328374,-0.1114618182182312,-0.32304227352142334,-0.04098253844036037,thank_you
0.0,0.0,0.0,0.04909330606460571,-0.04479187726974487,-0.01014887601513692,0.08872562646865845,-0.11321401596069336,-0.020791766833553993,0.10749444365501404,-0.1859147548675537,-0.02889605578411647,0.09752479195594788,-0.24315154552459717,-0.04013364542652198,0.057268381118774414,-0.11123323440551758,-0.035537467937956535,0.04019954800605774,-0.19912362098693848,-0.05436653051901885,0.022922217845916748,-0.254403293132782,-0.06964993629981109,0.007369786500930786,-0.29638588428497314,-0.0792416274957759,0.021181166172027588,-0.10277259349822998,-0.03773663346100875,0.0017319023609161377,-0.19789820909500122,-0.052962662320624077,-0.01303786039352417,-0.26080524921417236,-0.06607759151984283,-0.024236559867858887,-0.3033524751663208,-0.07779314522076675,-0.010029971599578857,-0.09938180446624756,-0.0388123818152053,-0.02576690912246704,-0.18992406129837036,-0.05264257792759963,-0.037660837173461914,-0.24927598237991333,-0.060222653340588295,-0.04475146532058716,-0.2871166467666626,-0.06657230262089797,-0.03413531184196472,-0.09679204225540161,-0.039449261169920646,-0.050257712602615356,-0.16921603679656982,-0.04949600775171348,-0.0617658793926239,-0.2167799472808838,-0.050835394900332176,-0.0685206949710846,-0.25125449895858765,-0.051934947859535896,thank_you
0.0,0.0,0.0,0.04909330606460571,-0.04479187726974487,-0.01014887601513692,0.08872562646865845,-0.11321401596069336,-0.020791766833553993,0.10749444365501404,-0.1859147548675537,-0.02889605578411647,0.09752479195594788,-0.24315154552459717,-0.04013364542652198,0.057268381118774414,-0.11123323440551758,-0.035537467937956535,0.04019954800605774,-0.19912362098693848,-0.05436653051901885,0.022922217845916748,-0.254403293132782,-0.06964993629981109,0.007369786500930786,-0.29638588428497314,-0.0792416274957759,0.021181166172027588,-0.10277259349822998,-0.03773663346100875,0.0017319023609161377,-0.19789820909500122,-0.052962662320624077,-0.01303786039352417,-0.26080524921417236,-0.06607759151984283,-0.024236559867858887,-0.3033524751663208,-0.07779314522076675,-0.010029971599578857,-0.09938180446624756,-0.0388123818152053,-0.02576690912246704,-0.18992406129837036,-0.05264257792759963,-0.037660837173461914,-0.24927598237991333,-0.060222653340588295,-0.04475146532058716,-0.2871166467666626,-0.06657230262089797,-0.03413531184196472,-0.09679204225540161,-0.039449261169920646,-0.050257712602615356,-0.16921603679656982,-0.04949600775171348,-0.0617658793926239,-0.2167799472808838,-0.050835394900332176,-0.0685206949710846,-0.25125449895858765,-0.051934947859535896,thank_you
0.0,0.0,0.0,0.05020490288734436,-0.05096250772476196,-0.017224195437080425,0.08897152543067932,-0.1315130591392517,-0.031798328296787304,0.10814779996871948,-0.20104598999023438,-0.04269533886159138,0.09603685140609741,-0.25058263540267944,-0.05562124683106617,0.037665724754333496,-0.12402647733688354,-0.05360608084643559,0.017463475465774536,-0.2108166217803955,-0.08087075410927014,-0.0005626976490020752,-0.25385773181915283,-0.1011730274423428,-0.018841534852981567,-0.29291003942489624,-0.11439154951418118,-0.0033196210861206055,-0.11713898181915283,-0.055015980289823574,-0.031241178512573242,-0.21259087324142456,-0.08055278568113522,-0.04611629247665405,-0.2622215151786804,-0.09802830128515438,-0.05766305327415466,-0.2954898476600647,-0.1131465723975964,-0.03272825479507446,-0.11504912376403809,-0.05594421087349133,-0.053913235664367676,-0.21157461404800415,-0.07960507182920651,-0.06628602743148804,-0.2635264992713928,-0.09302092252815441,-0.07449060678482056,-0.3009171485900879,-0.1029597586258717,-0.051409363746643066,-0.11476373672485352,-0.0569147831066914,-0.06765210628509521,-0.19533270597457886,-0.07354605852211193,-0.07827991247177124,-0.23853623867034912,-0.081240682886488,-0.08531445264816284,-0.2745167016983032,-0.08805768846119122,thank_you
0.0,0.0,0.0,0.050113022327423096,-0.04895108938217163,-0.013332243141235267,0.08649510145187378,-0.12464463710784912,-0.027005899761320507,0.10231336951255798,-0.19718503952026367,-0.038151746679545795,0.08587095141410828,-0.24851852655410767,-0.052327593852282916,0.03650856018066406,-0.11647719144821167,-0.047981338639260684,0.01639038324356079,-0.19216924905776978,-0.07151264889955655,-0.001721024513244629,-0.23774081468582153,-0.08869156434059278,-0.01944500207901001,-0.2816926836967468,-0.10086226655960218,-0.0012816190719604492,-0.11347156763076782,-0.052009416807891284,-0.02369558811187744,-0.19795119762420654,-0.07462917460918561,-0.03753995895385742,-0.25380396842956543,-0.09144807799577848,-0.04764312505722046,-0.2983354330062866,-0.10716331197738782,-0.03076872229576111,-0.1160128116607666,-0.05514600693106786,-0.05004212260246277,-0.20438915491104126,-0.0773261208724989,-0.06104433536529541,-0.25870245695114136,-0.09100124432563916,-0.06773757934570312,-0.30290311574935913,-0.10222797288417951,-0.053890079259872437,-0.12025672197341919,-0.057975748617650424,-0.07050204277038574,-0.19727575778961182,-0.07413473172903196,-0.08335191011428833,-0.2439025640487671,-0.0822382514071478,-0.09132322669029236,-0.28664809465408325,-0.09019448055744306,thank_you
0.0,0.0,0.0,0.050113022327423096,-0.04895108938217163,-0.013332243141235267,0.08649510145187378,-0.12464463710784912,-0.027005899761320507,0.10231336951255798,-0.19718503952026367,-0.038151746679545795,0.08587095141410828,-0.24851852655410767,-0.052327593852282916,0.03650856018066406,-0.11647719144821167,-0.047981338639260684,0.01639038324356079,-0.19216924905776978,-0.07151264889955655,-0.001721024513244629,-0.23774081468582153,-0.08869156434059278,-0.01944500207901001,-0.2816926836967468,-0.10086226655960218,-0.0012816190719604492,-0.11347156763076782,-0.052009416807891284,-0.02369558811187744,-0.19795119762420654,-0.07462917460918561,-0.03753995895385742,-0.25380396842956543,-0.09144807799577848,-0.04764312505722046,-0.2983354330062866,-0.10716331197738782,-0.03076872229576111,-0.1160128116607666,-0.05514600693106786,-0.05004212260246277,-0.20438915491104126,-0.0773261208724989,-0.06104433536529541,-0.25870245695114136,-0.09100124432563916,-0.06773757934570312,-0.30290311574935913,-0.10222797288417951,-0.053890079259872437,-0.12025672197341919,-0.057975748617650424,-0.07050204277038574,-0.19727575778961182,-0.07413473172903196,-0.08335191011428833,-0.2439025640487671,-0.0822382514071478,-0.09132322669029236,-0.28664809465408325,-0.09019448055744306,thank_you
0.0,0.0,0.0,0.050113022327423096,-0.04895108938217163,-0.013332243141235267,0.08649510145187378,-0.12464463710784912,-0.027005899761320507,0.10231336951255798,-0.19718503952026367,-0.038151746679545795,0.08587095141410828,-0.24851852655410767,-0.052327593852282916,0.03650856018066406,-0.11647719144821167,-0.047981338639260684,0.01639038324356079,-0.19216924905776978,-0.07151264889955655,-0.001721024513244629,-0.23774081468582153,-0.08869156434059278,-0.01944500207901001,-0.2816926836967468,-0.10086226655960218,-0.0012816190719604492,-0.11347156763076782,-0.052009416807891284,-0.02369558811187744,-0.19795119762420654,-0.07462917460918561,-0.03753995895385742,-0.25380396842956543,-0.09144807799577848,-0.04764312505722046,-0.2983354330062866,-0.10716331197738782,-0.03076872229576111,-0.1160128116607666,-0.05514600693106786,-0.05004212260246277,-0.20438915491104126,-0.0773261208724989,-0.06104433536529541,-0.25870245695114136,-0.09100124432563916,-0.06773757934570312,-0.30290311574935913,-0.10222797288417951,-0.053890079259872437,-0.12025672197341919,-0.057975748617650424,-0.07050204277038574,-0.19727575778961182,-0.07413473172903196,-0.08335191011428833,-0.2439025640487671,-0.0822382514071478,-0.09132322669029236,-0.28664809465408325,-0.09019448055744306,thank_you
0.0,0.0,0.0,0.047775447368621826,-0.04652589559555054,-0.020499491944249826,0.08287277817726135,-0.12732058763504028,-0.03647383290463324,0.09668943285942078,-0.19845366477966309,-0.04779696825080748,0.08302569389343262,-0.24141931533813477,-0.06100888538294669,0.03058794140815735,-0.12083625793457031,-0.05593598622017737,0.006051421165466309,-0.20091402530670166,-0.0786179861717784,-0.011506199836730957,-0.24284595251083374,-0.09397837880187865,-0.027124911546707153,-0.2808818817138672,-0.10443878534370299,-0.009163647890090942,-0.1120719313621521,-0.05496543261342879,-0.03750258684158325,-0.19834399223327637,-0.07627117994361754,-0.05155789852142334,-0.24939119815826416,-0.090593952565726,-0.060519397258758545,-0.2841189503669739,-0.10405068460040923,-0.038604021072387695,-0.10988366603851318,-0.05321046698027487,-0.06270810961723328,-0.20059573650360107,-0.07366151723199721,-0.07472363114356995,-0.2542092204093933,-0.08590039226346846,-0.08142697811126709,-0.2933084964752197,-0.0957599094801509,-0.0594477653503418,-0.11137688159942627,-0.05164351302319403,-0.07841962575912476,-0.1902763843536377,-0.06627236667209502,-0.09003514051437378,-0.23459935188293457,-0.07337005796962615,-0.09723445773124695,-0.2716027498245239,-0.08015352848106261,thank_you
0.0,0.0,0.0,0.06439372897148132,-0.04654049873352051,-0.01897187456852123,0.10864201188087463,-0.12452036142349243,-0.03534153029686138,0.12360668182373047,-0.19247794151306152,-0.047009355578481404,0.10403776168823242,-0.2411251664161682,-0.062483023110686986,0.061605989933013916,-0.080238938331604,-0.05983367488151714,0.04234778881072998,-0.15446889400482178,-0.08638714179760143,0.020326703786849976,-0.21202397346496582,-0.10755533650880977,-0.001942366361618042,-0.27061527967453003,-0.12215142622953579,0.016535073518753052,-0.07265669107437134,-0.06042468101149723,-0.00565868616104126,-0.17205935716629028,-0.08277020529276058,-0.02483692765235901,-0.2330912947654724,-0.09888814315563366,-0.04094085097312927,-0.2764275074005127,-0.11420825049644634,-0.01933714747428894,-0.07676142454147339,-0.059792126718818395,-0.0340251624584198,-0.17186862230300903,-0.0807640023565881,-0.04670366644859314,-0.22500336170196533,-0.09087385163074657,-0.0545688271522522,-0.2639927268028259,-0.09916945472723171,-0.04519054293632507,-0.0857996940612793,-0.059098894897758214,-0.056033045053482056,-0.15914958715438843,-0.07254018560415432,-0.06690666079521179,-0.1952245831489563,-0.07471966669326946,-0.07244893908500671,-0.22559785842895508,-0.07799087390667125,thank_you
0.0,0.0,0.0,0.06439372897148132,-0.04654049873352051,-0.01897187456852123,0.10864201188087463,-0.12452036142349243,-0.03534153029686138,0.12360668182373047,-0.19247794151306152,-0.047009355578481404,0.10403776168823242,-0.2411251664161682,-0.062483023110686986,0.061605989933013916,-0.080238938331604,-0.05983367488151714,0.04234778881072998,-0.15446889400482178,-0.08638714179760143,0.020326703786849976,-0.21202397346496582,-0.10755533650880977,-0.001942366361618042,-0.27061527967453003,-0.12215142622953579,0.016535073518753052,-0.07265669107437134,-0.06042468101149723,-0.00565868616104126,-0.17205935716629028,-0.08277020529276058,-0.02483692765235901,-0.2330912947654724,-0.09888814315563366,-0.04094085097312927,-0.2764275074005127,-0.11420825049644634,-0.01933714747428894,-0.07676142454147339,-0.059792126718818395,-0.0340251624584198,-0.17186862230300903,-0.0807640023565881,-0.04670366644859314,-0.22500336170196533,-0.09087385163074657,-0.0545688271522522,-0.2639927268028259,-0.09916945472723171,-0.04519054293632507,-0.0857996940612793,-0.059098894897758214,-0.056033045053482056,-0.15914958715438843,-0.07254018560415432,-0.06690666079521179,-0.1952245831489563,-0.07471966669326946,-0.07244893908500671,-0.22559785842895508,-0.07799087390667125,thank_you
0.0,0.0,0.0,0.037639230489730835,-0.06348907947540283,-0.015294608240523644,0.06232193112373352,-0.140436053276062,-0.02670763670424492,0.07384425401687622,-0.21468013525009155,-0.03491971320430309,0.06637647747993469,-0.27396559715270996,-0.043911107396283455,0.0100327730178833,-0.17603641748428345,-0.03887306204954655,-0.016217797994613647,-0.28362125158309937,-0.05461503243962795,-0.03105980157852173,-0.3421480059623718,-0.0634187539569524,-0.042745500802993774,-0.3884248733520508,-0.06891849688211948,-0.024076193571090698,-0.16160398721694946,-0.038923878734507866,-0.05168023705482483,-0.28139448165893555,-0.053385362540879555,-0.06674623489379883,-0.35239869356155396,-0.06252611479679615,-0.07737243175506592,-0.40601515769958496,-0.07058081827084095,-0.051749587059020996,-0.14407771825790405,-0.03862724504391224,-0.07849007844924927,-0.24717408418655396,-0.050544295971789666,-0.09242299199104309,-0.3134167194366455,-0.058162741874852486,-0.10159122943878174,-0.3631431460380554,-0.06452326527754337,-0.0718822181224823,-0.12618041038513184,-0.03890895149628193,-0.09182226657867432,-0.2081691026687622,-0.04875686815897495,-0.10301175713539124,-0.25839537382125854,-0.053857949142852135,-0.11053824424743652,-0.2990395426750183,-0.05788603848735363,thank_you
0.0,0.0,0.0,0.0380253791809082,-0.07661479711532593,-0.005244158227640128,0.05933287739753723,-0.160808265209198,-0.007630301193046307,0.07275703549385071,-0.2402973175048828,-0.009868759681182837,0.06286191940307617,-0.2996925115585327,-0.012611612696844077,0.006934255361557007,-0.22905415296554565,-0.005968737435239291,-0.010466784238815308,-0.33043086528778076,-0.013192511182921862,-0.0221899151802063,-0.3825487494468689,-0.02066116316308353,-0.034007519483566284,-0.4244105815887451,-0.02583568265725944,-0.026818126440048218,-0.21645092964172363,-0.009548090417581534,-0.04596370458602905,-0.3274696469306946,-0.015355666187303996,-0.058474957942962646,-0.3932543992996216,-0.02366890853335235,-0.07030951976776123,-0.44336479902267456,-0.031107672509449458,-0.05695545673370361,-0.19212526082992554,-0.013707919065552687,-0.0760851800441742,-0.2879104018211365,-0.019649217855828738,-0.08748289942741394,-0.3475569486618042,-0.026327394899624323,-0.0973639190196991,-0.3916829824447632,-0.03185983656038616,-0.08149203658103943,-0.16023069620132446,-0.018204147946732974,-0.09520074725151062,-0.235110342502594,-0.023172074016827082,-0.10363379120826721,-0.2807542681694031,-0.02531814111461017,-0.10953313112258911,-0.3176373243331909,-0.02695153376151893,thank_you
0.0,0.0,0.0,0.03528177738189697,-0.07344448566436768,-0.009937110508133173,0.05576246976852417,-0.15653425455093384,-0.013878016883779765,0.05827432870864868,-0.23584598302841187,-0.01623461876278043,0.04778912663459778,-0.2917114496231079,-0.01839479726021409,-0.006838887929916382,-0.21780681610107422,-0.008716491202164889,-0.020007550716400146,-0.312699556350708,-0.015222141670335532,-0.03179970383644104,-0.36029666662216187,-0.021700623596359492,-0.0434475839138031,-0.3960314393043518,-0.026148845592786074,-0.03926366567611694,-0.20163565874099731,-0.008253997342933417,-0.0568518340587616,-0.30484098196029663,-0.013696988264371157,-0.06933477520942688,-0.3663561940193176,-0.021436049754072428,-0.08159017562866211,-0.4128350019454956,-0.027788468787719012,-0.06471624970436096,-0.17457783222198486,-0.008492160739649535,-0.08549639582633972,-0.26686161756515503,-0.013896036112953425,-0.09791547060012817,-0.32216405868530273,-0.020313474500824213,-0.10931792855262756,-0.36436599493026733,-0.02550619762604356,-0.08345481753349304,-0.14186835289001465,-0.009299271891165972,-0.09897831082344055,-0.2154591679573059,-0.014896735700119734,-0.10987615585327148,-0.25646209716796875,-0.017562606523085833,-0.118755042552948,-0.29131048917770386,-0.018979101592947245,thank_you
0.0,0.0,0.0,0.03344303369522095,-0.09165328741073608,0.00573419869117231,0.047678470611572266,-0.17677754163742065,0.009377723989857145,0.05151355266571045,-0.2536759376525879,0.01159909131176562,0.042283594608306885,-0.3006775379180908,0.013394642120076128,-0.006667792797088623,-0.2429509162902832,0.008877356035483785,-0.018872082233428955,-0.33530181646347046,0.00800651448018641,-0.03045564889907837,-0.37737029790878296,0.004166324587387749,-0.0421375036239624,-0.4080052971839905,0.0010592339903467973,-0.03988933563232422,-0.2280227541923523,0.0030180294642576655,-0.05687353014945984,-0.33073192834854126,0.0036248662153610667,-0.06940940022468567,-0.38532423973083496,-0.0011540777405372182,-0.08165106177330017,-0.42569756507873535,-0.006227531505899719,-0.06761899590492249,-0.1990116834640503,-0.0025190892984738866,-0.09017860889434814,-0.2896374464035034,-0.0026591348351558963,-0.10266795754432678,-0.3390554189682007,-0.006935724092798523,-0.11274483799934387,-0.37492620944976807,-0.011780169362353377,-0.08799350261688232,-0.1605355143547058,-0.007446934504585556,-0.10615876317024231,-0.2287135124206543,-0.007712678553687624,-0.11527478694915771,-0.263526976108551,-0.007065844291972212,-0.12078216671943665,-0.2903975248336792,-0.007040220348315529,thank_you
0.0,0.0,0.0,0.03263986110687256,-0.08435839414596558,-0.00031493799394866073,0.04837062954902649,-0.16379445791244507,-0.00044418510731247807,0.05057242512702942,-0.23973935842514038,-0.0013378900497400537,0.04349568486213684,-0.28969788551330566,-0.0025204595898458138,-0.011637479066848755,-0.23219525814056396,0.004688039536290489,-0.02679353952407837,-0.3190070390701294,0.00038484739854993677,-0.03798568248748779,-0.3608520030975342,-0.0057105886538693085,-0.048408329486846924,-0.3901846408843994,-0.009963485763705648,-0.043667763471603394,-0.2163679003715515,0.0007173969039513395,-0.06256869435310364,-0.312258243560791,-0.0011472698555508032,-0.074852854013443,-0.3671698570251465,-0.007490634338296331,-0.08558452129364014,-0.40817493200302124,-0.01326500007633058,-0.0693751871585846,-0.18533235788345337,-0.0036324107808241024,-0.09298089146614075,-0.27029186487197876,-0.005904007123149313,-0.10534349083900452,-0.31941407918930054,-0.010615079083777346,-0.11408931016921997,-0.3563131093978882,-0.015421694496012606,-0.08862346410751343,-0.1435321569442749,-0.007963037469721712,-0.10763794183731079,-0.2016502022743225,-0.010075796746946253,-0.11566072702407837,-0.23396724462509155,-0.010111717858649172,-0.1196250319480896,-0.2622532844543457,-0.01016158180061666,thank_you
0.0,0.0,0.0,0.03263986110687256,-0.08435839414596558,-0.00031493799394866073,0.04837062954902649,-0.16379445791244507,-0.00044418510731247807,0.05057242512702942,-0.23973935842514038,-0.0013378900497400537,0.04349568486213684,-0.28969788551330566,-0.0025204595898458138,-0.011637479066848755,-0.23219525814056396,0.004688039536290489,-0.02679353952407837,-0.3190070390701294,0.00038484739854993677,-0.03798568248748779,-0.3608520030975342,-0.0057105886538693085,-0.048408329486846924,-0.3901846408843994,-0.009963485763705648,-0.043667763471603394,-0.2163679003715515,0.0007173969039513395,-0.06256869435310364,-0.312258243560791,-0.0011472698555508032,-0.074852854013443,-0.3671698570251465,-0.007490634338296331,-0.08558452129364014,-0.40817493200302124,-0.01326500007633058,-0.0693751871585846,-0.18533235788345337,-0.0036324107808241024,-0.09298089146614075,-0.27029186487197876,-0.005904007123149313,-0.10534349083900452,-0.31941407918930054,-0.010615079083777346,-0.11408931016921997,-0.3563131093978882,-0.015421694496012606,-0.08862346410751343,-0.1435321569442749,-0.007963037469721712,-0.10763794183731079,-0.2016502022743225,-0.010075796746946253,-0.11566072702407837,-0.23396724462509155,-0.010111717858649172,-0.1196250319480896,-0.2622532844543457,-0.01016158180061666,thank_you
0.0,0.0,0.0,0.03321436047554016,-0.08669406175613403,0.002925941352003747,0.048905909061431885,-0.16980969905853271,0.005565347014197641,0.05229508876800537,-0.24852561950683594,0.007580208922007614,0.04360887408256531,-0.2980495095252991,0.009125881692597204,-0.008283346891403198,-0.24101144075393677,0.006497084493020111,-0.02330857515335083,-0.3337867259979248,0.005999599913337761,-0.03584861755371094,-0.37776005268096924,0.0023290737105696735,-0.04777562618255615,-0.40908873081207275,-0.0005851611688569847,-0.041250407695770264,-0.22281759977340698,0.002625377247312599,-0.06032255291938782,-0.32448482513427734,0.00454310174492889,-0.0732259750366211,-0.3785547614097595,0.0004888826321973738,-0.08496597409248352,-0.41691160202026367,-0.004396333494952387,-0.06836721301078796,-0.1910918951034546,-0.0011131182739347878,-0.09045204520225525,-0.2828940749168396,-0.0005421645085164073,-0.1034395694732666,-0.3330070376396179,-0.004628450279852814,-0.1133803129196167,-0.3673326373100281,-0.00957054658400125,-0.08853986859321594,-0.1507784128189087,-0.004482066394558615,-0.10653600096702576,-0.21724683046340942,-0.004594834657183355,-0.11470961570739746,-0.25039559602737427,-0.0041365173140377465,-0.11914917826652527,-0.27584534883499146,-0.004311951944401926,thank_you
0.0,0.0,0.0,0.03246569633483887,-0.0846858024597168,-0.0017945332900950461,0.04981863498687744,-0.17114371061325073,-0.001111492000646308,0.05426514148712158,-0.2520495653152466,-0.0004707815632087886,0.044791996479034424,-0.3050128221511841,-5.117837180534934e-05,-0.005939096212387085,-0.23624181747436523,8.205758523160966e-05,-0.022843539714813232,-0.3390016555786133,-0.004613653475544766,-0.03753611445426941,-0.3859074115753174,-0.010425794588527992,-0.05207601189613342,-0.4185338616371155,-0.01426155557682307,-0.03875896334648132,-0.21987926959991455,-0.0029439171293148547,-0.06376966834068298,-0.3291347026824951,-0.006055163869760349,-0.0808970034122467,-0.3891943693161011,-0.013198922107122257,-0.09704267978668213,-0.43346846103668213,-0.01975847659458907,-0.06496778130531311,-0.19311368465423584,-0.006174616700164393,-0.09040483832359314,-0.28642261028289795,-0.009677227305374458,-0.10485976934432983,-0.3414953351020813,-0.015373848097524956,-0.11694130301475525,-0.3826237916946411,-0.020547120550773457,-0.08444491028785706,-0.15952759981155396,-0.009475908892355278,-0.10268884897232056,-0.23098808526992798,-0.01291988389392884,-0.1136493980884552,-0.2721109986305237,-0.014089006649456337,-0.12111490964889526,-0.30550307035446167,-0.014886486994228676,thank_you
0.0,0.0,0.0,0.03246569633483887,-0.0846858024597168,-0.0017945332900950461,0.04981863498687744,-0.17114371061325073,-0.001111492000646308,0.05426514148712158,-0.2520495653152466,-0.0004707815632087886,0.044791996479034424,-0.3050128221511841,-5.117837180534934e-05,-0.005939096212387085,-0.23624181747436523,8.205758523160966e-05,-0.022843539714813232,-0.3390016555786133,-0.004613653475544766,-0.03753611445426941,-0.3859074115753174,-0.010425794588527992,-0.05207601189613342,-0.4185338616371155,-0.01426155557682307,-0.03875896334648132,-0.21987926959991455,-0.0029439171293148547,-0.06376966834068298,-0.3291347026824951,-0.006055163869760349,-0.0808970034122467,-0.3891943693161011,-0.013198922107122257,-0.09704267978668213,-0.43346846103668213,-0.01975847659458907,-0.06496778130531311,-0.19311368465423584,-0.006174616700164393,-0.09040483832359314,-0.28642261028289795,-0.009677227305374458,-0.10485976934432983,-0.3414953351020813,-0.015373848097524956,-0.11694130301475525,-0.3826237916946411,-0.020547120550773457,-0.08444491028785706,-0.15952759981155396,-0.009475908892355278,-0.10268884897232056,-0.23098808526992798,-0.01291988389392884,-0.1136493980884552,-0.2721109986305237,-0.014089006649456337,-0.12111490964889526,-0.30550307035446167,-0.014886486994228676,thank_you
0.0,0.0,0.0,0.037900835275650024,-0.07410180568695068,-0.008999008417390542,0.05829012393951416,-0.16432785987854004,-0.012505679123364644,0.06379333138465881,-0.25046056509017944,-0.014364182681106286,0.05685240030288696,-0.3139374256134033,-0.01664289898451443,0.004302412271499634,-0.2191724181175232,-0.0140088346901166,-0.018493235111236572,-0.321819007396698,-0.02151055514093514,-0.033171892166137695,-0.3744813799858093,-0.027626366086565213,-0.04699409008026123,-0.41489702463150024,-0.03171122326727982,-0.029854625463485718,-0.20156878232955933,-0.014792106777690606,-0.05445417761802673,-0.312477707862854,-0.02062060005243893,-0.07016029953956604,-0.3762097954750061,-0.0274567331301796,-0.08337956666946411,-0.423081636428833,-0.03391728430267449,-0.059354424476623535,-0.1768997311592102,-0.01606132156427975,-0.08105680346488953,-0.2731698751449585,-0.021997484110556798,-0.09288027882575989,-0.3319042921066284,-0.0279452602493393,-0.10254013538360596,-0.374362587928772,-0.03288806482430573,-0.08387500047683716,-0.14918649196624756,-0.01783585242208119,-0.09699112176895142,-0.23117899894714355,-0.02355445615228291,-0.10524827241897583,-0.277815043926239,-0.026295332901440815,-0.11130779981613159,-0.3159131407737732,-0.028118901618086056,thank_you
0.0,0.0,0.0,0.037900835275650024,-0.07410180568695068,-0.008999008417390542,0.05829012393951416,-0.16432785987854004,-0.012505679123364644,0.06379333138465881,-0.25046056509017944,-0.014364182681106286,0.05685240030288696,-0.3139374256134033,-0.01664289898451443,0.004302412271499634,-0.2191724181175232,-0.0140088346901166,-0.018493235111236572,-0.321819007396698,-0.02151055514093514,-0.033171892166137695,-0.3744813799858093,-0.027626366086565213,-0.04699409008026123,-0.41489702463150024,-0.03171122326727982,-0.029854625463485718,-0.20156878232955933,-0.014792106777690606,-0.05445417761802673,-0.312477707862854,-0.02062060005243893,-0.07016029953956604,-0.3762097954750061,-0.0274567331301796,-0.08337956666946411,-0.423081636428833,-0.03391728430267449,-0.059354424476623535,-0.1768997311592102,-0.01606132156427975,-0.08105680346488953,-0.2731698751449585,-0.021997484110556798,-0.09288027882575989,-0.3319042921066284,-0.0279452602493393,-0.10254013538360596,-0.374362587928772,-0.03288806482430573,-0.08387500047683716,-0.14918649196624756,-0.01783585242208119,-0.09699112176895142,-0.23117899894714355,-0.02355445615228291,-0.10524827241897583,-0.277815043926239,-0.026295332901440815,-0.11130779981613159,-0.3159131407737732,-0.028118901618086056,thank_you
0.0,0.0,0.0,0.03623858094215393,-0.06524431705474854,-0.014221075983336107,0.057783693075180054,-0.14334654808044434,-0.02330289694069876,0.06941264867782593,-0.2162826657295227,-0.02997969935237421,0.0637843906879425,-0.27169352769851685,-0.0367862387239839,0.006323188543319702,-0.18684327602386475,-0.027890295782675878,-0.018139928579330444,-0.286554753780365,-0.04261787521242155,-0.034434497356414795,-0.3393411636352539,-0.05286554160117163,-0.049885839223861694,-0.38046109676361084,-0.059299088144292966,-0.028391331434249878,-0.1733684539794922,-0.027618256458630697,-0.05587005615234375,-0.28333938121795654,-0.04078828456400885,-0.07350671291351318,-0.3463900685310364,-0.05010680394767775,-0.08827155828475952,-0.39475882053375244,-0.057803901904811994,-0.055523067712783813,-0.15687984228134155,-0.027796105542769567,-0.07957124710083008,-0.2553444504737854,-0.0388369775056745,-0.09419673681259155,-0.3143910765647888,-0.044752474004020826,-0.10651829838752747,-0.35893338918685913,-0.04911839874981894,-0.07371431589126587,-0.1382259726524353,-0.02878404694198622,-0.09290361404418945,-0.21939456462860107,-0.03718849184512152,-0.10543602705001831,-0.2668781876564026,-0.03996920126079573,-0.11521774530410767,-0.30499088764190674,-0.04169005068539633,thank_you
0.0,0.0,0.0,0.04008203744888306,-0.05293834209442139,-0.01937538026712815,0.06901654601097107,-0.13356614112854004,-0.03135880282960812,0.08325585722923279,-0.20786595344543457,-0.038777647678479354,0.07715019583702087,-0.2613546848297119,-0.04701055413924138,0.012132853269577026,-0.15996813774108887,-0.04633151194892804,-0.00745275616645813,-0.24263334274291992,-0.06345695829831044,-0.02327713370323181,-0.2908827066421509,-0.0742481631680576,-0.03889232873916626,-0.33472925424575806,-0.08198448098145406,-0.02225366234779358,-0.1462177038192749,-0.04420608482204358,-0.04730388522148132,-0.23631131649017334,-0.061258180205449264,-0.06386977434158325,-0.29270339012145996,-0.07234065807305257,-0.07699394226074219,-0.3397172689437866,-0.08288625455342213,-0.04735219478607178,-0.1334526538848877,-0.041586158935650985,-0.07001140713691711,-0.22314327955245972,-0.05768254971943776,-0.08383321762084961,-0.27911537885665894,-0.06693043387375752,-0.0959097146987915,-0.3244941830635071,-0.07440428263388554,-0.06360483169555664,-0.11991626024246216,-0.03961456767164151,-0.0834585428237915,-0.19949811697006226,-0.053389800850972335,-0.09752592444419861,-0.2473316788673401,-0.06047124615751187,-0.10910001397132874,-0.29050540924072266,-0.06621375507555882,thank_you
0.0,0.0,0.0,0.04008203744888306,-0.05293834209442139,-0.01937538026712815,0.06901654601097107,-0.13356614112854004,-0.03135880282960812,0.08325585722923279,-0.20786595344543457,-0.038777647678479354,0.07715019583702087,-0.2613546848297119,-0.04701055413924138,0.012132853269577026,-0.15996813774108887,-0.04633151194892804,-0.00745275616645813,-0.24263334274291992,-0.06345695829831044,-0.02327713370323181,-0.2908827066421509,-0.0742481631680576,-0.03889232873916626,-0.33472925424575806,-0.08198448098145406,-0.02225366234779358,-0.1462177038192749,-0.04420608482204358,-0.04730388522148132,-0.23631131649017334,-0.061258180205449264,-0.06386977434158325,-0.29270339012145996,-0.07234065807305257,-0.07699394226074219,-0.3397172689437866,-0.08288625455342213,-0.04735219478607178,-0.1334526538848877,-0.041586158935650985,-0.07001140713691711,-0.22314327955245972,-0.05768254971943776,-0.08383321762084961,-0.27911537885665894,-0.06693043387375752,-0.0959097146987915,-0.3244941830635071,-0.07440428263388554,-0.06360483169555664,-0.11991626024246216,-0.03961456767164151,-0.0834585428237915,-0.19949811697006226,-0.053389800850972335,-0.09752592444419861,-0.2473316788673401,-0.06047124615751187,-0.10910001397132874,-0.29050540924072266,-0.06621375507555882,thank_you
0.0,0.0,0.0,0.0388258695602417,-0.0461423397064209,-0.025002170729933937,0.0652831494808197,-0.11773985624313354,-0.03875391967922326,0.0763038694858551,-0.19063180685043335,-0.0477746766093361,0.07068410515785217,-0.2470996379852295,-0.0570750165763485,0.005969494581222534,-0.1406288743019104,-0.04688065536647912,-0.014097779989242554,-0.21810388565063477,-0.0660028796675789,-0.030266255140304565,-0.2606988549232483,-0.07865840606719132,-0.045409440994262695,-0.3008360266685486,-0.08758058064013596,-0.029503554105758667,-0.12934845685958862,-0.04268261827856179,-0.05281859636306763,-0.21457117795944214,-0.061035126823483665,-0.06860670447349548,-0.2677648663520813,-0.07352842055588837,-0.0807744562625885,-0.31371796131134033,-0.08501740955144044,-0.05537417531013489,-0.11868703365325928,-0.03884980120092507,-0.076636403799057,-0.19962149858474731,-0.05578369684845086,-0.09101501107215881,-0.2531225085258484,-0.06463138424187775,-0.10215571522712708,-0.2991483211517334,-0.07185118310481187,-0.07315760850906372,-0.10603976249694824,-0.03644692562848206,-0.09212055802345276,-0.17871105670928955,-0.05115611888795968,-0.10412958264350891,-0.2214508056640625,-0.05799803175359841,-0.11366629600524902,-0.2620164752006531,-0.06348289214402314,thank_you
0.0,0.0,0.0,0.040678441524505615,-0.047879695892333984,-0.02352483481305967,0.0668611228466034,-0.12124812602996826,-0.03665883004802595,0.0791601836681366,-0.19713985919952393,-0.04561479300397764,0.0714302659034729,-0.25770115852355957,-0.055146432520331246,0.008417904376983643,-0.15156561136245728,-0.042690149547041756,-0.011066257953643799,-0.23029547929763794,-0.06198604315656553,-0.027047574520111084,-0.27466028928756714,-0.07571557447451482,-0.043298572301864624,-0.3153851628303528,-0.08541182711857687,-0.02640518546104431,-0.14587581157684326,-0.03916565612095724,-0.04980519413948059,-0.23304176330566406,-0.056342191101492745,-0.06495010852813721,-0.28742456436157227,-0.06833417251843343,-0.07747840881347656,-0.3334987163543701,-0.07965332552927862,-0.05260723829269409,-0.13721752166748047,-0.03641633227604757,-0.0729210376739502,-0.22328710556030273,-0.052204805464924675,-0.08553144335746765,-0.2745859622955322,-0.06097818076747785,-0.09645947813987732,-0.31685662269592285,-0.06839767381686102,-0.07077059149742126,-0.12531322240829468,-0.03507220655816923,-0.0898890495300293,-0.1988195776939392,-0.04857865259188543,-0.10191985964775085,-0.24218976497650146,-0.055557764173926216,-0.11191684007644653,-0.2793697118759155,-0.06128042474526296,thank_you
0.0,0.0,0.0,0.040678441524505615,-0.047879695892333984,-0.02352483481305967,0.0668611228466034,-0.12124812602996826,-0.03665883004802595,0.0791601836681366,-0.19713985919952393,-0.04561479300397764,0.0714302659034729,-0.25770115852355957,-0.055146432520331246,0.008417904376983643,-0.15156561136245728,-0.042690149547041756,-0.011066257953643799,-0.23029547929763794,-0.06198604315656553,-0.027047574520111084,-0.27466028928756714,-0.07571557447451482,-0.043298572301864624,-0.3153851628303528,-0.08541182711857687,-0.02640518546104431,-0.14587581157684326,-0.03916565612095724,-0.04980519413948059,-0.23304176330566406,-0.056342191101492745,-0.06495010852813721,-0.28742456436157227,-0.06833417251843343,-0.07747840881347656,-0.3334987163543701,-0.07965332552927862,-0.05260723829269409,-0.13721752166748047,-0.03641633227604757,-0.0729210376739502,-0.22328710556030273,-0.052204805464924675,-0.08553144335746765,-0.2745859622955322,-0.06097818076747785,-0.09645947813987732,-0.31685662269592285,-0.06839767381686102,-0.07077059149742126,-0.12531322240829468,-0.03507220655816923,-0.0898890495300293,-0.1988195776939392,-0.04857865259188543,-0.10191985964775085,-0.24218976497650146,-0.055557764173926216,-0.11191684007644653,-0.2793697118759155,-0.06128042474526296,thank_you
0.0,0.0,0.0,0.040678441524505615,-0.047879695892333984,-0.02352483481305967,0.0668611228466034,-0.12124812602996826,-0.03665883004802595,0.0791601836681366,-0.19713985919952393,-0.04561479300397764,0.0714302659034729,-0.25770115852355957,-0.055146432520331246,0.008417904376983643,-0.15156561136245728,-0.042690149547041756,-0.011066257953643799,-0.23029547929763794,-0.06198604315656553,-0.027047574520111084,-0.27466028928756714,-0.07571557447451482,-0.043298572301864624,-0.3153851628303528,-0.08541182711857687,-0.02640518546104431,-0.14587581157684326,-0.03916565612095724,-0.04980519413948059,-0.23304176330566406,-0.056342191101492745,-0.06495010852813721,-0.28742456436157227,-0.06833417251843343,-0.07747840881347656,-0.3334987163543701,-0.07965332552927862,-0.05260723829269409,-0.13721752166748047,-0.03641633227604757,-0.0729210376739502,-0.22328710556030273,-0.052204805464924675,-0.08553144335746765,-0.2745859622955322,-0.06097818076747785,-0.09645947813987732,-0.31685662269592285,-0.06839767381686102,-0.07077059149742126,-0.12531322240829468,-0.03507220655816923,-0.0898890495300293,-0.1988195776939392,-0.04857865259188543,-0.10191985964775085,-0.24218976497650146,-0.055557764173926216,-0.11191684007644653,-0.2793697118759155,-0.06128042474526296,thank_you
0.0,0.0,0.0,0.04018816351890564,-0.048107266426086426,-0.020092101080074087,0.0700981616973877,-0.12476730346679688,-0.0334992159732721,0.08522069454193115,-0.1998687982559204,-0.042598092240943686,0.07746952772140503,-0.25629812479019165,-0.052859165949477926,0.012599915266036987,-0.14462602138519287,-0.04752767203535058,-0.00807151198387146,-0.22371524572372437,-0.06593596307720162,-0.023745298385620117,-0.27121031284332275,-0.07778158156360604,-0.0373607873916626,-0.31593942642211914,-0.08661080269302346,-0.021973878145217896,-0.1360173225402832,-0.04613576574410416,-0.046294063329696655,-0.22242522239685059,-0.06401808677400567,-0.062307506799697876,-0.27790367603302,-0.07606569795097329,-0.07357892394065857,-0.3244093656539917,-0.08780045924867608,-0.047438591718673706,-0.126939594745636,-0.044407760036840216,-0.06916823983192444,-0.2145424485206604,-0.0615148407050512,-0.08428964018821716,-0.27139490842819214,-0.07195180772031762,-0.09544745087623596,-0.3197859525680542,-0.08088190226043679,-0.06408724188804626,-0.1157953143119812,-0.043323395086183325,-0.08237847685813904,-0.18960976600646973,-0.05782224355424859,-0.09584018588066101,-0.23419463634490967,-0.06569030998434044,-0.10646548867225647,-0.27606987953186035,-0.0726232391425512,thank_you
0.0,0.0,0.0,0.04018816351890564,-0.048107266426086426,-0.020092101080074087,0.0700981616973877,-0.12476730346679688,-0.0334992159732721,0.08522069454193115,-0.1998687982559204,-0.042598092240943686,0.07746952772140503,-0.25629812479019165,-0.052859165949477926,0.012599915266036987,-0.14462602138519287,-0.04752767203535058,-0.00807151198387146,-0.22371524572372437,-0.06593596307720162,-0.023745298385620117,-0.27121031284332275,-0.07778158156360604,-0.0373607873916626,-0.31593942642211914,-0.08661080269302346,-0.021973878145217896,-0.1360173225402832,-0.04613576574410416,-0.046294063329696655,-0.22242522239685059,-0.06401808677400567,-0.062307506799697876,-0.27790367603302,-0.07606569795097329,-0.07357892394065857,-0.3244093656539917,-0.08780045924867608,-0.047438591718673706,-0.126939594745636,-0.044407760036840216,-0.06916823983192444,-0.2145424485206604,-0.0615148407050512,-0.08428964018821716,-0.27139490842819214,-0.07195180772031762,-0.09544745087623596,-0.3197859525680542,-0.08088190226043679,-0.06408724188804626,-0.1157953143119812,-0.043323395086183325,-0.08237847685813904,-0.18960976600646973,-0.05782224355424859,-0.09584018588066101,-0.23419463634490967,-0.06569030998434044,-0.10646548867225647,-0.27606987953186035,-0.0726232391425512,thank_you
0.0,0.0,0.0,0.04003992676734924,-0.0524711012840271,-0.022246048421315834,0.06603699922561646,-0.12521320581436157,-0.03476418238943069,0.0753818154335022,-0.19401806592941284,-0.04389531967108695,0.07262885570526123,-0.24988627433776855,-0.053314854026488945,0.0070945024490356445,-0.16192948818206787,-0.03845423144166915,-0.013017445802688599,-0.24162381887435913,-0.05642288234894721,-0.02840682864189148,-0.29104113578796387,-0.068378531009607,-0.043399423360824585,-0.3331645131111145,-0.0769231995648667,-0.026496052742004395,-0.15251678228378296,-0.03645610866015403,-0.049550861120224,-0.2401052713394165,-0.053843606830291435,-0.06632590293884277,-0.2973448634147644,-0.06573570576374976,-0.07995235919952393,-0.3465456962585449,-0.07595338729088752,-0.051997601985931396,-0.13862645626068115,-0.035322394788913414,-0.07402724027633667,-0.22342628240585327,-0.051304765612535164,-0.0887317955493927,-0.27785760164260864,-0.05988678020303695,-0.10004696249961853,-0.32391780614852905,-0.06638044175570457,-0.07003408670425415,-0.12082910537719727,-0.03561553788249938,-0.09053581953048706,-0.19218534231185913,-0.04931512159173934,-0.10416725277900696,-0.2359277606010437,-0.0558748101896569,-0.11483323574066162,-0.2736662030220032,-0.060626380712442085,thank_you
0.0,0.0,0.0,0.03440725803375244,-0.07628542184829712,-0.011345016096313998,0.04938054084777832,-0.16815751791000366,-0.017410651106914088,0.05168220400810242,-0.24747717380523682,-0.022135123868068263,0.04856449365615845,-0.305563747882843,-0.02672087799437861,-0.002777993679046631,-0.2100825309753418,-0.01799709003098826,-0.02600190043449402,-0.3061981797218323,-0.02996361467667441,-0.041708558797836304,-0.3591601252555847,-0.038873913024147555,-0.056655049324035645,-0.4012659788131714,-0.04490712497063498,-0.03570660948753357,-0.19607681035995483,-0.01937239642866473,-0.05980613827705383,-0.30121421813964844,-0.030545443554004237,-0.0765804648399353,-0.3667556643486023,-0.03960034463234763,-0.0916438102722168,-0.41811197996139526,-0.046908537183483645,-0.06280583143234253,-0.17536354064941406,-0.021489436064442202,-0.0829925537109375,-0.2728841304779053,-0.031120734546860263,-0.09571421146392822,-0.33293473720550537,-0.03730469409056525,-0.1076764166355133,-0.37911516427993774,-0.04180365640350203,-0.08353856205940247,-0.15071380138397217,-0.024355709810336634,-0.09925186634063721,-0.23170912265777588,-0.03284014600940566,-0.11043065786361694,-0.280550479888916,-0.03615267414279799,-0.12051168084144592,-0.3198292851448059,-0.03789677310415129,thank_you
0.0,0.0,0.0,0.03440725803375244,-0.07628542184829712,-0.011345016096313998,0.04938054084777832,-0.16815751791000366,-0.017410651106914088,0.05168220400810242,-0.24747717380523682,-0.022135123868068263,0.04856449365615845,-0.305563747882843,-0.02672087799437861,-0.002777993679046631,-0.2100825309753418,-0.01799709003098826,-0.02600190043449402,-0.3061981797218323,-0.02996361467667441,-0.041708558797836304,-0.3591601252555847,-0.038873913024147555,-0.056655049324035645,-0.4012659788131714,-0.04490712497063498,-0.03570660948753357,-0.19607681035995483,-0.01937239642866473,-0.05980613827705383,-0.30121421813964844,-0.030545443554004237,-0.0765804648399353,-0.3667556643486023,-0.03960034463234763,-0.0916438102722168,-0.41811197996139526,-0.046908537183483645,-0.06280583143234253,-0.17536354064941406,-0.021489436064442202,-0.0829925537109375,-0.2728841304779053,-0.031120734546860263,-0.09571421146392822,-0.33293473720550537,-0.03730469409056525,-0.1076764166355133,-0.37911516427993774,-0.04180365640350203,-0.08353856205940247,-0.15071380138397217,-0.024355709810336634,-0.09925186634063721,-0.23170912265777588,-0.03284014600940566,-0.11043065786361694,-0.280550479888916,-0.03615267414279799,-0.12051168084144592,-0.3198292851448059,-0.03789677310415129,thank_you
0.0,0.0,0.0,0.035499900579452515,-0.07880997657775879,-0.010180133237810196,0.05723315477371216,-0.16427689790725708,-0.014926632709176602,0.06053408980369568,-0.24788206815719604,-0.018356578267486157,0.055282145738601685,-0.3060948848724365,-0.02180154047098881,-0.004384845495223999,-0.21776264905929565,-0.009763168945283951,-0.026668399572372437,-0.31140851974487305,-0.018091775319845738,-0.04345303773880005,-0.3601888418197632,-0.026442076853783192,-0.05990195274353027,-0.39911210536956787,-0.032419981277854504,-0.03853344917297363,-0.20347505807876587,-0.010549604735643925,-0.06415092945098877,-0.30333173274993896,-0.016820872045428814,-0.08197775483131409,-0.36294955015182495,-0.025570718414456906,-0.09759482741355896,-0.4100794792175293,-0.03354541010347134,-0.06577402353286743,-0.18146592378616333,-0.012204943999023499,-0.08801409602165222,-0.27256447076797485,-0.01805914736476666,-0.10116428136825562,-0.32853639125823975,-0.02424789576915032,-0.11294040083885193,-0.370575487613678,-0.029694441548855366,-0.08640027046203613,-0.15485340356826782,-0.014705824508638443,-0.10185304284095764,-0.23131418228149414,-0.020432922832043232,-0.1134009063243866,-0.27702730894088745,-0.022997341892988743,-0.12360349297523499,-0.3149377703666687,-0.024625742650897564,thank_you
0.0,0.0,0.0,0.03394120931625366,-0.07084816694259644,-0.009211022236044641,0.05491358041763306,-0.15006554126739502,-0.013696685262615915,0.0578770637512207,-0.22550582885742188,-0.01703099609970593,0.05517172813415527,-0.2791813611984253,-0.021006311119194265,-0.0025410354137420654,-0.2065386176109314,-0.010715704240496393,-0.019893765449523926,-0.29557162523269653,-0.018545283765192266,-0.03596752882003784,-0.3442690968513489,-0.02652077452897572,-0.051810622215270996,-0.38003653287887573,-0.03253245057224774,-0.03400948643684387,-0.1937996745109558,-0.011759955265219446,-0.05472049117088318,-0.28648197650909424,-0.0180681839740231,-0.07290089130401611,-0.3407159447669983,-0.026642004788513418,-0.08974534273147583,-0.3807169795036316,-0.034228441134686705,-0.05913379788398743,-0.17248767614364624,-0.013426456429655786,-0.07886555790901184,-0.2603992819786072,-0.018912509844298597,-0.09282949566841125,-0.3102831244468689,-0.025196489707226988,-0.10535427927970886,-0.34741348028182983,-0.031020673752422567,-0.07862377166748047,-0.1452159285545349,-0.01568417885958695,-0.09354779124259949,-0.21438080072402954,-0.021499438971872564,-0.10547482967376709,-0.25295186042785645,-0.024110679343934294,-0.1156197190284729,-0.2848643660545349,-0.025912207380528685,thank_you
0.0,0.0,0.0,0.01935720443725586,-0.08378416299819946,5.999161453473789e-05,0.021248161792755127,-0.1601353883743286,0.0015243190007367957,0.015457689762115479,-0.21739882230758667,0.0020976914690891135,0.002452760934829712,-0.2513091564178467,0.0006750803456725407,-0.034075140953063965,-0.19400906562805176,0.0020070949701676,-0.07355016469955444,-0.23236972093582153,-0.00210598407852558,-0.09564673900604248,-0.242651104927063,-0.009233951508804239,-0.11384165287017822,-0.2521493434906006,-0.014994177907510675,-0.05643272399902344,-0.15680170059204102,-0.0031832197548737895,-0.09829944372177124,-0.19621312618255615,-0.007478941637828029,-0.12230706214904785,-0.2148386836051941,-0.018251585714324392,-0.1411767303943634,-0.22940337657928467,-0.02825580624471513,-0.07196715474128723,-0.11611324548721313,-0.00825008464585153,-0.11185157299041748,-0.15148967504501343,-0.01365595956872312,-0.13629838824272156,-0.17728829383850098,-0.022149567432506956,-0.15413369238376617,-0.1971879005432129,-0.029664034895404257,-0.08266317844390869,-0.07059162855148315,-0.013146566167279161,-0.11700573563575745,-0.09938150644302368,-0.01846388069520799,-0.13910549879074097,-0.11951202154159546,-0.0208194022400221,-0.15645797550678253,-0.1383885145187378,-0.023052574075563825,please
0.0,0.0,0.0,0.01935720443725586,-0.08378416299819946,5.999161453473789e-05,0.021248161792755127,-0.1601353883743286,0.0015243190007367957,0.015457689762115479,-0.21739882230758667,0.0020976914690891135,0.002452760934829712,-0.2513091564178467,0.0006750803456725407,-0.034075140953063965,-0.19400906562805176,0.0020070949701676,-0.07355016469955444,-0.23236972093582153,-0.00210598407852558,-0.09564673900604248,-0.242651104927063,-0.009233951508804239,-0.11384165287017822,-0.2521493434906006,-0.014994177907510675,-0.05643272399902344,-0.15680170059204102,-0.0031832197548737895,-0.09829944372177124,-0.19621312618255615,-0.007478941637828029,-0.12230706214904785,-0.2148386836051941,-0.018251585714324392,-0.1411767303943634,-0.22940337657928467,-0.02825580624471513,-0.07196715474128723,-0.11611324548721313,-0.00825008464585153,-0.11185157299041748,-0.15148967504501343,-0.01365595956872312,-0.13629838824272156,-0.17728829383850098,-0.022149567432506956,-0.15413369238376617,-0.1971879005432129,-0.029664034895404257,-0.08266317844390869,-0.07059162855148315,-0.013146566167279161,-0.11700573563575745,-0.09938150644302368,-0.01846388069520799,-0.13910549879074097,-0.11951202154159546,-0.0208194022400221,-0.15645797550678253,-0.1383885145187378,-0.023052574075563825,please
0.0,0.0,0.0,0.015834152698516846,-0.08353245258331299,0.003468471645803106,0.01640835404396057,-0.15640974044799805,0.0057238380624511365,0.010255247354507446,-0.21126919984817505,0.006937372331933034,0.0028214752674102783,-0.24715816974639893,0.006838706155733121,-0.03663775324821472,-0.18510037660598755,0.0044711072197713975,-0.07663720846176147,-0.22198206186294556,0.0005923640648433093,-0.09874686598777771,-0.2307415008544922,-0.0065018913508794185,-0.11617183685302734,-0.23643487691879272,-0.011825611515476453,-0.059974104166030884,-0.14664959907531738,-0.0010600396697810766,-0.10418474674224854,-0.1875612735748291,-0.0038217892204812642,-0.1286405622959137,-0.20604032278060913,-0.01227416533841108,-0.14635074138641357,-0.21967697143554688,-0.020434937140478837,-0.07612934708595276,-0.10581839084625244,-0.006272248624398458,-0.11878558993339539,-0.14515739679336548,-0.009257023854686963,-0.14264771342277527,-0.1701374053955078,-0.014784011690451848,-0.1584421694278717,-0.18818295001983643,-0.02027001481367563,-0.08594319224357605,-0.06150078773498535,-0.01109435938163017,-0.12079614400863647,-0.09400320053100586,-0.014083341395988214,-0.14238889515399933,-0.11428451538085938,-0.014554382933809507,-0.15791985392570496,-0.1331334114074707,-0.015249838753177869,please
0.0,0.0,0.0,0.017111748456954956,-0.07519310712814331,-0.0023113634055533794,0.01691862940788269,-0.1446293592453003,-0.003801254144875088,0.011935502290725708,-0.198236882686615,-0.005827556419191637,0.005727797746658325,-0.23684293031692505,-0.009148878565994778,-0.03245323896408081,-0.17729562520980835,-0.0021813461175241855,-0.07077240943908691,-0.2103371024131775,-0.009637702777055779,-0.09152927994728088,-0.21364951133728027,-0.01859356515016941,-0.10746636986732483,-0.21583741903305054,-0.024723353384999314,-0.055212587118148804,-0.1390896439552307,-0.006117540932265797,-0.09696221351623535,-0.1735926866531372,-0.012791017591027298,-0.1205393373966217,-0.18344873189926147,-0.02234470896330265,-0.137968048453331,-0.1896933913230896,-0.030380407868889847,-0.07185313105583191,-0.09766656160354614,-0.01021328341123251,-0.11189094185829163,-0.12993592023849487,-0.016367368920711556,-0.13627132773399353,-0.15127742290496826,-0.0212437739213982,-0.15334202349185944,-0.16681230068206787,-0.025460152476100006,-0.0825483500957489,-0.05261772871017456,-0.014321500024763623,-0.11770421266555786,-0.0812426209449768,-0.019084798692730942,-0.13950884342193604,-0.10016989707946777,-0.01871389388945488,-0.15576399862766266,-0.11814552545547485,-0.018228846191433945,please
0.0,0.0,0.0,0.017111748456954956,-0.07519310712814331,-0.0023113634055533794,0.01691862940788269,-0.1446293592453003,-0.003801254144875088,0.011935502290725708,-0.198236882686615,-0.005827556419191637,0.005727797746658325,-0.23684293031692505,-0.009148878565994778,-0.03245323896408081,-0.17729562520980835,-0.0021813461175241855,-0.07077240943908691,-0.2103371024131775,-0.009637702777055779,-0.09152927994728088,-0.21364951133728027,-0.01859356515016941,-0.10746636986732483,-0.21583741903305054,-0.024723353384999314,-0.055212587118148804,-0.1390896439552307,-0.006117540932265797,-0.09696221351623535,-0.1735926866531372,-0.012791017591027298,-0.1205393373966217,-0.18344873189926147,-0.02234470896330265,-0.137968048453331,-0.1896933913230896,-0.030380407868889847,-0.07185313105583191,-0.09766656160354614,-0.01021328341123251,-0.11189094185829163,-0.12993592023849487,-0.016367368920711556,-0.13627132773399353,-0.15127742290496826,-0.0212437739213982,-0.15334202349185944,-0.16681230068206787,-0.025460152476100006,-0.0825483500957489,-0.05261772871017456,-0.014321500024763623,-0.11770421266555786,-0.0812426209449768,-0.019084798692730942,-0.13950884342193604,-0.10016989707946777,-0.01871389388945488,-0.15576399862766266,-0.11814552545547485,-0.018228846191433945,please
0.0,0.0,0.0,0.007125258445739746,-0.08386987447738647,0.000219250173941532,-0.0001838207244873047,-0.1554422378540039,0.00013879937218064242,-0.010496795177459717,-0.21247649192810059,-0.0007293222264337373,-0.01729723811149597,-0.2487369179725647,-0.003363917316491438,-0.06404641270637512,-0.17161059379577637,0.001092486465168463,-0.1062072217464447,-0.19566750526428223,-0.0018737561443771256,-0.12805530428886414,-0.19963252544403076,-0.007957045422116948,-0.1462247222661972,-0.2047818899154663,-0.013139655315498544,-0.0810956060886383,-0.12964916229248047,-0.0036875635527024997,-0.12856009602546692,-0.15839040279388428,-0.005369123504678441,-0.15174023807048798,-0.17143243551254272,-0.012696668007592393,-0.16908012330532074,-0.184167742729187,-0.02060155148170395,-0.09078013896942139,-0.08573490381240845,-0.008169353441516591,-0.13839218020439148,-0.11379647254943848,-0.011171324611822797,-0.16192379593849182,-0.1329944133758545,-0.01614533501229687,-0.17824339866638184,-0.14753884077072144,-0.021369631835440828,-0.09547483921051025,-0.039934396743774414,-0.012590750553826524,-0.13469159603118896,-0.06513470411300659,-0.015748135247449113,-0.15670211613178253,-0.08234548568725586,-0.015984136113146974,-0.1729784607887268,-0.09810084104537964,-0.016652641319851114,please
0.0,0.0,0.0,0.007125258445739746,-0.08386987447738647,0.000219250173941532,-0.0001838207244873047,-0.1554422378540039,0.00013879937218064242,-0.010496795177459717,-0.21247649192810059,-0.0007293222264337373,-0.01729723811149597,-0.2487369179725647,-0.003363917316491438,-0.06404641270637512,-0.17161059379577637,0.001092486465168463,-0.1062072217464447,-0.19566750526428223,-0.0018737561443771256,-0.12805530428886414,-0.19963252544403076,-0.007957045422116948,-0.1462247222661972,-0.2047818899154663,-0.013139655315498544,-0.0810956060886383,-0.12964916229248047,-0.0036875635527024997,-0.12856009602546692,-0.15839040279388428,-0.005369123504678441,-0.15174023807048798,-0.17143243551254272,-0.012696668007592393,-0.16908012330532074,-0.184167742729187,-0.02060155148170395,-0.09078013896942139,-0.08573490381240845,-0.008169353441516591,-0.13839218020439148,-0.11379647254943848,-0.011171324611822797,-0.16192379593849182,-0.1329944133758545,-0.01614533501229687,-0.17824339866638184,-0.14753884077072144,-0.021369631835440828,-0.09547483921051025,-0.039934396743774414,-0.012590750553826524,-0.13469159603118896,-0.06513470411300659,-0.015748135247449113,-0.15670211613178253,-0.08234548568725586,-0.015984136113146974,-0.1729784607887268,-0.09810084104537964,-0.016652641319851114,please
0.0,0.0,0.0,-0.0009191334247589111,-0.08934682607650757,0.005429732857830771,-0.01420748233795166,-0.16016137599945068,0.006788315961696156,-0.027670085430145264,-0.21206963062286377,0.005288224911875972,-0.0359397828578949,-0.25005918741226196,0.0016567916726693,-0.07245391607284546,-0.1697547435760498,0.007331023702956685,-0.11399534344673157,-0.18977510929107666,0.0029962672969325865,-0.13675007224082947,-0.1927517056465149,-0.003995042981021157,-0.15572771430015564,-0.19721049070358276,-0.009612126031331769,-0.08920040726661682,-0.13313782215118408,-0.0016247246995568787,-0.1336880922317505,-0.15698277950286865,-0.00591159447785472,-0.1592704951763153,-0.16868722438812256,-0.014492782519571534,-0.1798987090587616,-0.17953723669052124,-0.022153344692103616,-0.09835278987884521,-0.09047830104827881,-0.010448588745109788,-0.14515742659568787,-0.1129598617553711,-0.016009182424657098,-0.17074233293533325,-0.12816232442855835,-0.021621809096448175,-0.1896573305130005,-0.13946694135665894,-0.026237808854691735,-0.1016562283039093,-0.04186201095581055,-0.01887661846112465,-0.14249956607818604,-0.06177264451980591,-0.024469508544914476,-0.16719157993793488,-0.07555657625198364,-0.025682677270285836,-0.1871289163827896,-0.08818328380584717,-0.026222496048919908,please
0.0,0.0,0.0,-0.004953891038894653,-0.09406805038452148,0.009874854389355647,-0.015542268753051758,-0.15637320280075073,0.012538339163885581,-0.0278969407081604,-0.2022051215171814,0.012487793493793475,-0.04382231831550598,-0.2299060821533203,0.010666120018587577,-0.07457780838012695,-0.1622592806816101,0.009620918113515842,-0.11732646822929382,-0.18382883071899414,0.009785677458868491,-0.13881418108940125,-0.18312996625900269,0.006533734187261331,-0.1571388989686966,-0.1830616593360901,0.0030995678750436184,-0.08924776315689087,-0.12351322174072266,-1.481410373216363e-05,-0.13673612475395203,-0.14361697435379028,-0.000735968315265012,-0.1627592146396637,-0.15179044008255005,-0.007766666203959716,-0.18456058204174042,-0.16194981336593628,-0.015292790565862191,-0.09777271747589111,-0.07930624485015869,-0.008568299781753552,-0.14531579613685608,-0.0983152985572815,-0.010272479463591111,-0.1712033748626709,-0.11262267827987671,-0.014325532909705174,-0.19059278070926666,-0.12395244836807251,-0.01894893295712663,-0.09926602244377136,-0.029766201972961426,-0.01618091560549928,-0.14139002561569214,-0.04981851577758789,-0.01774903185315324,-0.1651555895805359,-0.06013941764831543,-0.016231305744721425,-0.1843508630990982,-0.06994205713272095,-0.015647763233854306,please
0.0,0.0,0.0,0.0002613663673400879,-0.08853286504745483,0.004551548179975384,-0.010273247957229614,-0.15639519691467285,0.006042877812674874,-0.021824002265930176,-0.20902854204177856,0.005575691484651202,-0.03142106533050537,-0.24470573663711548,0.0036670953452500044,-0.07518291473388672,-0.16520226001739502,0.010599265941223734,-0.11810421943664551,-0.18346750736236572,0.009353778459868067,-0.14298811554908752,-0.18760567903518677,0.0036027793724002777,-0.16443762183189392,-0.19187968969345093,-0.0014439507901755633,-0.08992516994476318,-0.12750452756881714,0.00324866678080582,-0.1373118758201599,-0.14997297525405884,0.002680329973614448,-0.16502712666988373,-0.16357433795928955,-0.004666937845954067,-0.18792308866977692,-0.17607754468917847,-0.012171772173800832,-0.09869134426116943,-0.0855715274810791,-0.0039767770610836806,-0.14612622559070587,-0.10763418674468994,-0.005932525596776372,-0.1710703819990158,-0.12450140714645386,-0.0098021960400132,-0.1895943284034729,-0.13735395669937134,-0.013810187443354494,-0.10108199715614319,-0.038897812366485596,-0.011057176492371923,-0.1416475474834442,-0.06159710884094238,-0.012997330962875253,-0.16479015350341797,-0.07516175508499146,-0.011682653664806253,-0.18295025825500488,-0.08829939365386963,-0.01088168179170168,please
0.0,0.0,0.0,0.0002613663673400879,-0.08853286504745483,0.004551548179975384,-0.010273247957229614,-0.15639519691467285,0.006042877812674874,-0.021824002265930176,-0.20902854204177856,0.005575691484651202,-0.03142106533050537,-0.24470573663711548,0.0036670953452500044,-0.07518291473388672,-0.16520226001739502,0.010599265941223734,-0.11810421943664551,-0.18346750736236572,0.009353778459868067,-0.14298811554908752,-0.18760567903518677,0.0036027793724002777,-0.16443762183189392,-0.19187968969345093,-0.0014439507901755633,-0.08992516994476318,-0.12750452756881714,0.00324866678080582,-0.1373118758201599,-0.14997297525405884,0.002680329973614448,-0.16502712666988373,-0.16357433795928955,-0.004666937845954067,-0.18792308866977692,-0.17607754468917847,-0.012171772173800832,-0.09869134426116943,-0.0855715274810791,-0.0039767770610836806,-0.14612622559070587,-0.10763418674468994,-0.005932525596776372,-0.1710703819990158,-0.12450140714645386,-0.0098021960400132,-0.1895943284034729,-0.13735395669937134,-0.013810187443354494,-0.10108199715614319,-0.038897812366485596,-0.011057176492371923,-0.1416475474834442,-0.06159710884094238,-0.012997330962875253,-0.16479015350341797,-0.07516175508499146,-0.011682653664806253,-0.18295025825500488,-0.08829939365386963,-0.01088168179170168,please
0.0,0.0,0.0,0.00944700837135315,-0.07106798887252808,-0.0060083706507398915,0.005546748638153076,-0.13883572816848755,-0.012760901694925053,0.006017208099365234,-0.19498848915100098,-0.019502906000049336,0.011647433042526245,-0.2384178638458252,-0.02730001310053609,-0.040308475494384766,-0.16451936960220337,-0.014534592499764187,-0.07933411002159119,-0.1955643892288208,-0.026850813871057255,-0.10090446472167969,-0.19680249691009521,-0.037300879007013066,-0.11652928590774536,-0.19768041372299194,-0.04415954822841428,-0.05765995383262634,-0.12366604804992676,-0.0178728437626674,-0.09948647022247314,-0.15326404571533203,-0.026639254635007603,-0.1236150860786438,-0.16115868091583252,-0.033583303784759266,-0.13980907201766968,-0.1660359501838684,-0.04024912590328,-0.06995967030525208,-0.0769767165184021,-0.021562943106324894,-0.10694509744644165,-0.103485107421875,-0.029810977970988972,-0.13063861429691315,-0.1189696192741394,-0.03180441433730863,-0.14659851789474487,-0.12919455766677856,-0.03401965076270841,-0.07684987783432007,-0.028690874576568604,-0.025483546649844868,-0.10917562246322632,-0.05134248733520508,-0.031173340847523434,-0.1279604732990265,-0.06301712989807129,-0.02914884487334035,-0.14235049486160278,-0.0728304386138916,-0.027503574138314946,please
0.0,0.0,0.0,0.015506923198699951,-0.07582402229309082,-0.0023205005323347905,0.010341644287109375,-0.14531254768371582,-0.002039618533274279,0.003540217876434326,-0.19160032272338867,-0.0025838678462264397,0.000632941722869873,-0.22244131565093994,-0.004067365754565344,-0.04162788391113281,-0.16851061582565308,0.0022275550531389854,-0.07895603775978088,-0.19699668884277344,-0.006550825875422106,-0.09877350926399231,-0.19350779056549072,-0.01743045097606455,-0.11452555656433105,-0.18920010328292847,-0.024878498375585423,-0.059063076972961426,-0.12602126598358154,-0.0013262737534773805,-0.09568431973457336,-0.14741790294647217,-0.009207985572686539,-0.11901924014091492,-0.14950549602508545,-0.01998956149833475,-0.13825002312660217,-0.15133309364318848,-0.02889909616129671,-0.07088127732276917,-0.07984858751296997,-0.005652999248525248,-0.1032545268535614,-0.0979459285736084,-0.013782093510201321,-0.12603703141212463,-0.1097915768623352,-0.01839681363122736,-0.1425556242465973,-0.11816304922103882,-0.021949118212035046,-0.07602331042289734,-0.0324786901473999,-0.010107144922187672,-0.1061263382434845,-0.04580104351043701,-0.015782270789316044,-0.1243496984243393,-0.05457127094268799,-0.014627262227406845,-0.13847467303276062,-0.06462681293487549,-0.013477194331755982,please
0.0,0.0,0.0,0.015506923198699951,-0.07582402229309082,-0.0023205005323347905,0.010341644287109375,-0.14531254768371582,-0.002039618533274279,0.003540217876434326,-0.19160032272338867,-0.0025838678462264397,0.000632941722869873,-0.22244131565093994,-0.004067365754565344,-0.04162788391113281,-0.16851061582565308,0.0022275550531389854,-0.07895603775978088,-0.19699668884277344,-0.006550825875422106,-0.09877350926399231,-0.19350779056549072,-0.01743045097606455,-0.11452555656433105,-0.18920010328292847,-0.024878498375585423,-0.059063076972961426,-0.12602126598358154,-0.0013262737534773805,-0.09568431973457336,-0.14741790294647217,-0.009207985572686539,-0.11901924014091492,-0.14950549602508545,-0.01998956149833475,-0.13825002312660217,-0.15133309364318848,-0.02889909616129671,-0.07088127732276917,-0.07984858751296997,-0.005652999248525248,-0.1032545268535614,-0.0979459285736084,-0.013782093510201321,-0.12603703141212463,-0.1097915768623352,-0.01839681363122736,-0.1425556242465973,-0.11816304922103882,-0.021949118212035046,-0.07602331042289734,-0.0324786901473999,-0.010107144922187672,-0.1061263382434845,-0.04580104351043701,-0.015782270789316044,-0.1243496984243393,-0.05457127094268799,-0.014627262227406845,-0.13847467303276062,-0.06462681293487549,-0.013477194331755982,please
0.0,0.0,0.0,0.0007339715957641602,-0.09017312526702881,0.00136857286590919,-0.010315537452697754,-0.1574055552482605,0.00044403384120039746,-0.021734416484832764,-0.20869183540344238,-0.0023838970341549803,-0.031082570552825928,-0.24584221839904785,-0.0070155488324181725,-0.06638523936271667,-0.15697425603866577,-0.0005392575517126907,-0.10499528050422668,-0.19096899032592773,-0.007425126805605142,-0.12797924876213074,-0.20053631067276,-0.015451398398430793,-0.14872190356254578,-0.20686691999435425,-0.021632957923860996,-0.0825660228729248,-0.12066584825515747,-0.00820269593939349,-0.1255330741405487,-0.15242630243301392,-0.015342512819619625,-0.15241259336471558,-0.16881418228149414,-0.025152636412234752,-0.17480188608169556,-0.18332552909851074,-0.033815381768794506,-0.09213051199913025,-0.07784450054168701,-0.015924060437531917,-0.13668596744537354,-0.10608124732971191,-0.023625028971286266,-0.16322925686836243,-0.12408030033111572,-0.030252720880957096,-0.18394216895103455,-0.1376199722290039,-0.03564366484031245,-0.09485465288162231,-0.030038416385650635,-0.023433163482399433,-0.13636177778244019,-0.05343121290206909,-0.03127801204070613,-0.16227558255195618,-0.06691724061965942,-0.03420740524277255,-0.1837940365076065,-0.08025532960891724,-0.03609244683727786,please
0.0,0.0,0.0,0.002922654151916504,-0.09257978200912476,0.0049374185331902964,-0.0038308799266815186,-0.16588670015335083,0.007856262644454048,-0.011392086744308472,-0.22161293029785156,0.008747821470423744,-0.02210286259651184,-0.25667017698287964,0.008807937411292599,-0.07493588328361511,-0.1852913498878479,0.016322858428283737,-0.11865487694740295,-0.2141129970550537,0.017551930417939232,-0.14016228914260864,-0.21840626001358032,0.012380028871520565,-0.15712928771972656,-0.22058993577957153,0.008086568472608135,-0.09239053726196289,-0.14665436744689941,0.010858389345630215,-0.1351933479309082,-0.17911946773529053,0.014520739001854466,-0.15541759133338928,-0.1892850399017334,0.008915262093468712,-0.17007482051849365,-0.1964724063873291,0.002867333853318499,-0.10343390703201294,-0.10286891460418701,0.005251810216977404,-0.14263102412223816,-0.13527387380599976,0.00837745683424096,-0.1630709171295166,-0.15205925703048706,0.006089603790714548,-0.17758503556251526,-0.16267812252044678,0.002462324715851949,-0.10872605443000793,-0.05495816469192505,-0.00034952411038879916,-0.14173436164855957,-0.08514124155044556,0.0025433632840208276,-0.1599259078502655,-0.09794551134109497,0.0061546617948256,-0.1735404133796692,-0.1069021224975586,0.008339977619870709,please
0.0,0.0,0.0,0.011292338371276855,-0.0946606993675232,-0.003997778278527875,0.004770874977111816,-0.1822074055671692,-0.006724694967953582,-0.0022397637367248535,-0.24853336811065674,-0.010705532730309386,-0.012751996517181396,-0.294681191444397,-0.017235775702385325,-0.038523316383361816,-0.2002294659614563,-0.0032378013625127267,-0.07949215173721313,-0.24103987216949463,-0.014213109613148589,-0.10342812538146973,-0.2538822293281555,-0.027592740245847125,-0.12223437428474426,-0.266836941242218,-0.03768635097959461,-0.05720031261444092,-0.16137772798538208,-0.009361389317302127,-0.10118883848190308,-0.19908493757247925,-0.018174604736952205,-0.12606856226921082,-0.21941953897476196,-0.03301459107616367,-0.14484131336212158,-0.23569804430007935,-0.04622670564868869,-0.07073283195495605,-0.11612248420715332,-0.01606679823317947,-0.11451700329780579,-0.15194743871688843,-0.025791377984671016,-0.14232423901557922,-0.17826366424560547,-0.03536724973538341,-0.1615014225244522,-0.199196457862854,-0.043671119251040835,-0.08004429936408997,-0.06657475233078003,-0.02298852171817245,-0.12008905410766602,-0.09073573350906372,-0.032517864593057055,-0.14523404836654663,-0.10873031616210938,-0.03590831089833202,-0.16432572901248932,-0.1272715926170349,-0.038695494868544955,please
0.0,0.0,0.0,0.0029550790786743164,-0.10291904211044312,0.00815649809234742,-0.006106048822402954,-0.18315976858139038,0.01381830604665879,-0.014822125434875488,-0.23672842979431152,0.016528763937884605,-0.02688080072402954,-0.26747769117355347,0.017080764415794647,-0.06573927402496338,-0.1911877989768982,0.014313352423840797,-0.10398107767105103,-0.22067105770111084,0.01157352248125676,-0.12560081481933594,-0.2333219051361084,0.0034726433354705932,-0.14476308226585388,-0.2482924461364746,-0.003649084932050073,-0.08190092444419861,-0.1529926061630249,0.004430969840967691,-0.12562096118927002,-0.1841113567352295,0.002304315463760531,-0.1506403088569641,-0.20323187112808228,-0.007495630868589842,-0.1706571877002716,-0.2235376238822937,-0.01688092282122966,-0.09198948740959167,-0.11084914207458496,-0.005587676410442555,-0.1350594162940979,-0.14073270559310913,-0.009705541525846684,-0.15907740592956543,-0.16218191385269165,-0.016022155863112175,-0.17632141709327698,-0.18250519037246704,-0.021835020613735878,-0.09554159641265869,-0.06377303600311279,-0.015222648029094898,-0.13344737887382507,-0.09156310558319092,-0.019846713972157204,-0.15466061234474182,-0.10671967267990112,-0.020447055679625237,-0.17071619629859924,-0.12386542558670044,-0.021208914798563683,please
0.0,0.0,0.0,0.0029550790786743164,-0.10291904211044312,0.00815649809234742,-0.006106048822402954,-0.18315976858139038,0.01381830604665879,-0.014822125434875488,-0.23672842979431152,0.016528763937884605,-0.02688080072402954,-0.26747769117355347,0.017080764415794647,-0.06573927402496338,-0.1911877989768982,0.014313352423840797,-0.10398107767105103,-0.22067105770111084,0.01157352248125676,-0.12560081481933594,-0.2333219051361084,0.0034726433354705932,-0.14476308226585388,-0.2482924461364746,-0.003649084932050073,-0.08190092444419861,-0.1529926061630249,0.004430969840967691,-0.12562096118927002,-0.1841113567352295,0.002304315463760531,-0.1506403088569641,-0.20323187112808228,-0.007495630868589842,-0.1706571877002716,-0.2235376238822937,-0.01688092282122966,-0.09198948740959167,-0.11084914207458496,-0.005587676410442555,-0.1350594162940979,-0.14073270559310913,-0.009705541525846684,-0.15907740592956543,-0.16218191385269165,-0.016022155863112175,-0.17632141709327698,-0.18250519037246704,-0.021835020613735878,-0.09554159641265869,-0.06377303600311279,-0.015222648029094898,-0.13344737887382507,-0.09156310558319092,-0.019846713972157204,-0.15466061234474182,-0.10671967267990112,-0.020447055679625237,-0.17071619629859924,-0.12386542558670044,-0.021208914798563683,please
0.0,0.0,0.0,0.0009559094905853271,-0.09825092554092407,0.010333904999434651,-0.011443257331848145,-0.1766681671142578,0.016323484483301343,-0.028333544731140137,-0.23246866464614868,0.019723428416192235,-0.04603895545005798,-0.25092822313308716,0.021609129387080372,-0.07495224475860596,-0.19904077053070068,0.018482396382033528,-0.11776378750801086,-0.22059154510498047,0.021937021988570393,-0.13877323269844055,-0.2185109257698059,0.018694695088207425,-0.15657809376716614,-0.21836024522781372,0.015027722346722783,-0.09369328618049622,-0.1551750898361206,0.010413272309243382,-0.14003798365592957,-0.18018203973770142,0.014713958840012253,-0.16396352648735046,-0.18935620784759521,0.009746957573234738,-0.18244487047195435,-0.19776558876037598,0.0035139257117506872,-0.10536044836044312,-0.1067342758178711,0.0029282018105831753,-0.14823317527770996,-0.13076967000961304,0.0056157214596268545,-0.17100220918655396,-0.1469096541404724,0.002922905379101337,-0.18740041553974152,-0.15803635120391846,-0.0013613939488905658,-0.10990294814109802,-0.0550464391708374,-0.003923012406438886,-0.14456453919410706,-0.07859134674072266,-0.0015102892619225372,-0.1650819480419159,-0.09101909399032593,0.001494977742559911,-0.1811748445034027,-0.10324454307556152,0.0027920766762790095,please
0.0,0.0,0.0,0.0009559094905853271,-0.09825092554092407,0.010333904999434651,-0.011443257331848145,-0.1766681671142578,0.016323484483301343,-0.028333544731140137,-0.23246866464614868,0.019723428416192235,-0.04603895545005798,-0.25092822313308716,0.021609129387080372,-0.07495224475860596,-0.19904077053070068,0.018482396382033528,-0.11776378750801086,-0.22059154510498047,0.021937021988570393,-0.13877323269844055,-0.2185109257698059,0.018694695088207425,-0.15657809376716614,-0.21836024522781372,0.015027722346722783,-0.09369328618049622,-0.1551750898361206,0.010413272309243382,-0.14003798365592957,-0.18018203973770142,0.014713958840012253,-0.16396352648735046,-0.18935620784759521,0.009746957573234738,-0.18244487047195435,-0.19776558876037598,0.0035139257117506872,-0.10536044836044312,-0.1067342758178711,0.0029282018105831753,-0.14823317527770996,-0.13076967000961304,0.0056157214596268545,-0.17100220918655396,-0.1469096541404724,0.002922905379101337,-0.18740041553974152,-0.15803635120391846,-0.0013613939488905658,-0.10990294814109802,-0.0550464391708374,-0.003923012406438886,-0.14456453919410706,-0.07859134674072266,-0.0015102892619225372,-0.1650819480419159,-0.09101909399032593,0.001494977742559911,-0.1811748445034027,-0.10324454307556152,0.0027920766762790095,please
0.0,0.0,0.0,0.0009559094905853271,-0.09825092554092407,0.010333904999434651,-0.011443257331848145,-0.1766681671142578,0.016323484483301343,-0.028333544731140137,-0.23246866464614868,0.019723428416192235,-0.04603895545005798,-0.25092822313308716,0.021609129387080372,-0.07495224475860596,-0.19904077053070068,0.018482396382033528,-0.11776378750801086,-0.22059154510498047,0.021937021988570393,-0.13877323269844055,-0.2185109257698059,0.018694695088207425,-0.15657809376716614,-0.21836024522781372,0.015027722346722783,-0.09369328618049622,-0.1551750898361206,0.010413272309243382,-0.14003798365592957,-0.18018203973770142,0.014713958840012253,-0.16396352648735046,-0.18935620784759521,0.009746957573234738,-0.18244487047195435,-0.19776558876037598,0.0035139257117506872,-0.10536044836044312,-0.1067342758178711,0.0029282018105831753,-0.14823317527770996,-0.13076967000961304,0.0056157214596268545,-0.17100220918655396,-0.1469096541404724,0.002922905379101337,-0.18740041553974152,-0.15803635120391846,-0.0013613939488905658,-0.10990294814109802,-0.0550464391708374,-0.003923012406438886,-0.14456453919410706,-0.07859134674072266,-0.0015102892619225372,-0.1650819480419159,-0.09101909399032593,0.001494977742559911,-0.1811748445034027,-0.10324454307556152,0.0027920766762790095,please
0.0,0.0,0.0,0.0024382472038269043,-0.09831327199935913,0.007091882207866718,-0.0036210715770721436,-0.17539429664611816,0.011296209448452998,-0.013828963041305542,-0.2343045473098755,0.013375317247088958,-0.03372839093208313,-0.2525615692138672,0.014302122907217552,-0.07689645886421204,-0.18762129545211792,0.015827707515533973,-0.11872586607933044,-0.2118270993232727,0.016584727482374717,-0.13837400078773499,-0.21145278215408325,0.011019070201989223,-0.15608474612236023,-0.21192055940628052,0.006199265865113546,-0.09508371353149414,-0.14422732591629028,0.00906390653687339,-0.13905951380729675,-0.17185795307159424,0.011228173540409614,-0.1615181267261505,-0.18193650245666504,0.004833824501808692,-0.17984133958816528,-0.19223052263259888,-0.002234603476274799,-0.10553088784217834,-0.09703630208969116,0.0024185667629055274,-0.1454896628856659,-0.12606388330459595,0.003682715853180696,-0.16712963581085205,-0.14272165298461914,-0.0002585246635433691,-0.18345296382904053,-0.15551525354385376,-0.0051372353569902884,-0.10940465331077576,-0.04894453287124634,-0.003933580557379912,-0.1429418921470642,-0.07770615816116333,-0.002395421464491676,-0.1621188521385193,-0.09310907125473022,-0.0005513568409085678,-0.17681831121444702,-0.10724765062332153,-8.778044287538478e-05,please
0.0,0.0,0.0,0.0024382472038269043,-0.09831327199935913,0.007091882207866718,-0.0036210715770721436,-0.17539429664611816,0.011296209448452998,-0.013828963041305542,-0.2343045473098755,0.013375317247088958,-0.03372839093208313,-0.2525615692138672,0.014302122907217552,-0.07689645886421204,-0.18762129545211792,0.015827707515533973,-0.11872586607933044,-0.2118270993232727,0.016584727482374717,-0.13837400078773499,-0.21145278215408325,0.011019070201989223,-0.15608474612236023,-0.21192055940628052,0.006199265865113546,-0.09508371353149414,-0.14422732591629028,0.00906390653687339,-0.13905951380729675,-0.17185795307159424,0.011228173540409614,-0.1615181267261505,-0.18193650245666504,0.004833824501808692,-0.17984133958816528,-0.19223052263259888,-0.002234603476274799,-0.10553088784217834,-0.09703630208969116,0.0024185667629055274,-0.1454896628856659,-0.12606388330459595,0.003682715853180696,-0.16712963581085205,-0.14272165298461914,-0.0002585246635433691,-0.18345296382904053,-0.15551525354385376,-0.0051372353569902884,-0.10940465331077576,-0.04894453287124634,-0.003933580557379912,-0.1429418921470642,-0.07770615816116333,-0.002395421464491676,-0.1621188521385193,-0.09310907125473022,-0.0005513568409085678,-0.17681831121444702,-0.10724765062332153,-8.778044287538478e-05,please
0.0,0.0,0.0,0.012127429246902466,-0.08808207511901855,0.0014376592645675146,0.006131261587142944,-0.1685265302658081,0.002483666298005005,-0.0007836222648620605,-0.22151070833206177,0.002415922592419406,-0.016874194145202637,-0.2506186366081238,0.00022192263547538005,-0.04363471269607544,-0.1883363127708435,0.0007323746742002868,-0.08653318881988525,-0.22749477624893188,-0.0076224155435085095,-0.11037039756774902,-0.24232131242752075,-0.019085916102838496,-0.1286141574382782,-0.2548692226409912,-0.027931264013957957,-0.062079936265945435,-0.14763528108596802,-0.005675554619145373,-0.10844659805297852,-0.181907057762146,-0.015390888200116137,-0.13469117879867554,-0.2027275562286377,-0.029545365245056132,-0.15388119220733643,-0.21853160858154297,-0.04141040553243158,-0.07485431432723999,-0.1037670373916626,-0.011911154136967639,-0.11988070607185364,-0.13608026504516602,-0.020888029010009745,-0.14818075299263,-0.16121625900268555,-0.029054800392103175,-0.16703613102436066,-0.18182146549224854,-0.035730742261719683,-0.0829746425151825,-0.0568658709526062,-0.017819483176779727,-0.12277624011039734,-0.07466632127761841,-0.02557062392027376,-0.14801079034805298,-0.09114611148834229,-0.028112003923368434,-0.16716338694095612,-0.10970181226730347,-0.030053543270540217,please
0.0,0.0,0.0,0.012127429246902466,-0.08808207511901855,0.0014376592645675146,0.006131261587142944,-0.1685265302658081,0.002483666298005005,-0.0007836222648620605,-0.22151070833206177,0.002415922592419406,-0.016874194145202637,-0.2506186366081238,0.00022192263547538005,-0.04363471269607544,-0.1883363127708435,0.0007323746742002868,-0.08653318881988525,-0.22749477624893188,-0.0076224155435085095,-0.11037039756774902,-0.24232131242752075,-0.019085916102838496,-0.1286141574382782,-0.2548692226409912,-0.027931264013957957,-0.062079936265945435,-0.14763528108596802,-0.005675554619145373,-0.10844659805297852,-0.181907057762146,-0.015390888200116137,-0.13469117879867554,-0.2027275562286377,-0.029545365245056132,-0.15388119220733643,-0.21853160858154297,-0.04141040553243158,-0.07485431432723999,-0.1037670373916626,-0.011911154136967639,-0.11988070607185364,-0.13608026504516602,-0.020888029010009745,-0.14818075299263,-0.16121625900268555,-0.029054800392103175,-0.16703613102436066,-0.18182146549224854,-0.035730742261719683,-0.0829746425151825,-0.0568658709526062,-0.017819483176779727,-0.12277624011039734,-0.07466632127761841,-0.02557062392027376,-0.14801079034805298,-0.09114611148834229,-0.028112003923368434,-0.16716338694095612,-0.10970181226730347,-0.030053543270540217,please
0.0,0.0,0.0,-0.0041564106941223145,-0.09649676084518433,0.01378670609242505,-0.01557016372680664,-0.16176837682724,0.0202776845047552,-0.025462567806243896,-0.20989131927490234,0.02338628652191943,-0.04074546694755554,-0.23758214712142944,0.025143606538541974,-0.07945141196250916,-0.17238986492156982,0.020179282824166478,-0.12356695532798767,-0.19526344537734985,0.022295881013043584,-0.14476636052131653,-0.19664883613586426,0.018552659029730023,-0.16205918788909912,-0.1985398530960083,0.014726410570212067,-0.09487321972846985,-0.13205385208129883,0.009941038625903786,-0.1418682038784027,-0.1558905839920044,0.012395956503816308,-0.165385439991951,-0.16521841287612915,0.006707010275341929,-0.18443575501441956,-0.1765669584274292,0.0002518530030570787,-0.10340452194213867,-0.08672225475311279,0.00031348557363486407,-0.1486363410949707,-0.10857182741165161,0.0012533193888444316,-0.1724376082420349,-0.12391871213912964,-0.0018710534119676936,-0.19019947946071625,-0.13703352212905884,-0.005836595365188657,-0.10451626777648926,-0.03799945116043091,-0.008305142683319389,-0.14428606629371643,-0.05842399597167969,-0.007448084702126323,-0.16616290807724,-0.06972217559814453,-0.005007475664250194,-0.18324732780456543,-0.08132517337799072,-0.0037253953547846663,please
0.0,0.0,0.0,0.001867920160293579,-0.09442126750946045,0.007929611175114815,-0.009854257106781006,-0.16213637590408325,0.011323494992012684,-0.025170207023620605,-0.20871186256408691,0.011819377696866695,-0.04104551672935486,-0.22846710681915283,0.010647290541584198,-0.07883572578430176,-0.18323957920074463,0.015844763411934082,-0.12340220808982849,-0.19620448350906372,0.015728988840038483,-0.14573755860328674,-0.19033432006835938,0.00971572209780902,-0.16567593812942505,-0.18770766258239746,0.004512782829607431,-0.09517830610275269,-0.13983124494552612,0.007573755613321964,-0.14345383644104004,-0.15888917446136475,0.00908619087820739,-0.16821035742759705,-0.1632847785949707,0.002195935851688091,-0.18835219740867615,-0.16949385404586792,-0.005424832304214533,-0.1040915846824646,-0.09316855669021606,-0.000537923265454765,-0.14912676811218262,-0.11168795824050903,8.268573836289761e-05,-0.17281293869018555,-0.12285399436950684,-0.0036554695882102806,-0.19167648255825043,-0.1317867636680603,-0.008499764681999977,-0.10688018798828125,-0.043350040912628174,-0.008330887028222378,-0.14426809549331665,-0.06235700845718384,-0.006976386842524107,-0.16512706875801086,-0.07249289751052856,-0.004518949271385964,-0.182298481464386,-0.08260267972946167,-0.0037235858228257257,please
0.0,0.0,0.0,0.001867920160293579,-0.09442126750946045,0.007929611175114815,-0.009854257106781006,-0.16213637590408325,0.011323494992012684,-0.025170207023620605,-0.20871186256408691,0.011819377696866695,-0.04104551672935486,-0.22846710681915283,0.010647290541584198,-0.07883572578430176,-0.18323957920074463,0.015844763411934082,-0.12340220808982849,-0.19620448350906372,0.015728988840038483,-0.14573755860328674,-0.19033432006835938,0.00971572209780902,-0.16567593812942505,-0.18770766258239746,0.004512782829607431,-0.09517830610275269,-0.13983124494552612,0.007573755613321964,-0.14345383644104004,-0.15888917446136475,0.00908619087820739,-0.16821035742759705,-0.1632847785949707,0.002195935851688091,-0.18835219740867615,-0.16949385404586792,-0.005424832304214533,-0.1040915846824646,-0.09316855669021606,-0.000537923265454765,-0.14912676811218262,-0.11168795824050903,8.268573836289761e-05,-0.17281293869018555,-0.12285399436950684,-0.0036554695882102806,-0.19167648255825043,-0.1317867636680603,-0.008499764681999977,-0.10688018798828125,-0.043350040912628174,-0.008330887028222378,-0.14426809549331665,-0.06235700845718384,-0.006976386842524107,-0.16512706875801086,-0.07249289751052856,-0.004518949271385964,-0.182298481464386,-0.08260267972946167,-0.0037235858228257257,please
0.0,0.0,0.0,0.007221698760986328,-0.09529036283493042,0.007265159475402072,-0.0018686354160308838,-0.17482906579971313,0.013653611379460528,-0.014922380447387695,-0.23255228996276855,0.018615312489465907,-0.03055819869041443,-0.2572002410888672,0.02183812818189068,-0.0709938108921051,-0.1899074912071228,0.013739579903678134,-0.11312529444694519,-0.20387279987335205,0.01814794688184662,-0.13459709286689758,-0.2046109437942505,0.016280654432968333,-0.15311619639396667,-0.20851296186447144,0.013179359572724536,-0.08809030055999756,-0.14654541015625,0.007497546343849137,-0.13344883918762207,-0.16741818189620972,0.01129016614218159,-0.15644755959510803,-0.1768748164176941,0.005504392633930877,-0.17485374212265015,-0.18763494491577148,-0.0016824314726804346,-0.09760516881942749,-0.10107529163360596,0.002152170368255213,-0.14264345169067383,-0.12244212627410889,0.003311082103074625,-0.16550672054290771,-0.13966482877731323,-0.0005177252816324085,-0.1819761097431183,-0.15369856357574463,-0.005448954099072978,-0.10088968276977539,-0.05237257480621338,-0.002662832069425747,-0.138035386800766,-0.07358819246292114,-0.002476080472796127,-0.1590350866317749,-0.08649265766143799,-0.0006790531689588875,-0.17528267204761505,-0.09943068027496338,-0.00017097834565760195,please
0.0,0.0,0.0,0.016669541597366333,-0.09512984752655029,0.0011680009488088672,0.014049023389816284,-0.18656259775161743,0.003486270754791576,0.004428267478942871,-0.25018101930618286,0.004118173121668178,-0.01252657175064087,-0.284824013710022,0.003199315601221997,-0.032232820987701416,-0.21739494800567627,0.00603658074439295,-0.06879127025604248,-0.26452159881591797,-0.00019426498286634342,-0.08642598986625671,-0.26549792289733887,-0.008377637509994429,-0.09826576709747314,-0.26199716329574585,-0.01406492272465698,-0.05213358998298645,-0.1773836612701416,0.00017214719306934967,-0.09430548548698425,-0.21223515272140503,-0.006831059028201025,-0.11731037497520447,-0.2217004895210266,-0.01890393419265024,-0.1341266930103302,-0.22569924592971802,-0.028532440569989603,-0.06727778911590576,-0.13169318437576294,-0.005880416166775149,-0.10992580652236938,-0.16040563583374023,-0.013402896729104441,-0.13711360096931458,-0.18244916200637817,-0.020800611731402796,-0.15501998364925385,-0.19685083627700806,-0.026537610945098322,-0.07841804623603821,-0.08098596334457397,-0.011740221437804621,-0.11934879422187805,-0.10065507888793945,-0.01840247845350973,-0.14441555738449097,-0.1199791431427002,-0.02035618273615114,-0.16258685290813446,-0.13983643054962158,-0.02125378584563009,please
0.0,0.0,0.0,0.016669541597366333,-0.09512984752655029,0.0011680009488088672,0.014049023389816284,-0.18656259775161743,0.003486270754791576,0.004428267478942871,-0.25018101930618286,0.004118173121668178,-0.01252657175064087,-0.284824013710022,0.003199315601221997,-0.032232820987701416,-0.21739494800567627,0.00603658074439295,-0.06879127025604248,-0.26452159881591797,-0.00019426498286634342,-0.08642598986625671,-0.26549792289733887,-0.008377637509994429,-0.09826576709747314,-0.26199716329574585,-0.01406492272465698,-0.05213358998298645,-0.1773836612701416,0.00017214719306934967,-0.09430548548698425,-0.21223515272140503,-0.006831059028201025,-0.11731037497520447,-0.2217004895210266,-0.01890393419265024,-0.1341266930103302,-0.22569924592971802,-0.028532440569989603,-0.06727778911590576,-0.13169318437576294,-0.005880416166775149,-0.10992580652236938,-0.16040563583374023,-0.013402896729104441,-0.13711360096931458,-0.18244916200637817,-0.020800611731402796,-0.15501998364925385,-0.19685083627700806,-0.026537610945098322,-0.07841804623603821,-0.08098596334457397,-0.011740221437804621,-0.11934879422187805,-0.10065507888793945,-0.01840247845350973,-0.14441555738449097,-0.1199791431427002,-0.02035618273615114,-0.16258685290813446,-0.13983643054962158,-0.02125378584563009,please
0.0,0.0,0.0,0.01902422308921814,-0.08797425031661987,-0.0035969370946560275,0.02083548903465271,-0.17684412002563477,-0.005277473988783754,0.01434209942817688,-0.24077320098876953,-0.0076844259601358544,-0.0030833184719085693,-0.2792651057243347,-0.012197590942335523,-0.026163160800933838,-0.21111643314361572,-0.0036148776270721328,-0.06288862228393555,-0.2511792778968811,-0.011009187015545763,-0.08167582750320435,-0.24930602312088013,-0.020303343931985296,-0.09506678581237793,-0.2505340576171875,-0.027474298651171125,-0.04561522603034973,-0.17061054706573486,-0.008708708497536577,-0.08326774835586548,-0.2029017210006714,-0.016885453413081564,-0.10535240173339844,-0.21132034063339233,-0.03110376889522115,-0.12270450592041016,-0.21354055404663086,-0.04329707431311647,-0.0603196918964386,-0.1254010796546936,-0.013644127684486307,-0.10003075003623962,-0.1545436978340149,-0.02271546194965879,-0.1259547770023346,-0.17295855283737183,-0.031339715744209684,-0.14266923069953918,-0.1820673942565918,-0.03866741391534845,-0.07238748669624329,-0.07643550634384155,-0.01858797999734918,-0.11143878102302551,-0.09908515214920044,-0.02750252890105287,-0.13636600971221924,-0.11656677722930908,-0.030304928819489874,-0.1542528122663498,-0.13272994756698608,-0.03224708470220605,please
0.0,0.0,0.0,0.01902422308921814,-0.08797425031661987,-0.0035969370946560275,0.02083548903465271,-0.17684412002563477,-0.005277473988783754,0.01434209942817688,-0.24077320098876953,-0.0076844259601358544,-0.0030833184719085693,-0.2792651057243347,-0.012197590942335523,-0.026163160800933838,-0.21111643314361572,-0.0036148776270721328,-0.06288862228393555,-0.2511792778968811,-0.011009187015545763,-0.08167582750320435,-0.24930602312088013,-0.020303343931985296,-0.09506678581237793,-0.2505340576171875,-0.027474298651171125,-0.04561522603034973,-0.17061054706573486,-0.008708708497536577,-0.08326774835586548,-0.2029017210006714,-0.016885453413081564,-0.10535240173339844,-0.21132034063339233,-0.03110376889522115,-0.12270450592041016,-0.21354055404663086,-0.04329707431311647,-0.0603196918964386,-0.1254010796546936,-0.013644127684486307,-0.10003075003623962,-0.1545436978340149,-0.02271546194965879,-0.1259547770023346,-0.17295855283737183,-0.031339715744209684,-0.14266923069953918,-0.1820673942565918,-0.03866741391534845,-0.07238748669624329,-0.07643550634384155,-0.01858797999734918,-0.11143878102302551,-0.09908515214920044,-0.02750252890105287,-0.13636600971221924,-0.11656677722930908,-0.030304928819489874,-0.1542528122663498,-0.13272994756698608,-0.03224708470220605,please
0.0,0.0,0.0,0.01902422308921814,-0.08797425031661987,-0.0035969370946560275,0.02083548903465271,-0.17684412002563477,-0.005277473988783754,0.01434209942817688,-0.24077320098876953,-0.0076844259601358544,-0.0030833184719085693,-0.2792651057243347,-0.012197590942335523,-0.026163160800933838,-0.21111643314361572,-0.0036148776270721328,-0.06288862228393555,-0.2511792778968811,-0.011009187015545763,-0.08167582750320435,-0.24930602312088013,-0.020303343931985296,-0.09506678581237793,-0.2505340576171875,-0.027474298651171125,-0.04561522603034973,-0.17061054706573486,-0.008708708497536577,-0.08326774835586548,-0.2029017210006714,-0.016885453413081564,-0.10535240173339844,-0.21132034063339233,-0.03110376889522115,-0.12270450592041016,-0.21354055404663086,-0.04329707431311647,-0.0603196918964386,-0.1254010796546936,-0.013644127684486307,-0.10003075003623962,-0.1545436978340149,-0.02271546194965879,-0.1259547770023346,-0.17295855283737183,-0.031339715744209684,-0.14266923069953918,-0.1820673942565918,-0.03866741391534845,-0.07238748669624329,-0.07643550634384155,-0.01858797999734918,-0.11143878102302551,-0.09908515214920044,-0.02750252890105287,-0.13636600971221924,-0.11656677722930908,-0.030304928819489874,-0.1542528122663498,-0.13272994756698608,-0.03224708470220605,please
0.0,0.0,0.0,0.012384742498397827,-0.0981818437576294,0.006600888674910266,0.012493818998336792,-0.17652463912963867,0.01018703891506334,0.012064576148986816,-0.23075592517852783,0.012304645726288754,0.003271430730819702,-0.2641557455062866,0.012386817248369653,-0.04556271433830261,-0.20832502841949463,0.009275493906642396,-0.09051325917243958,-0.24107176065444946,0.011072277786041695,-0.1112411618232727,-0.2501380443572998,0.008013399081136185,-0.12539184093475342,-0.26065993309020996,0.004854699360038239,-0.06480646133422852,-0.1681119203567505,0.00289651937393387,-0.10905236005783081,-0.20176315307617188,0.0040791116150273865,-0.1293303370475769,-0.2182924747467041,-0.0025164163710371668,-0.141390860080719,-0.2292032241821289,-0.009271693652664226,-0.07836297154426575,-0.12395286560058594,-0.002498221121896904,-0.12019053101539612,-0.1595514416694641,-0.0021592692976639682,-0.1419697403907776,-0.18489515781402588,-0.00454982580075125,-0.1547567993402481,-0.20261090993881226,-0.0074571867046699936,-0.08765015006065369,-0.07434463500976562,-0.0073755632659242565,-0.12280520796775818,-0.10985636711120605,-0.006389966936950486,-0.14265620708465576,-0.1302940845489502,-0.0026352393945501262,-0.15686342120170593,-0.14781665802001953,3.892305150543507e-05,please
0.0,0.0,0.0,4.7147274017333984e-05,-0.09274590015411377,0.006062628774536449,-0.013415396213531494,-0.16667360067367554,0.008075365869892437,-0.02712857723236084,-0.2190069556236267,0.007219919076753456,-0.04176190495491028,-0.25276845693588257,0.004176874252600271,-0.067880779504776,-0.17990165948867798,0.009704928918374378,-0.11017486453056335,-0.2050842046737671,0.006084884590102035,-0.1328875571489334,-0.20795422792434692,-0.0016635884962923342,-0.15053528547286987,-0.21178317070007324,-0.00802191339563052,-0.08707556128501892,-0.13938134908676147,0.0009417889673315472,-0.13167503476142883,-0.16133832931518555,-0.0020010265720955545,-0.15728658437728882,-0.1692017912864685,-0.012398262435006302,-0.17714962363243103,-0.17684310674667358,-0.022068848760234516,-0.09846660494804382,-0.09342807531356812,-0.007597805858956974,-0.14323365688323975,-0.11357384920120239,-0.01162619602065007,-0.1696191132068634,-0.12848824262619019,-0.01876993470023791,-0.1885371208190918,-0.14025622606277466,-0.025469599218475025,-0.10282275080680847,-0.04208582639694214,-0.01566618114839713,-0.14023786783218384,-0.06284689903259277,-0.019331302420603436,-0.16296252608299255,-0.0738113522529602,-0.019930178226339024,-0.18077345192432404,-0.08379113674163818,-0.02085499458144824,please
0.0,0.0,0.0,-0.003896385431289673,-0.09556174278259277,0.013295422250685363,-0.018474608659744263,-0.16039377450942993,0.019388669112977652,-0.02861499786376953,-0.20047527551651,0.0228852414882752,-0.03983834385871887,-0.22032195329666138,0.02452270401483503,-0.07842722535133362,-0.17099791765213013,0.014773306379375128,-0.12400615215301514,-0.1826912760734558,0.016196259239968924,-0.1522924304008484,-0.18434524536132812,0.01520238904124227,-0.17496129870414734,-0.18620562553405762,0.013834298530873923,-0.08824580907821655,-0.13081741333007812,0.004522236006614833,-0.13972938060760498,-0.14375847578048706,0.0017300523475753948,-0.17470049858093262,-0.15473735332489014,-0.004898468089940877,-0.2028661072254181,-0.15713995695114136,-0.010139908699038358,-0.09273067116737366,-0.08676671981811523,-0.004255672974231572,-0.14287346601486206,-0.09739446640014648,-0.00966970162624392,-0.17502379417419434,-0.11205577850341797,-0.011451134515645833,-0.1984555572271347,-0.11986666917800903,-0.011637650487664075,-0.09171724319458008,-0.036360085010528564,-0.011616231931093068,-0.13485783338546753,-0.05010497570037842,-0.018635367100777955,-0.16096003353595734,-0.05910104513168335,-0.017897914221229883,-0.18381506204605103,-0.07052856683731079,-0.015276021381559701,please
0.0,0.0,0.0,-0.003896385431289673,-0.09556174278259277,0.013295422250685363,-0.018474608659744263,-0.16039377450942993,0.019388669112977652,-0.02861499786376953,-0.20047527551651,0.0228852414882752,-0.03983834385871887,-0.22032195329666138,0.02452270401483503,-0.07842722535133362,-0.17099791765213013,0.014773306379375128,-0.12400615215301514,-0.1826912760734558,0.016196259239968924,-0.1522924304008484,-0.18434524536132812,0.01520238904124227,-0.17496129870414734,-0.18620562553405762,0.013834298530873923,-0.08824580907821655,-0.13081741333007812,0.004522236006614833,-0.13972938060760498,-0.14375847578048706,0.0017300523475753948,-0.17470049858093262,-0.15473735332489014,-0.004898468089940877,-0.2028661072254181,-0.15713995695114136,-0.010139908699038358,-0.09273067116737366,-0.08676671981811523,-0.004255672974231572,-0.14287346601486206,-0.09739446640014648,-0.00966970162624392,-0.17502379417419434,-0.11205577850341797,-0.011451134515645833,-0.1984555572271347,-0.11986666917800903,-0.011637650487664075,-0.09171724319458008,-0.036360085010528564,-0.011616231931093068,-0.13485783338546753,-0.05010497570037842,-0.018635367100777955,-0.16096003353595734,-0.05910104513168335,-0.017897914221229883,-0.18381506204605103,-0.07052856683731079,-0.015276021381559701,please
0.0,0.0,0.0,-0.0002250969409942627,-0.07781225442886353,0.0047744256589759,-0.009629786014556885,-0.14077973365783691,0.007022134974246086,-0.016019731760025024,-0.1826995611190796,0.007367030266319574,-0.022344589233398438,-0.20656639337539673,0.005875211223607124,-0.06311243772506714,-0.15363401174545288,0.008799985065703453,-0.09913882613182068,-0.16883492469787598,0.007149674944226803,-0.12430241703987122,-0.1700730323791504,0.002276145634819926,-0.14595283567905426,-0.17018121480941772,-0.0023778672184597838,-0.0765351951122284,-0.11392003297805786,0.0013111939333576572,-0.11938410997390747,-0.1316816210746765,-0.0025910087715637076,-0.14788147807121277,-0.1390509009361267,-0.011413960703070103,-0.17121313512325287,-0.14191985130310059,-0.018826141007597386,-0.08379745483398438,-0.06890201568603516,-0.0059027923125576365,-0.1270987093448639,-0.0857013463973999,-0.012267967671508728,-0.15549013018608093,-0.09892499446868896,-0.01703978607838863,-0.17751021683216095,-0.10590070486068726,-0.020099065252001225,-0.08525627851486206,-0.018577933311462402,-0.012461966820414005,-0.12370625138282776,-0.03387045860290527,-0.019200707771236836,-0.14964422583580017,-0.04391193389892578,-0.01970639357751125,-0.17181682586669922,-0.05563855171203613,-0.019126105107719837,please
0.0,0.0,0.0,0.007593333721160889,-0.0777120590209961,-0.0013814909329283864,0.00687175989151001,-0.14240223169326782,-0.0034105070812273652,0.009170711040496826,-0.19299322366714478,-0.006266872719081107,0.009268999099731445,-0.2298661470413208,-0.0101433501990158,-0.049439430236816406,-0.16842389106750488,-0.0030079559368658693,-0.08835190534591675,-0.20658695697784424,-0.00975513490304536,-0.10789355635643005,-0.21803271770477295,-0.0173006871195156,-0.12176370620727539,-0.2283618450164795,-0.022594924405368033,-0.06457048654556274,-0.13422435522079468,-0.0066549785846490295,-0.10583963990211487,-0.1765458583831787,-0.011997211113722983,-0.1260475218296051,-0.19298934936523438,-0.01779691627636737,-0.1382659673690796,-0.20348763465881348,-0.02330250231936759,-0.07556772232055664,-0.09486842155456543,-0.010668940231354895,-0.11223065853118896,-0.13086265325546265,-0.015206965007038775,-0.13261955976486206,-0.15198183059692383,-0.017125004291685286,-0.14458134770393372,-0.16474884748458862,-0.019051636889727774,-0.08351868391036987,-0.053198158740997314,-0.014894289285095397,-0.11419767141342163,-0.08294761180877686,-0.017032853648217383,-0.13251689076423645,-0.10120797157287598,-0.015117349423618975,-0.14528219401836395,-0.1136401891708374,-0.013747041434200469,please
0.0,0.0,0.0,0.010956794023513794,-0.08227801322937012,-0.009039050086506961,0.0055564045906066895,-0.1702725887298584,-0.01371053152448809,-0.006847560405731201,-0.2367861270904541,-0.018827213092812656,-0.022125244140625,-0.2814403772354126,-0.026242300986417888,-0.03717508912086487,-0.20085304975509644,-0.008878545022675155,-0.07378500699996948,-0.2550840973854065,-0.01934607152558243,-0.0948563814163208,-0.2694626450538635,-0.030731208740839122,-0.10962352156639099,-0.2839774489402771,-0.03995797981239235,-0.056110382080078125,-0.16385239362716675,-0.012584132260748504,-0.09817487001419067,-0.2049037218093872,-0.02312521834588921,-0.12331418693065643,-0.22257965803146362,-0.03844642092204964,-0.14359894394874573,-0.23871469497680664,-0.0518810321829406,-0.06808176636695862,-0.12248653173446655,-0.01723820169187462,-0.11324307322502136,-0.155623197555542,-0.029033001630672572,-0.14295050501823425,-0.1759435534477234,-0.04109745670772469,-0.16481631994247437,-0.19279706478118896,-0.05135647405601418,-0.07656607031822205,-0.07794475555419922,-0.022331657006510852,-0.12306615710258484,-0.09556519985198975,-0.03543634910798943,-0.15162020921707153,-0.11112678050994873,-0.043543471141823886,-0.17256243526935577,-0.12999862432479858,-0.04988314409471428,please
0.0,0.0,0.0,0.010956794023513794,-0.08227801322937012,-0.009039050086506961,0.0055564045906066895,-0.1702725887298584,-0.01371053152448809,-0.006847560405731201,-0.2367861270904541,-0.018827213092812656,-0.022125244140625,-0.2814403772354126,-0.026242300986417888,-0.03717508912086487,-0.20085304975509644,-0.008878545022675155,-0.07378500699996948,-0.2550840973854065,-0.01934607152558243,-0.0948563814163208,-0.2694626450538635,-0.030731208740839122,-0.10962352156639099,-0.2839774489402771,-0.03995797981239235,-0.056110382080078125,-0.16385239362716675,-0.012584132260748504,-0.09817487001419067,-0.2049037218093872,-0.02312521834588921,-0.12331418693065643,-0.22257965803146362,-0.03844642092204964,-0.14359894394874573,-0.23871469497680664,-0.0518810321829406,-0.06808176636695862,-0.12248653173446655,-0.01723820169187462,-0.11324307322502136,-0.155623197555542,-0.029033001630672572,-0.14295050501823425,-0.1759435534477234,-0.04109745670772469,-0.16481631994247437,-0.19279706478118896,-0.05135647405601418,-0.07656607031822205,-0.07794475555419922,-0.022331657006510852,-0.12306615710258484,-0.09556519985198975,-0.03543634910798943,-0.15162020921707153,-0.11112678050994873,-0.043543471141823886,-0.17256243526935577,-0.12999862432479858,-0.04988314409471428,please
0.0,0.0,0.0,0.022287875413894653,-0.0856664776802063,-0.0013211636010979078,0.028120845556259155,-0.1729467511177063,-0.0005067625221286676,0.02672228217124939,-0.23895078897476196,-0.0009108655409377775,0.024592190980911255,-0.2888105511665344,-0.0031604389565487168,-0.019859522581100464,-0.20157790184020996,0.006400653869057749,-0.052847087383270264,-0.2422829270362854,0.0014336312982763388,-0.07143664360046387,-0.24920833110809326,-0.008091425746535208,-0.0859784483909607,-0.2555850148200989,-0.015505955777918246,-0.04206070303916931,-0.16702455282211304,0.0015140792915175894,-0.07705581188201904,-0.20580947399139404,-0.0006346548230808935,-0.09738588333129883,-0.22540754079818726,-0.011987487077568915,-0.11309203505516052,-0.23706495761871338,-0.02315839309230938,-0.05872499942779541,-0.12719392776489258,-0.00405811680466428,-0.09261283278465271,-0.16486185789108276,-0.0076269397883166334,-0.11303150653839111,-0.19286394119262695,-0.014792638122891333,-0.1275019347667694,-0.21147507429122925,-0.02210242044166222,-0.07093757390975952,-0.08270573616027832,-0.009883410520707514,-0.10113567113876343,-0.1149713397026062,-0.0143262355028142,-0.12001799046993256,-0.13857018947601318,-0.015632388405357744,-0.13453860580921173,-0.16002100706100464,-0.017309111766373064,please
0.0,0.0,0.0,0.015155047178268433,-0.08742213249206543,-0.00201382413133544,0.015266001224517822,-0.1692926287651062,-0.003086115881796303,0.010911375284194946,-0.2319590449333191,-0.004772447697813931,0.009263187646865845,-0.2783755660057068,-0.007936040587718907,-0.04214051365852356,-0.2016889452934265,0.000443486721724895,-0.08250126242637634,-0.23290973901748657,-0.003366866564373794,-0.10428646206855774,-0.23847484588623047,-0.011133077271278324,-0.11993154883384705,-0.24675846099853516,-0.01750179444998068,-0.06346765160560608,-0.16448932886123657,-0.003539277190338197,-0.102081298828125,-0.199806809425354,-0.0035761489495591547,-0.122468501329422,-0.214347243309021,-0.011323223538692417,-0.13655388355255127,-0.2264564037322998,-0.020414366103704396,-0.07786339521408081,-0.11940884590148926,-0.0076507476121143725,-0.11341741681098938,-0.15712827444076538,-0.00893155736475748,-0.13404256105422974,-0.17759430408477783,-0.01369316288828415,-0.1478668451309204,-0.19159948825836182,-0.019740390308196964,-0.08839702606201172,-0.07013142108917236,-0.011969189807768288,-0.11720713973045349,-0.10251522064208984,-0.014021580755706253,-0.13510838150978088,-0.12135064601898193,-0.01363018685578865,-0.148321270942688,-0.13603121042251587,-0.014251612775023403,please
0.0,0.0,0.0,0.012692809104919434,-0.08123773336410522,-0.0019522539154941398,0.011400461196899414,-0.15524309873580933,-0.0041270722217241484,0.010108977556228638,-0.21440410614013672,-0.007470939825413581,0.010294556617736816,-0.2574602961540222,-0.012015875014601107,-0.04471907019615173,-0.18587082624435425,-0.0004641836498713303,-0.08397355675697327,-0.22040128707885742,-0.008129640068052169,-0.1042829155921936,-0.23016899824142456,-0.01801935728186166,-0.1179499626159668,-0.2409999966621399,-0.025208850908217784,-0.06581452488899231,-0.15156149864196777,-0.004998635086355563,-0.104519784450531,-0.19450491666793823,-0.009097778755364772,-0.12543043494224548,-0.2117977738380432,-0.01681982125633752,-0.13909825682640076,-0.22564607858657837,-0.024354109126267787,-0.08133673667907715,-0.11003458499908447,-0.010075743827162142,-0.11493384838104248,-0.15085244178771973,-0.015020031998989936,-0.134848952293396,-0.17188042402267456,-0.018819557088551875,-0.14780479669570923,-0.18620312213897705,-0.022661163988647814,-0.09234005212783813,-0.06399625539779663,-0.015349735091565009,-0.1201048195362091,-0.10090875625610352,-0.019633849668441172,-0.136972576379776,-0.11919057369232178,-0.018774970951614733,-0.14997194707393646,-0.13284218311309814,-0.018121327790556307,please
0.0,0.0,0.0,0.012692809104919434,-0.08123773336410522,-0.0019522539154941398,0.011400461196899414,-0.15524309873580933,-0.0041270722217241484,0.010108977556228638,-0.21440410614013672,-0.007470939825413581,0.010294556617736816,-0.2574602961540222,-0.012015875014601107,-0.04471907019615173,-0.18587082624435425,-0.0004641836498713303,-0.08397355675697327,-0.22040128707885742,-0.008129640068052169,-0.1042829155921936,-0.23016899824142456,-0.01801935728186166,-0.1179499626159668,-0.2409999966621399,-0.025208850908217784,-0.06581452488899231,-0.15156149864196777,-0.004998635086355563,-0.104519784450531,-0.19450491666793823,-0.009097778755364772,-0.12543043494224548,-0.2117977738380432,-0.01681982125633752,-0.13909825682640076,-0.22564607858657837,-0.024354109126267787,-0.08133673667907715,-0.11003458499908447,-0.010075743827162142,-0.11493384838104248,-0.15085244178771973,-0.015020031998989936,-0.134848952293396,-0.17188042402267456,-0.018819557088551875,-0.14780479669570923,-0.18620312213897705,-0.022661163988647814,-0.09234005212783813,-0.06399625539779663,-0.015349735091565009,-0.1201048195362091,-0.10090875625610352,-0.019633849668441172,-0.136972576379776,-0.11919057369232178,-0.018774970951614733,-0.14997194707393646,-0.13284218311309814,-0.018121327790556307,please
0.0,0.0,0.0,0.0006346404552459717,-0.09041112661361694,0.003579017784172578,-0.0075407326221466064,-0.15799057483673096,0.0028644663595649433,-0.015312522649765015,-0.21134984493255615,0.00013219369222028376,-0.01970195770263672,-0.24669867753982544,-0.004893075363984423,-0.06762132048606873,-0.17111241817474365,0.005291321159997864,-0.10969123244285583,-0.19351810216903687,0.003295204447308464,-0.13468775153160095,-0.1991015076637268,-0.002730615359073596,-0.15704622864723206,-0.20430874824523926,-0.00840151791115673,-0.08405905961990356,-0.13231205940246582,-0.0029143098893520403,-0.13038700819015503,-0.15541911125183105,-0.005490964899113493,-0.1604984998703003,-0.16637665033340454,-0.015679679034551697,-0.18628090620040894,-0.17512452602386475,-0.02542315718372734,-0.09421747922897339,-0.08946508169174194,-0.010497170655330734,-0.13877347111701965,-0.11289286613464355,-0.014357269896468239,-0.16699475049972534,-0.13000786304473877,-0.02106357474466236,-0.18852438032627106,-0.14076560735702515,-0.027352218671044426,-0.09785431623458862,-0.040080904960632324,-0.017672210155328827,-0.13503631949424744,-0.06682127714157104,-0.02162280228575142,-0.15855920314788818,-0.07926565408706665,-0.021851555599173622,-0.17881114780902863,-0.09103524684906006,-0.02233378697772892,please
0.0,0.0,0.0,9.098649024963379e-05,-0.09969168901443481,-0.0011095517925880927,-0.012601107358932495,-0.17472177743911743,-0.005445938245948412,-0.02517259120941162,-0.22603756189346313,-0.01140202737003193,-0.032721877098083496,-0.2655365467071533,-0.019605822549756624,-0.06869751214981079,-0.18734192848205566,-0.0009085201105065721,-0.11619970202445984,-0.22017228603363037,-0.007923287028070547,-0.1445963978767395,-0.23520177602767944,-0.01653319752364979,-0.16678552329540253,-0.2516358494758606,-0.023964140252765276,-0.08117115497589111,-0.14675849676132202,-0.008610806116458036,-0.12965303659439087,-0.17658191919326782,-0.018767391951378443,-0.16274891793727875,-0.19478672742843628,-0.03327501161545143,-0.18863214552402496,-0.20660769939422607,-0.04545493020265923,-0.08785310387611389,-0.10291039943695068,-0.015922588916119196,-0.13299384713172913,-0.12815254926681519,-0.026086033941801645,-0.16522842645645142,-0.14648735523223877,-0.033075164692100145,-0.1876557618379593,-0.15820211172103882,-0.038432087437804796,-0.09124931693077087,-0.05265623331069946,-0.023234527246650316,-0.13036897778511047,-0.07114744186401367,-0.03199955417364464,-0.1542978286743164,-0.08281433582305908,-0.03344533561318741,-0.17513242363929749,-0.0958661437034607,-0.03399471907466278,please
0.0,0.0,0.0,0.012148410081863403,-0.08551949262619019,-0.0002701558832320927,0.010483384132385254,-0.16172587871551514,-0.0015330910818427412,0.005823224782943726,-0.22027736902236938,-0.0038774944977610915,0.004683643579483032,-0.26388734579086304,-0.00782645960764583,-0.05126303434371948,-0.18456369638442993,0.002350820214882532,-0.0883992612361908,-0.21046513319015503,-0.000634600538365504,-0.10791048407554626,-0.2140815258026123,-0.007496522287443241,-0.12432757019996643,-0.21966367959976196,-0.013569590649172625,-0.0716351568698883,-0.14711499214172363,-0.002983954283013901,-0.11058387160301208,-0.1748088002204895,-0.0038974322514384596,-0.13028696179389954,-0.18446260690689087,-0.011822818792030176,-0.14565560221672058,-0.19524800777435303,-0.02055913211272653,-0.08410635590553284,-0.10256612300872803,-0.008357231518790087,-0.12302267551422119,-0.13344687223434448,-0.011429503573641142,-0.14343467354774475,-0.15068542957305908,-0.016528693972691855,-0.15796327590942383,-0.16377902030944824,-0.022169813527330717,-0.09083616733551025,-0.054515063762664795,-0.01369861328469213,-0.1228608787059784,-0.08535254001617432,-0.017170311896666846,-0.14205196499824524,-0.10238224267959595,-0.01721339115367826,-0.1572255790233612,-0.1174936294555664,-0.01792386361823972,please
0.0,0.0,0.0,0.012148410081863403,-0.08551949262619019,-0.0002701558832320927,0.010483384132385254,-0.16172587871551514,-0.0015330910818427412,0.005823224782943726,-0.22027736902236938,-0.0038774944977610915,0.004683643579483032,-0.26388734579086304,-0.00782645960764583,-0.05126303434371948,-0.18456369638442993,0.002350820214882532,-0.0883992612361908,-0.21046513319015503,-0.000634600538365504,-0.10791048407554626,-0.2140815258026123,-0.007496522287443241,-0.12432757019996643,-0.21966367959976196,-0.013569590649172625,-0.0716351568698883,-0.14711499214172363,-0.002983954283013901,-0.11058387160301208,-0.1748088002204895,-0.0038974322514384596,-0.13028696179389954,-0.18446260690689087,-0.011822818792030176,-0.14565560221672058,-0.19524800777435303,-0.02055913211272653,-0.08410635590553284,-0.10256612300872803,-0.008357231518790087,-0.12302267551422119,-0.13344687223434448,-0.011429503573641142,-0.14343467354774475,-0.15068542957305908,-0.016528693972691855,-0.15796327590942383,-0.16377902030944824,-0.022169813527330717,-0.09083616733551025,-0.054515063762664795,-0.01369861328469213,-0.1228608787059784,-0.08535254001617432,-0.017170311896666846,-0.14205196499824524,-0.10238224267959595,-0.01721339115367826,-0.1572255790233612,-0.1174936294555664,-0.01792386361823972,please
0.0,0.0,0.0,0.01600503921508789,-0.06866967678070068,-0.002420301128882585,0.018345624208450317,-0.13579237461090088,-0.005198717162716804,0.020318269729614258,-0.189591646194458,-0.00891472403775495,0.025016844272613525,-0.23013168573379517,-0.013892586388397632,-0.03287354111671448,-0.17147773504257202,-0.0033273012831394055,-0.0698305070400238,-0.21218478679656982,-0.01120219011675161,-0.0910748839378357,-0.228363037109375,-0.020182610534835277,-0.10752427577972412,-0.2425103783607483,-0.02698213332216781,-0.05338937044143677,-0.14233911037445068,-0.008490813941467223,-0.09087225794792175,-0.18996387720108032,-0.014265920080948291,-0.11222079396247864,-0.21333348751068115,-0.02294364110450786,-0.12762179970741272,-0.2338818907737732,-0.0310614696226601,-0.06878510117530823,-0.1064717173576355,-0.013951621063757358,-0.10475912690162659,-0.15241318941116333,-0.020714378961134372,-0.12663280963897705,-0.17933499813079834,-0.026018447288084445,-0.14241477847099304,-0.20076340436935425,-0.030655014374065814,-0.08001038432121277,-0.06548458337783813,-0.019543520220327792,-0.11001363396644592,-0.10506021976470947,-0.02624593959074062,-0.1286415159702301,-0.12869024276733398,-0.027724864938068805,-0.14272186160087585,-0.15044736862182617,-0.028632997580576358,please
0.0,0.0,0.0,0.01600503921508789,-0.06866967678070068,-0.002420301128882585,0.018345624208450317,-0.13579237461090088,-0.005198717162716804,0.020318269729614258,-0.189591646194458,-0.00891472403775495,0.025016844272613525,-0.23013168573379517,-0.013892586388397632,-0.03287354111671448,-0.17147773504257202,-0.0033273012831394055,-0.0698305070400238,-0.21218478679656982,-0.01120219011675161,-0.0910748839378357,-0.228363037109375,-0.020182610534835277,-0.10752427577972412,-0.2425103783607483,-0.02698213332216781,-0.05338937044143677,-0.14233911037445068,-0.008490813941467223,-0.09087225794792175,-0.18996387720108032,-0.014265920080948291,-0.11222079396247864,-0.21333348751068115,-0.02294364110450786,-0.12762179970741272,-0.2338818907737732,-0.0310614696226601,-0.06878510117530823,-0.1064717173576355,-0.013951621063757358,-0.10475912690162659,-0.15241318941116333,-0.020714378961134372,-0.12663280963897705,-0.17933499813079834,-0.026018447288084445,-0.14241477847099304,-0.20076340436935425,-0.030655014374065814,-0.08001038432121277,-0.06548458337783813,-0.019543520220327792,-0.11001363396644592,-0.10506021976470947,-0.02624593959074062,-0.1286415159702301,-0.12869024276733398,-0.027724864938068805,-0.14272186160087585,-0.15044736862182617,-0.028632997580576358,please
0.0,0.0,0.0,0.014904439449310303,-0.0777287483215332,-0.0024845014566992063,0.013512462377548218,-0.1530473828315735,-0.0043547422400180835,0.007555872201919556,-0.20875447988510132,-0.006901479676223232,0.006578773260116577,-0.2504168748855591,-0.010883875075585081,-0.04106679558753967,-0.17955726385116577,-0.0010166789878596205,-0.07816967368125916,-0.21916234493255615,-0.0061899580767814655,-0.10070952773094177,-0.23867768049240112,-0.01337702001989527,-0.11928024888038635,-0.2549784779548645,-0.01916562195480509,-0.06222271919250488,-0.14666974544525146,-0.006085391972071363,-0.10465750098228455,-0.1933375597000122,-0.010135685909396841,-0.12814092636108398,-0.2172161340713501,-0.018019799027449324,-0.1455863118171692,-0.23849022388458252,-0.025448819506770803,-0.07763072848320007,-0.10868149995803833,-0.01148943218947096,-0.11693274974822998,-0.15334510803222656,-0.017322558794027998,-0.13877692818641663,-0.1791219711303711,-0.02287404227615042,-0.154635950922966,-0.19859224557876587,-0.027385501075393393,-0.08835431933403015,-0.0654030442237854,-0.017013626057512,-0.12172040343284607,-0.1047397255897522,-0.023335164297229483,-0.1423417627811432,-0.12795764207839966,-0.025248253602391912,-0.1587410420179367,-0.14942538738250732,-0.026291364688283636,please
0.0,0.0,0.0,0.01426658034324646,-0.0711517333984375,-0.005250916985158227,0.011903703212738037,-0.14295154809951782,-0.009029143193099998,0.0065680742263793945,-0.199052095413208,-0.013167714403305553,0.00852397084236145,-0.24202251434326172,-0.018413481937084697,-0.0441192090511322,-0.17132502794265747,-0.00424917757633736,-0.07799968123435974,-0.2114170789718628,-0.010992738121483825,-0.09837481379508972,-0.23022723197937012,-0.018973637075458072,-0.11508923768997192,-0.24340194463729858,-0.025147698522840045,-0.06569507718086243,-0.13838422298431396,-0.008215304167304538,-0.10566198825836182,-0.18599820137023926,-0.013214919419322513,-0.12841445207595825,-0.20943009853363037,-0.020823184103999637,-0.1459575891494751,-0.2280779480934143,-0.027646990196142696,-0.080681711435318,-0.0982864499092102,-0.01288666732731869,-0.11778298020362854,-0.14402908086776733,-0.01919639267149975,-0.13864994049072266,-0.17040443420410156,-0.024533666373525165,-0.1542465090751648,-0.18960237503051758,-0.028678431810174487,-0.09082460403442383,-0.05326932668685913,-0.01788333773735573,-0.1210717260837555,-0.09326601028442383,-0.024286733643446468,-0.13891473412513733,-0.11715042591094971,-0.026294849516187213,-0.1527329683303833,-0.1375853419303894,-0.02726764388505032,please
0.0,0.0,0.0,0.01426658034324646,-0.0711517333984375,-0.005250916985158227,0.011903703212738037,-0.14295154809951782,-0.009029143193099998,0.0065680742263793945,-0.199052095413208,-0.013167714403305553,0.00852397084236145,-0.24202251434326172,-0.018413481937084697,-0.0441192090511322,-0.17132502794265747,-0.00424917757633736,-0.07799968123435974,-0.2114170789718628,-0.010992738121483825,-0.09837481379508972,-0.23022723197937012,-0.018973637075458072,-0.11508923768997192,-0.24340194463729858,-0.025147698522840045,-0.06569507718086243,-0.13838422298431396,-0.008215304167304538,-0.10566198825836182,-0.18599820137023926,-0.013214919419322513,-0.12841445207595825,-0.20943009853363037,-0.020823184103999637,-0.1459575891494751,-0.2280779480934143,-0.027646990196142696,-0.080681711435318,-0.0982864499092102,-0.01288666732731869,-0.11778298020362854,-0.14402908086776733,-0.01919639267149975,-0.13864994049072266,-0.17040443420410156,-0.024533666373525165,-0.1542465090751648,-0.18960237503051758,-0.028678431810174487,-0.09082460403442383,-0.05326932668685913,-0.01788333773735573,-0.1210717260837555,-0.09326601028442383,-0.024286733643446468,-0.13891473412513733,-0.11715042591094971,-0.026294849516187213,-0.1527329683303833,-0.1375853419303894,-0.02726764388505032,please
0.0,0.0,0.0,0.0080699622631073,-0.08288317918777466,-0.004234311778159139,0.0013675093650817871,-0.15913724899291992,-0.006704541064859626,-0.008485496044158936,-0.21761202812194824,-0.010154365237863061,-0.013317257165908813,-0.26179856061935425,-0.01558661707869291,-0.049375563859939575,-0.18550056219100952,-0.0010873669777673456,-0.09158158302307129,-0.22068417072296143,-0.007072950389297006,-0.11634817719459534,-0.23763036727905273,-0.014621197853298185,-0.13523069024085999,-0.25334012508392334,-0.02095037573209524,-0.06711730360984802,-0.15330374240875244,-0.0063462417126309845,-0.11018627882003784,-0.1905798316001892,-0.011909956719787118,-0.13880783319473267,-0.2144349217414856,-0.022789741542251107,-0.16163036227226257,-0.23059874773025513,-0.03253760622075319,-0.0778786838054657,-0.11631524562835693,-0.012150377642424104,-0.12038365006446838,-0.1495288610458374,-0.01979182162514448,-0.1482497751712799,-0.17260509729385376,-0.02762374715140581,-0.1678265929222107,-0.18901419639587402,-0.034029905360252855,-0.08545398712158203,-0.07210642099380493,-0.018357894059331414,-0.12190908193588257,-0.09689086675643921,-0.027650179948718545,-0.14579057693481445,-0.11329174041748047,-0.031662006538422105,-0.16484954953193665,-0.12963145971298218,-0.034176990997107026,please
0.0,0.0,0.0,0.0080699622631073,-0.08288317918777466,-0.004234311778159139,0.0013675093650817871,-0.15913724899291992,-0.006704541064859626,-0.008485496044158936,-0.21761202812194824,-0.010154365237863061,-0.013317257165908813,-0.26179856061935425,-0.01558661707869291,-0.049375563859939575,-0.18550056219100952,-0.0010873669777673456,-0.09158158302307129,-0.22068417072296143,-0.007072950389297006,-0.11634817719459534,-0.23763036727905273,-0.014621197853298185,-0.13523069024085999,-0.25334012508392334,-0.02095037573209524,-0.06711730360984802,-0.15330374240875244,-0.0063462417126309845,-0.11018627882003784,-0.1905798316001892,-0.011909956719787118,-0.13880783319473267,-0.2144349217414856,-0.022789741542251107,-0.16163036227226257,-0.23059874773025513,-0.03253760622075319,-0.0778786838054657,-0.11631524562835693,-0.012150377642424104,-0.12038365006446838,-0.1495288610458374,-0.01979182162514448,-0.1482497751712799,-0.17260509729385376,-0.02762374715140581,-0.1678265929222107,-0.18901419639587402,-0.034029905360252855,-0.08545398712158203,-0.07210642099380493,-0.018357894059331414,-0.12190908193588257,-0.09689086675643921,-0.027650179948718545,-0.14579057693481445,-0.11329174041748047,-0.031662006538422105,-0.16484954953193665,-0.12963145971298218,-0.034176990997107026,please
0.0,0.0,0.0,0.011528432369232178,-0.06969082355499268,-0.006481887857102464,0.0074887871742248535,-0.1361742615699768,-0.011757483324640106,0.0061120688915252686,-0.1913292407989502,-0.017592892600827525,0.006538033485412598,-0.2338046431541443,-0.024577981411152194,-0.05133885145187378,-0.16678380966186523,-0.006068450948827575,-0.09202158451080322,-0.20262819528579712,-0.014415992042653869,-0.11529111862182617,-0.22115474939346313,-0.023506599097185443,-0.13375023007392883,-0.2354191541671753,-0.030365590556197475,-0.07056599855422974,-0.13373535871505737,-0.009800341530375789,-0.1137269139289856,-0.17493760585784912,-0.016218491448693584,-0.13824886083602905,-0.19563239812850952,-0.02386610637479336,-0.15699222683906555,-0.2122706174850464,-0.030580092771582912,-0.08346867561340332,-0.0932648777961731,-0.014401970049970458,-0.12374061346054077,-0.1340159773826599,-0.021837844132118533,-0.1464596390724182,-0.1567542552947998,-0.026539754672580074,-0.16358613967895508,-0.17288219928741455,-0.02999430763595612,-0.09075739979743958,-0.04775279760360718,-0.01948850843184502,-0.122763991355896,-0.08435797691345215,-0.02620971630387814,-0.1420682966709137,-0.10487204790115356,-0.02721519636981995,-0.1570446491241455,-0.12140530347824097,-0.02733320052795918,please
0.0,0.0,0.0,0.007463723421096802,-0.08843326568603516,-0.000884796050890202,7.101893424987793e-05,-0.1688826084136963,-0.0005090125725146777,-0.00820949673652649,-0.22923624515533447,-0.001927339146426732,-0.012283682823181152,-0.2715757489204407,-0.005440536328173096,-0.0614587664604187,-0.18077242374420166,0.004841438587241953,-0.0988304615020752,-0.2125115990638733,-0.0002189471798956788,-0.12075573205947876,-0.2224273681640625,-0.009163079225039894,-0.13925513625144958,-0.23241472244262695,-0.016746181436396057,-0.08018919825553894,-0.14181768894195557,-0.001868213667115981,-0.12177988886833191,-0.17058753967285156,-0.006339676119900162,-0.14693224430084229,-0.18576276302337646,-0.01787236649594348,-0.1672658920288086,-0.20181572437286377,-0.02854722123644393,-0.09140884876251221,-0.09763532876968384,-0.009150869586086685,-0.13393867015838623,-0.1283118724822998,-0.015474810638046677,-0.15992063283920288,-0.1491297483444214,-0.023895589076495583,-0.1792413592338562,-0.1676151156425476,-0.03129073176584285,-0.09688335657119751,-0.04930436611175537,-0.01663700994155448,-0.13344413042068481,-0.07467591762542725,-0.023314410262322838,-0.15681639313697815,-0.09201580286026001,-0.02603822145662349,-0.1757194995880127,-0.1102856993675232,-0.028380790167069847,please
0.0,0.0,0.0,0.007463723421096802,-0.08843326568603516,-0.000884796050890202,7.101893424987793e-05,-0.1688826084136963,-0.0005090125725146777,-0.00820949673652649,-0.22923624515533447,-0.001927339146426732,-0.012283682823181152,-0.2715757489204407,-0.005440536328173096,-0.0614587664604187,-0.18077242374420166,0.004841438587241953,-0.0988304615020752,-0.2125115990638733,-0.0002189471798956788,-0.12075573205947876,-0.2224273681640625,-0.009163079225039894,-0.13925513625144958,-0.23241472244262695,-0.016746181436396057,-0.08018919825553894,-0.14181768894195557,-0.001868213667115981,-0.12177988886833191,-0.17058753967285156,-0.006339676119900162,-0.14693224430084229,-0.18576276302337646,-0.01787236649594348,-0.1672658920288086,-0.20181572437286377,-0.02854722123644393,-0.09140884876251221,-0.09763532876968384,-0.009150869586086685,-0.13393867015838623,-0.1283118724822998,-0.015474810638046677,-0.15992063283920288,-0.1491297483444214,-0.023895589076495583,-0.1792413592338562,-0.1676151156425476,-0.03129073176584285,-0.09688335657119751,-0.04930436611175537,-0.01663700994155448,-0.13344413042068481,-0.07467591762542725,-0.023314410262322838,-0.15681639313697815,-0.09201580286026001,-0.02603822145662349,-0.1757194995880127,-0.1102856993675232,-0.028380790167069847,please
0.0,0.0,0.0,0.007065236568450928,-0.10199970006942749,0.0008975820814782765,-0.0025007426738739014,-0.19226545095443726,0.003225594336498716,-0.011475175619125366,-0.2577672004699707,0.0038627782336959626,-0.01646372675895691,-0.3076751232147217,0.0026427405386755254,-0.06456750631332397,-0.20985859632492065,0.012035652572620847,-0.10881432890892029,-0.22530674934387207,0.012292693877924421,-0.13091203570365906,-0.22634822130203247,0.006434616675932148,-0.14921149611473083,-0.23193883895874023,0.0006723856053838517,-0.08038580417633057,-0.16714918613433838,0.005884099794883468,-0.12796419858932495,-0.18498003482818604,0.007752285382110813,-0.15381500124931335,-0.1968158483505249,-0.0023533417411556456,-0.17372140288352966,-0.20764851570129395,-0.013088587162684462,-0.09001493453979492,-0.1204906702041626,-0.0006930742097495113,-0.13650640845298767,-0.14175927639007568,-0.001837602656934223,-0.16383785009384155,-0.16187316179275513,-0.009337787007581255,-0.18298190832138062,-0.17769110202789307,-0.017010313881229422,-0.09465017914772034,-0.06842923164367676,-0.007465098475705645,-0.13319650292396545,-0.09065026044845581,-0.01036810544658806,-0.1567937731742859,-0.10744166374206543,-0.011231808414351008,-0.1756286919116974,-0.12345314025878906,-0.012540736658166907,please
0.0,0.0,0.0,0.007065236568450928,-0.10199970006942749,0.0008975820814782765,-0.0025007426738739014,-0.19226545095443726,0.003225594336498716,-0.011475175619125366,-0.2577672004699707,0.0038627782336959626,-0.01646372675895691,-0.3076751232147217,0.0026427405386755254,-0.06456750631332397,-0.20985859632492065,0.012035652572620847,-0.10881432890892029,-0.22530674934387207,0.012292693877924421,-0.13091203570365906,-0.22634822130203247,0.006434616675932148,-0.14921149611473083,-0.23193883895874023,0.0006723856053838517,-0.08038580417633057,-0.16714918613433838,0.005884099794883468,-0.12796419858932495,-0.18498003482818604,0.007752285382110813,-0.15381500124931335,-0.1968158483505249,-0.0023533417411556456,-0.17372140288352966,-0.20764851570129395,-0.013088587162684462,-0.09001493453979492,-0.1204906702041626,-0.0006930742097495113,-0.13650640845298767,-0.14175927639007568,-0.001837602656934223,-0.16383785009384155,-0.16187316179275513,-0.009337787007581255,-0.18298190832138062,-0.17769110202789307,-0.017010313881229422,-0.09465017914772034,-0.06842923164367676,-0.007465098475705645,-0.13319650292396545,-0.09065026044845581,-0.01036810544658806,-0.1567937731742859,-0.10744166374206543,-0.011231808414351008,-0.1756286919116974,-0.12345314025878906,-0.012540736658166907,please
0.0,0.0,0.0,0.004244357347488403,-0.08962804079055786,0.004856290450224066,-0.002212822437286377,-0.1649419665336609,0.006964743757524872,-0.008167296648025513,-0.22411644458770752,0.006837028698900127,-0.015718728303909302,-0.26523369550704956,0.005022614417502069,-0.06434714794158936,-0.18167173862457275,0.009702213263043546,-0.1053265929222107,-0.21582359075546265,0.008911998165675783,-0.1278417706489563,-0.2227122187614441,0.003872963288703346,-0.14662450551986694,-0.2285887598991394,-0.0007494818620408239,-0.08218014240264893,-0.14453554153442383,0.0019428211179537413,-0.12739911675453186,-0.17485332489013672,0.0011254917279792664,-0.15229910612106323,-0.1869317889213562,-0.007093948157599783,-0.17129209637641907,-0.2000008225440979,-0.015129166500738478,-0.09353742003440857,-0.10183531045913696,-0.005669592259547329,-0.1375623643398285,-0.132216215133667,-0.007431583790204144,-0.161776602268219,-0.15110915899276733,-0.012510045277050352,-0.17922860383987427,-0.16697221994400024,-0.017654939400127745,-0.09921526908874512,-0.0531538724899292,-0.013020022617748594,-0.13705644011497498,-0.08278161287307739,-0.01506851318674407,-0.1590467095375061,-0.10029315948486328,-0.01449450462507329,-0.1762753427028656,-0.11765849590301514,-0.014383263731470919,please
0.0,0.0,0.0,0.004329502582550049,-0.08296012878417969,-0.0035341456051760645,-0.0058262646198272705,-0.1600361466407776,-0.0050690900053673715,-0.01699131727218628,-0.21233850717544556,-0.008193913333474967,-0.024890124797821045,-0.2500803470611572,-0.013165096238612506,-0.0573095977306366,-0.1793540120124817,0.002027420375139144,-0.09714603424072266,-0.21872544288635254,-0.005095989860951278,-0.12072589993476868,-0.2400316596031189,-0.013581728980302188,-0.13819590210914612,-0.2590898871421814,-0.020476483226179454,-0.07260772585868835,-0.14641261100769043,-0.0037812196634554596,-0.11122667789459229,-0.18018823862075806,-0.011252934530734393,-0.13894742727279663,-0.20220911502838135,-0.02324519161915717,-0.16132405400276184,-0.2167782187461853,-0.03303026635980544,-0.08029890060424805,-0.10865223407745361,-0.010310660533964011,-0.11874374747276306,-0.13240903615951538,-0.019288963124513003,-0.1467936635017395,-0.150179922580719,-0.027596237555503222,-0.16659536957740784,-0.16385960578918457,-0.03383850906825003,-0.08518907427787781,-0.06239950656890869,-0.017327206626891467,-0.12023922801017761,-0.07361763715744019,-0.02694002208149371,-0.1431252658367157,-0.08344119787216187,-0.030836543485879275,-0.16079315543174744,-0.09505802392959595,-0.03306920681929526,please
0.0,0.0,0.0,-0.0004048645496368408,-0.08781641721725464,0.0035541163142340793,-0.016437619924545288,-0.16619068384170532,0.0055796618889587535,-0.031004667282104492,-0.22184479236602783,0.005746733708264173,-0.03796190023422241,-0.2607851028442383,0.0034117608647363795,-0.07027024030685425,-0.18298274278640747,0.006728394733698906,-0.11686080694198608,-0.18383747339248657,0.005046619413377584,-0.1436290144920349,-0.17425018548965454,-0.0004374142245353596,-0.1663251519203186,-0.16997289657592773,-0.005607586974321066,-0.08250623941421509,-0.14253854751586914,-0.0009424952823167132,-0.13168376684188843,-0.1469617486000061,-0.003632583344398199,-0.16249418258666992,-0.1434386968612671,-0.013938849946526943,-0.18841394782066345,-0.13940799236297607,-0.023453375479249416,-0.08970361948013306,-0.09772169589996338,-0.008163167318372189,-0.1378554403781891,-0.10469049215316772,-0.014159447668163239,-0.16918930411338806,-0.11050879955291748,-0.023218302210835873,-0.19275808334350586,-0.1129230260848999,-0.03059341215160316,-0.09298864006996155,-0.045163869857788086,-0.01471199483242458,-0.1353985071182251,-0.05533534288406372,-0.02192041852143234,-0.1640988290309906,-0.06212508678436279,-0.02527911976542896,-0.18827450275421143,-0.06992048025131226,-0.027592923646835743,please
0.0,0.0,0.0,-0.005757421255111694,-0.08687275648117065,0.005635973859114074,-0.018980592489242554,-0.16282665729522705,0.00713010444445672,-0.03092247247695923,-0.21915286779403687,0.0060767967733568184,-0.0387665331363678,-0.260032594203949,0.0030574117335504525,-0.0725848376750946,-0.17814993858337402,0.00938264033896985,-0.1133665144443512,-0.20350027084350586,0.008370315052104615,-0.13580909371376038,-0.20428413152694702,0.003779481492472314,-0.15375789999961853,-0.2060157060623169,-0.0005338925621458657,-0.08673626184463501,-0.1404384970664978,0.0007418481181389325,-0.13190069794654846,-0.1633366346359253,-0.0007028898326666422,-0.15362730622291565,-0.1633574366569519,-0.007767795257734633,-0.16965684294700623,-0.16279059648513794,-0.014144968845414496,-0.09553322196006775,-0.09583985805511475,-0.007644347984808064,-0.1393929421901703,-0.11794233322143555,-0.010904750459360457,-0.16203919053077698,-0.12462979555130005,-0.01533468314306674,-0.17830750346183777,-0.12739616632461548,-0.01943135880725322,-0.10005941987037659,-0.045083463191986084,-0.015473827392327166,-0.1392500102519989,-0.06721758842468262,-0.019334881239103652,-0.1621170938014984,-0.07591617107391357,-0.01904789977567134,-0.1809534728527069,-0.08533847332000732,-0.018552093439268447,please
0.0,0.0,0.0,-0.005757421255111694,-0.08687275648117065,0.005635973859114074,-0.018980592489242554,-0.16282665729522705,0.00713010444445672,-0.03092247247695923,-0.21915286779403687,0.0060767967733568184,-0.0387665331363678,-0.260032594203949,0.0030574117335504525,-0.0725848376750946,-0.17814993858337402,0.00938264033896985,-0.1133665144443512,-0.20350027084350586,0.008370315052104615,-0.13580909371376038,-0.20428413152694702,0.003779481492472314,-0.15375789999961853,-0.2060157060623169,-0.0005338925621458657,-0.08673626184463501,-0.1404384970664978,0.0007418481181389325,-0.13190069794654846,-0.1633366346359253,-0.0007028898326666422,-0.15362730622291565,-0.1633574366569519,-0.007767795257734633,-0.16965684294700623,-0.16279059648513794,-0.014144968845414496,-0.09553322196006775,-0.09583985805511475,-0.007644347984808064,-0.1393929421901703,-0.11794233322143555,-0.010904750459360457,-0.16203919053077698,-0.12462979555130005,-0.01533468314306674,-0.17830750346183777,-0.12739616632461548,-0.01943135880725322,-0.10005941987037659,-0.045083463191986084,-0.015473827392327166,-0.1392500102519989,-0.06721758842468262,-0.019334881239103652,-0.1621170938014984,-0.07591617107391357,-0.01904789977567134,-0.1809534728527069,-0.08533847332000732,-0.018552093439268447,please
0.0,0.0,0.0,0.0027860701084136963,-0.08406972885131836,0.003137686985795085,-0.00224265456199646,-0.1552143096923828,0.001882849375036244,-0.006358683109283447,-0.21003574132919312,-0.0007462897945487157,-0.01208961009979248,-0.24654579162597656,-0.00412917556495529,-0.0491451621055603,-0.17367196083068848,-0.0054472265790508345,-0.08909991383552551,-0.21997755765914917,-0.013266354801814373,-0.10531872510910034,-0.2235022783279419,-0.018472800033848102,-0.11153370141983032,-0.2231491208076477,-0.021088760348717983,-0.06835025548934937,-0.13761669397354126,-0.011506456884305294,-0.11618897318840027,-0.1852625608444214,-0.019147183748643215,-0.12814122438430786,-0.18196392059326172,-0.02093433961526614,-0.1275750994682312,-0.17370790243148804,-0.02127141691998702,-0.08292385935783386,-0.0934332013130188,-0.01712352037684184,-0.1278560757637024,-0.13238102197647095,-0.023531587796966846,-0.1361769139766693,-0.13410824537277222,-0.0189849436308549,-0.13257646560668945,-0.1302090883255005,-0.014452992941002663,-0.09208053350448608,-0.045582115650177,-0.022341312843124683,-0.1298731565475464,-0.08177357912063599,-0.02444351837293368,-0.13936692476272583,-0.08790278434753418,-0.017594499516050632,-0.1387995481491089,-0.08846956491470337,-0.011127016509632881,please
0.0,0.0,0.0,0.0042739808559417725,-0.08363091945648193,-0.0012738425276432874,-0.0017384588718414307,-0.1597023606300354,-0.003147826412804866,-0.004775047302246094,-0.21571826934814453,-0.006245629046224499,-0.011080116033554077,-0.25588566064834595,-0.010297732543312454,-0.04996991157531738,-0.1825021505355835,-0.003557088900469685,-0.09034949541091919,-0.22883319854736328,-0.011933529865108872,-0.10660171508789062,-0.2369699478149414,-0.01918920886155262,-0.11371326446533203,-0.24080979824066162,-0.02365211781498089,-0.06711095571517944,-0.1484769582748413,-0.008347050402425671,-0.11051678657531738,-0.19394659996032715,-0.015757059794031525,-0.1250143051147461,-0.2015162706375122,-0.021743293967210198,-0.12868154048919678,-0.20086157321929932,-0.026234716292582894,-0.07988634705543518,-0.10603022575378418,-0.013525741290413285,-0.12020975351333618,-0.144616961479187,-0.020196372758709336,-0.13371053338050842,-0.15563470125198364,-0.020909970741831208,-0.13623306155204773,-0.1584969162940979,-0.021059341844283486,-0.08830749988555908,-0.05875051021575928,-0.01884232286747589,-0.12290439009666443,-0.09172195196151733,-0.022769007947408104,-0.13625586032867432,-0.10054749250411987,-0.019894851487242127,-0.1417633295059204,-0.10387909412384033,-0.01703975174959793,please
0.0,0.0,0.0,0.0042739808559417725,-0.08363091945648193,-0.0012738425276432874,-0.0017384588718414307,-0.1597023606300354,-0.003147826412804866,-0.004775047302246094,-0.21571826934814453,-0.006245629046224499,-0.011080116033554077,-0.25588566064834595,-0.010297732543312454,-0.04996991157531738,-0.1825021505355835,-0.003557088900469685,-0.09034949541091919,-0.22883319854736328,-0.011933529865108872,-0.10660171508789062,-0.2369699478149414,-0.01918920886155262,-0.11371326446533203,-0.24080979824066162,-0.02365211781498089,-0.06711095571517944,-0.1484769582748413,-0.008347050402425671,-0.11051678657531738,-0.19394659996032715,-0.015757059794031525,-0.1250143051147461,-0.2015162706375122,-0.021743293967210198,-0.12868154048919678,-0.20086157321929932,-0.026234716292582894,-0.07988634705543518,-0.10603022575378418,-0.013525741290413285,-0.12020975351333618,-0.144616961479187,-0.020196372758709336,-0.13371053338050842,-0.15563470125198364,-0.020909970741831208,-0.13623306155204773,-0.1584969162940979,-0.021059341844283486,-0.08830749988555908,-0.05875051021575928,-0.01884232286747589,-0.12290439009666443,-0.09172195196151733,-0.022769007947408104,-0.13625586032867432,-0.10054749250411987,-0.019894851487242127,-0.1417633295059204,-0.10387909412384033,-0.01703975174959793,please
0.0,0.0,0.0,0.0042739808559417725,-0.08363091945648193,-0.0012738425276432874,-0.0017384588718414307,-0.1597023606300354,-0.003147826412804866,-0.004775047302246094,-0.21571826934814453,-0.006245629046224499,-0.011080116033554077,-0.25588566064834595,-0.010297732543312454,-0.04996991157531738,-0.1825021505355835,-0.003557088900469685,-0.09034949541091919,-0.22883319854736328,-0.011933529865108872,-0.10660171508789062,-0.2369699478149414,-0.01918920886155262,-0.11371326446533203,-0.24080979824066162,-0.02365211781498089,-0.06711095571517944,-0.1484769582748413,-0.008347050402425671,-0.11051678657531738,-0.19394659996032715,-0.015757059794031525,-0.1250143051147461,-0.2015162706375122,-0.021743293967210198,-0.12868154048919678,-0.20086157321929932,-0.026234716292582894,-0.07988634705543518,-0.10603022575378418,-0.013525741290413285,-0.12020975351333618,-0.144616961479187,-0.020196372758709336,-0.13371053338050842,-0.15563470125198364,-0.020909970741831208,-0.13623306155204773,-0.1584969162940979,-0.021059341844283486,-0.08830749988555908,-0.05875051021575928,-0.01884232286747589,-0.12290439009666443,-0.09172195196151733,-0.022769007947408104,-0.13625586032867432,-0.10054749250411987,-0.019894851487242127,-0.1417633295059204,-0.10387909412384033,-0.01703975174959793,please
0.0,0.0,0.0,0.006237804889678955,-0.08762562274932861,0.0011115134973067597,-0.002061992883682251,-0.17432790994644165,0.0007622479740518884,-0.013897567987442017,-0.2347123622894287,-0.0011274486035119935,-0.019756823778152466,-0.277795672416687,-0.004274877342396621,-0.05864614248275757,-0.19936174154281616,-0.004541220697575454,-0.10646823048591614,-0.2288379669189453,-0.013695926493966226,-0.11118713021278381,-0.20455873012542725,-0.020458653657698278,-0.10060125589370728,-0.18463104963302612,-0.024069232954644804,-0.07953715324401855,-0.1618172526359558,-0.010536362505519037,-0.1290413737297058,-0.20282793045043945,-0.017496742396616582,-0.12986908853054047,-0.17557430267333984,-0.01947753140237296,-0.11415976285934448,-0.15152209997177124,-0.02068859533872569,-0.09272676706314087,-0.11503046751022339,-0.01626747110393012,-0.13958269357681274,-0.15073847770690918,-0.025674134581350927,-0.13564614951610565,-0.12456059455871582,-0.02225858168210948,-0.11714264750480652,-0.10370659828186035,-0.018924431963824873,-0.10089269280433655,-0.06346523761749268,-0.02156745278742278,-0.13715922832489014,-0.09031713008880615,-0.02965790973510707,-0.13351242244243622,-0.07237976789474487,-0.024417461915874128,-0.11848598718643188,-0.056456685066223145,-0.018611736684107427,please
0.0,0.0,0.0,0.0029180049896240234,-0.09616595506668091,0.0027534390928209973,-0.007785916328430176,-0.17708510160446167,0.004234360730087872,-0.023344963788986206,-0.23329192399978638,0.003875313991493101,-0.03225439786911011,-0.2738836407661438,0.0021920110693187667,-0.05902203917503357,-0.19321423768997192,0.006119429798609133,-0.10259690880775452,-0.22157901525497437,0.0023135023320079995,-0.11440610885620117,-0.20622795820236206,-0.0030090543778626966,-0.11624377965927124,-0.19236284494400024,-0.00657559678536046,-0.07418832182884216,-0.15146726369857788,0.0007614626328447116,-0.12136951088905334,-0.181593656539917,-0.0005108116648173677,-0.13514494895935059,-0.1734136939048767,-0.0055543387180208015,-0.13756319880485535,-0.1626947522163391,-0.010493836166524773,-0.0832354724407196,-0.1034281849861145,-0.004615504561179762,-0.12750208377838135,-0.12858599424362183,-0.008155164109730606,-0.1408492475748062,-0.126653790473938,-0.009426276000404243,-0.14200341701507568,-0.1227879524230957,-0.010865662979149704,-0.08691272139549255,-0.05175131559371948,-0.009650253491663818,-0.1220058798789978,-0.06880158185958862,-0.012331300215983276,-0.13452503085136414,-0.06901097297668457,-0.009006672339701538,-0.13919959962368011,-0.06919270753860474,-0.005992199095153694,please
0.0,0.0,0.0,0.0029180049896240234,-0.09616595506668091,0.0027534390928209973,-0.007785916328430176,-0.17708510160446167,0.004234360730087872,-0.023344963788986206,-0.23329192399978638,0.003875313991493101,-0.03225439786911011,-0.2738836407661438,0.0021920110693187667,-0.05902203917503357,-0.19321423768997192,0.006119429798609133,-0.10259690880775452,-0.22157901525497437,0.0023135023320079995,-0.11440610885620117,-0.20622795820236206,-0.0030090543778626966,-0.11624377965927124,-0.19236284494400024,-0.00657559678536046,-0.07418832182884216,-0.15146726369857788,0.0007614626328447116,-0.12136951088905334,-0.181593656539917,-0.0005108116648173677,-0.13514494895935059,-0.1734136939048767,-0.0055543387180208015,-0.13756319880485535,-0.1626947522163391,-0.010493836166524773,-0.0832354724407196,-0.1034281849861145,-0.004615504561179762,-0.12750208377838135,-0.12858599424362183,-0.008155164109730606,-0.1408492475748062,-0.126653790473938,-0.009426276000404243,-0.14200341701507568,-0.1227879524230957,-0.010865662979149704,-0.08691272139549255,-0.05175131559371948,-0.009650253491663818,-0.1220058798789978,-0.06880158185958862,-0.012331300215983276,-0.13452503085136414,-0.06901097297668457,-0.009006672339701538,-0.13919959962368011,-0.06919270753860474,-0.005992199095153694,please
0.0,0.0,0.0,0.0029180049896240234,-0.09616595506668091,0.0027534390928209973,-0.007785916328430176,-0.17708510160446167,0.004234360730087872,-0.023344963788986206,-0.23329192399978638,0.003875313991493101,-0.03225439786911011,-0.2738836407661438,0.0021920110693187667,-0.05902203917503357,-0.19321423768997192,0.006119429798609133,-0.10259690880775452,-0.22157901525497437,0.0023135023320079995,-0.11440610885620117,-0.20622795820236206,-0.0030090543778626966,-0.11624377965927124,-0.19236284494400024,-0.00657559678536046,-0.07418832182884216,-0.15146726369857788,0.0007614626328447116,-0.12136951088905334,-0.181593656539917,-0.0005108116648173677,-0.13514494895935059,-0.1734136939048767,-0.0055543387180208015,-0.13756319880485535,-0.1626947522163391,-0.010493836166524773,-0.0832354724407196,-0.1034281849861145,-0.004615504561179762,-0.12750208377838135,-0.12858599424362183,-0.008155164109730606,-0.1408492475748062,-0.126653790473938,-0.009426276000404243,-0.14200341701507568,-0.1227879524230957,-0.010865662979149704,-0.08691272139549255,-0.05175131559371948,-0.009650253491663818,-0.1220058798789978,-0.06880158185958862,-0.012331300215983276,-0.13452503085136414,-0.06901097297668457,-0.009006672339701538,-0.13919959962368011,-0.06919270753860474,-0.005992199095153694,please
0.0,0.0,0.0,0.0020771026611328125,-0.08789932727813721,0.0027704956742837794,-0.007168084383010864,-0.1709645390510559,0.0035891482408061393,-0.021736711263656616,-0.22791719436645508,0.002430870969490684,-0.03070807456970215,-0.26790541410446167,0.0006684039404518671,-0.059697091579437256,-0.19928723573684692,0.004920985855804361,-0.1070851981639862,-0.218738853931427,-0.0012878760893926255,-0.10971614718437195,-0.1922735571861267,-0.006252827748014056,-0.0987505316734314,-0.17111414670944214,-0.008720007418943965,-0.07476100325584412,-0.16008365154266357,-0.0011919835082352392,-0.12810078263282776,-0.18388301134109497,-0.005431300188703858,-0.128097802400589,-0.16107016801834106,-0.007955630003763758,-0.11477527022361755,-0.14249831438064575,-0.009504262983156764,-0.08377689123153687,-0.11178123950958252,-0.0074308604666128986,-0.13545724749565125,-0.13157713413238525,-0.01441258999641093,-0.1330420970916748,-0.11211931705474854,-0.011836587145282351,-0.11742854118347168,-0.09839034080505371,-0.008887547693504416,-0.08794718980789185,-0.058949410915374756,-0.013297694429112994,-0.12853026390075684,-0.072604238986969,-0.019204244642807566,-0.12820687890052795,-0.06073808670043945,-0.01457544478709849,-0.11763766407966614,-0.05291152000427246,-0.008992080270601832,please
0.0,0.0,0.0,0.0020771026611328125,-0.08789932727813721,0.0027704956742837794,-0.007168084383010864,-0.1709645390510559,0.0035891482408061393,-0.021736711263656616,-0.22791719436645508,0.002430870969490684,-0.03070807456970215,-0.26790541410446167,0.0006684039404518671,-0.059697091579437256,-0.19928723573684692,0.004920985855804361,-0.1070851981639862,-0.218738853931427,-0.0012878760893926255,-0.10971614718437195,-0.1922735571861267,-0.006252827748014056,-0.0987505316734314,-0.17111414670944214,-0.008720007418943965,-0.07476100325584412,-0.16008365154266357,-0.0011919835082352392,-0.12810078263282776,-0.18388301134109497,-0.005431300188703858,-0.128097802400589,-0.16107016801834106,-0.007955630003763758,-0.11477527022361755,-0.14249831438064575,-0.009504262983156764,-0.08377689123153687,-0.11178123950958252,-0.0074308604666128986,-0.13545724749565125,-0.13157713413238525,-0.01441258999641093,-0.1330420970916748,-0.11211931705474854,-0.011836587145282351,-0.11742854118347168,-0.09839034080505371,-0.008887547693504416,-0.08794718980789185,-0.058949410915374756,-0.013297694429112994,-0.12853026390075684,-0.072604238986969,-0.019204244642807566,-0.12820687890052795,-0.06073808670043945,-0.01457544478709849,-0.11763766407966614,-0.05291152000427246,-0.008992080270601832,please
0.0,0.0,0.0,0.0073250532150268555,-0.08893990516662598,0.0013128915863660495,-0.0023153722286224365,-0.17082613706588745,-0.000908753153254338,-0.01655241847038269,-0.22779011726379395,-0.004606165358183034,-0.028243988752365112,-0.265137255191803,-0.008965688192603238,-0.04933318495750427,-0.2081669569015503,-0.0026435953502925713,-0.08812722563743591,-0.23927032947540283,-0.014456169114765771,-0.09115394949913025,-0.21544146537780762,-0.024469924525675424,-0.0832614004611969,-0.19055622816085815,-0.029804009379205354,-0.06820714473724365,-0.17155367136001587,-0.008873602741715558,-0.10981568694114685,-0.19574099779129028,-0.016030946181473382,-0.11185997724533081,-0.17441296577453613,-0.021959047199544557,-0.10144439339637756,-0.15633833408355713,-0.02662474046772445,-0.08087489008903503,-0.12182497978210449,-0.01500993072366441,-0.12119078636169434,-0.14311212301254272,-0.022343420789894708,-0.12231117486953735,-0.12786686420440674,-0.019738638208565362,-0.11066561937332153,-0.11623328924179077,-0.017706773610171922,-0.08759745955467224,-0.06555557250976562,-0.02086779046183551,-0.12287536263465881,-0.07818961143493652,-0.02422879393523658,-0.12240687012672424,-0.06834602355957031,-0.016722399176416047,-0.11226677894592285,-0.060648441314697266,-0.010052292042729505,please
0.0,0.0,0.0,0.003015965223312378,-0.096829354763031,0.005200418695025633,-0.007909953594207764,-0.17672580480575562,0.0066697337247063615,-0.020591288805007935,-0.22940075397491455,0.005564714833312223,-0.03093615174293518,-0.26911211013793945,0.0025293033618112304,-0.051777809858322144,-0.20510661602020264,0.0038167250390728213,-0.09579145908355713,-0.24349385499954224,-0.003006806778572013,-0.11332616209983826,-0.24610120058059692,-0.011090683233774712,-0.12215965986251831,-0.24845558404922485,-0.01679149497751098,-0.06478464603424072,-0.16953539848327637,-0.004438906391001751,-0.10914716124534607,-0.20309001207351685,-0.00825823232982259,-0.1271013617515564,-0.20737743377685547,-0.01477638673488002,-0.13613784313201904,-0.209894597530365,-0.020979419764913132,-0.07309049367904663,-0.12328749895095825,-0.012621039938963463,-0.11305513978004456,-0.14768463373184204,-0.016804978665746262,-0.13146018981933594,-0.15992355346679688,-0.01942632202509742,-0.14085853099822998,-0.1710735559463501,-0.02265576314631801,-0.07762312889099121,-0.0696144700050354,-0.020459186700023224,-0.1096487045288086,-0.0873071551322937,-0.023625160050428917,-0.12533217668533325,-0.09681731462478638,-0.021312976670301964,-0.13590145111083984,-0.10624325275421143,-0.019790020254291107,please
0.0,0.0,0.0,0.003015965223312378,-0.096829354763031,0.005200418695025633,-0.007909953594207764,-0.17672580480575562,0.0066697337247063615,-0.020591288805007935,-0.22940075397491455,0.005564714833312223,-0.03093615174293518,-0.26911211013793945,0.0025293033618112304,-0.051777809858322144,-0.20510661602020264,0.0038167250390728213,-0.09579145908355713,-0.24349385499954224,-0.003006806778572013,-0.11332616209983826,-0.24610120058059692,-0.011090683233774712,-0.12215965986251831,-0.24845558404922485,-0.01679149497751098,-0.06478464603424072,-0.16953539848327637,-0.004438906391001751,-0.10914716124534607,-0.20309001207351685,-0.00825823232982259,-0.1271013617515564,-0.20737743377685547,-0.01477638673488002,-0.13613784313201904,-0.209894597530365,-0.020979419764913132,-0.07309049367904663,-0.12328749895095825,-0.012621039938963463,-0.11305513978004456,-0.14768463373184204,-0.016804978665746262,-0.13146018981933594,-0.15992355346679688,-0.01942632202509742,-0.14085853099822998,-0.1710735559463501,-0.02265576314631801,-0.07762312889099121,-0.0696144700050354,-0.020459186700023224,-0.1096487045288086,-0.0873071551322937,-0.023625160050428917,-0.12533217668533325,-0.09681731462478638,-0.021312976670301964,-0.13590145111083984,-0.10624325275421143,-0.019790020254291107,please
0.0,0.0,0.0,0.0015077590942382812,-0.09265828132629395,0.002341263344092681,-0.008748292922973633,-0.1695324182510376,0.002550643285317733,-0.019616425037384033,-0.222933828830719,0.0007273853393741092,-0.030975788831710815,-0.265156090259552,-0.002591177938924716,-0.049568235874176025,-0.19597148895263672,0.002301658153115227,-0.08644261956214905,-0.23870575428009033,-0.004950786825688169,-0.10594111680984497,-0.2541855573654175,-0.013223375544370697,-0.11861932277679443,-0.2680962085723877,-0.01920699456375985,-0.06311851739883423,-0.16251850128173828,-0.004642010551364706,-0.10432589054107666,-0.20153582096099854,-0.0104968290556684,-0.1220228374004364,-0.21161288022994995,-0.017630958348931358,-0.13189256191253662,-0.2164396047592163,-0.023568191916169212,-0.07254034280776978,-0.118965744972229,-0.011907617912115143,-0.11105847358703613,-0.15106433629989624,-0.017496348709286735,-0.12950289249420166,-0.1671333909034729,-0.020299938857974098,-0.13988062739372253,-0.178722083568573,-0.022931755870999382,-0.0780106782913208,-0.06825864315032959,-0.019184622332872436,-0.10639071464538574,-0.0918683409690857,-0.023547598511399315,-0.12156572937965393,-0.10414087772369385,-0.022737118766130493,-0.1324700117111206,-0.11430001258850098,-0.021920941189350174,please
0.0,0.0,0.0,3.653764724731445e-05,-0.0885973572731018,0.003805051375103119,-0.012101829051971436,-0.16806381940841675,0.006295697813776258,-0.027768373489379883,-0.2213737964630127,0.006509585821923736,-0.041513025760650635,-0.25731831789016724,0.0050509744825930625,-0.06162717938423157,-0.18498879671096802,0.01233622669607115,-0.10447728633880615,-0.2117232084274292,0.0077851242887945205,-0.12081843614578247,-0.20435869693756104,-0.0003847351261256904,-0.12785722315311432,-0.19956374168395996,-0.006061504544767615,-0.07603245973587036,-0.1486324667930603,0.0056043961587519675,-0.11962345242500305,-0.17620611190795898,0.0028888483568252354,-0.1351901739835739,-0.17018890380859375,-0.005403707685026404,-0.1412036120891571,-0.16326618194580078,-0.012022072864773747,-0.08478003740310669,-0.10718280076980591,-0.0015329877576633066,-0.1252644807100296,-0.12943637371063232,-0.00575819932490873,-0.14067333936691284,-0.12905067205429077,-0.00875262678236055,-0.1453164666891098,-0.1278536319732666,-0.011018226338627812,-0.08810383081436157,-0.06053560972213745,-0.00852237683356094,-0.12320202589035034,-0.07362526655197144,-0.011304146094325063,-0.13493220508098602,-0.07272177934646606,-0.008307946330013749,-0.13916845619678497,-0.07291096448898315,-0.0055098961536614866,please
0.0,0.0,0.0,3.653764724731445e-05,-0.0885973572731018,0.003805051375103119,-0.012101829051971436,-0.16806381940841675,0.006295697813776258,-0.027768373489379883,-0.2213737964630127,0.006509585821923736,-0.041513025760650635,-0.25731831789016724,0.0050509744825930625,-0.06162717938423157,-0.18498879671096802,0.01233622669607115,-0.10447728633880615,-0.2117232084274292,0.0077851242887945205,-0.12081843614578247,-0.20435869693756104,-0.0003847351261256904,-0.12785722315311432,-0.19956374168395996,-0.006061504544767615,-0.07603245973587036,-0.1486324667930603,0.0056043961587519675,-0.11962345242500305,-0.17620611190795898,0.0028888483568252354,-0.1351901739835739,-0.17018890380859375,-0.005403707685026404,-0.1412036120891571,-0.16326618194580078,-0.012022072864773747,-0.08478003740310669,-0.10718280076980591,-0.0015329877576633066,-0.1252644807100296,-0.12943637371063232,-0.00575819932490873,-0.14067333936691284,-0.12905067205429077,-0.00875262678236055,-0.1453164666891098,-0.1278536319732666,-0.011018226338627812,-0.08810383081436157,-0.06053560972213745,-0.00852237683356094,-0.12320202589035034,-0.07362526655197144,-0.011304146094325063,-0.13493220508098602,-0.07272177934646606,-0.008307946330013749,-0.13916845619678497,-0.07291096448898315,-0.0055098961536614866,please
0.0,0.0,0.0,0.011516928672790527,-0.08861386775970459,0.0055975741407934265,0.003606468439102173,-0.16547459363937378,0.007649674050426825,-0.010002732276916504,-0.21554863452911377,0.0068924119397166805,-0.022060692310333252,-0.24822986125946045,0.005712645564145191,-0.04192844033241272,-0.20359766483306885,0.0139665677844647,-0.06797236204147339,-0.2251293659210205,0.006731416068888052,-0.065980464220047,-0.1978621482849121,-0.0036946477201666994,-0.05748507380485535,-0.17399853467941284,-0.010598246969365732,-0.06160798668861389,-0.17425692081451416,0.006541660025632723,-0.08897015452384949,-0.1897907257080078,0.00258222009792064,-0.08703139424324036,-0.1651412844657898,-0.006152175862425224,-0.07808449864387512,-0.1460452675819397,-0.013142649114215033,-0.07557997107505798,-0.1327609419822693,-0.0012685505506482286,-0.10148671269416809,-0.14736807346343994,-0.006403748441570656,-0.10073190927505493,-0.12664568424224854,-0.007511770382606642,-0.09262660145759583,-0.1118195652961731,-0.008669754520141737,-0.08351320028305054,-0.08559536933898926,-0.00862326662250723,-0.10760501027107239,-0.0914161205291748,-0.011277461454355375,-0.10691496729850769,-0.07515811920166016,-0.006398442696863071,-0.09998384118080139,-0.06479156017303467,-0.002162241639652507,please
0.0,0.0,0.0,0.010244518518447876,-0.09318459033966064,0.0031719286069602504,0.0030189454555511475,-0.1716894507408142,0.0049510303959579005,-0.00830066204071045,-0.22627276182174683,0.0048022581339211,-0.018856525421142578,-0.2664560079574585,0.0033934474066228404,-0.04816681146621704,-0.21056759357452393,0.006484585728529169,-0.08983674645423889,-0.2549586296081543,0.002095810750532223,-0.11100642383098602,-0.2761116623878479,-0.004910581830856131,-0.12513607740402222,-0.29585057497024536,-0.010441245596823023,-0.06254994869232178,-0.1739155650138855,-3.2780311968849674e-05,-0.10522231459617615,-0.21062010526657104,-0.002587101042237805,-0.11978401243686676,-0.21714705228805542,-0.007999389518019484,-0.12595081329345703,-0.22105294466018677,-0.013316946189817713,-0.07179191708564758,-0.12686115503311157,-0.006746222816374825,-0.10948675870895386,-0.15520840883255005,-0.010694732975181864,-0.12158524990081787,-0.16626250743865967,-0.011713638056036757,-0.12557142972946167,-0.172970712184906,-0.013191197153147982,-0.07627779245376587,-0.07440197467803955,-0.01344911110770397,-0.10587528347969055,-0.09708362817764282,-0.015826801855084227,-0.1164347231388092,-0.10866904258728027,-0.012720647353646086,-0.12186253070831299,-0.11570143699645996,-0.010384665887769984,please
0.0,0.0,0.0,0.010244518518447876,-0.09318459033966064,0.0031719286069602504,0.0030189454555511475,-0.1716894507408142,0.0049510303959579005,-0.00830066204071045,-0.22627276182174683,0.0048022581339211,-0.018856525421142578,-0.2664560079574585,0.0033934474066228404,-0.04816681146621704,-0.21056759357452393,0.006484585728529169,-0.08983674645423889,-0.2549586296081543,0.002095810750532223,-0.11100642383098602,-0.2761116623878479,-0.004910581830856131,-0.12513607740402222,-0.29585057497024536,-0.010441245596823023,-0.06254994869232178,-0.1739155650138855,-3.2780311968849674e-05,-0.10522231459617615,-0.21062010526657104,-0.002587101042237805,-0.11978401243686676,-0.21714705228805542,-0.007999389518019484,-0.12595081329345703,-0.22105294466018677,-0.013316946189817713,-0.07179191708564758,-0.12686115503311157,-0.006746222816374825,-0.10948675870895386,-0.15520840883255005,-0.010694732975181864,-0.12158524990081787,-0.16626250743865967,-0.011713638056036757,-0.12557142972946167,-0.172970712184906,-0.013191197153147982,-0.07627779245376587,-0.07440197467803955,-0.01344911110770397,-0.10587528347969055,-0.09708362817764282,-0.015826801855084227,-0.1164347231388092,-0.10866904258728027,-0.012720647353646086,-0.12186253070831299,-0.11570143699645996,-0.010384665887769984,please
0.0,0.0,0.0,0.016723960638046265,-0.07175719738006592,-0.004208993433721275,0.01807093620300293,-0.13987886905670166,-0.008649674976922483,0.009905815124511719,-0.19060653448104858,-0.014356085831977339,0.0035472214221954346,-0.22820734977722168,-0.020204467500306578,-0.03269192576408386,-0.19352227449417114,-0.0062139805282726,-0.06418636441230774,-0.23618435859680176,-0.021465217496015043,-0.06454050540924072,-0.20857679843902588,-0.03414677808687827,-0.05714431405067444,-0.18300896883010864,-0.041811570326544256,-0.05381232500076294,-0.16489160060882568,-0.011884140583433123,-0.08570903539657593,-0.19795680046081543,-0.024653522099114866,-0.08511561155319214,-0.1685824990272522,-0.0331682002048268,-0.07625962793827057,-0.14421653747558594,-0.03879509101317069,-0.06858912110328674,-0.12278228998184204,-0.018513358930803747,-0.0981673002243042,-0.1461423635482788,-0.032036647001959295,-0.09711793065071106,-0.12313270568847656,-0.03251164014146468,-0.08829592168331146,-0.10324835777282715,-0.03169359619424483,-0.07816912233829498,-0.0733301043510437,-0.025324789608575315,-0.10624027252197266,-0.08226478099822998,-0.035387456218458624,-0.1047590970993042,-0.06575167179107666,-0.031918693135239096,-0.09593895077705383,-0.05115002393722534,-0.02763779255256793,please
0.0,0.0,0.0,0.046440765261650085,-0.02277761697769165,-0.014326058790032903,0.09736938774585724,0.0014385581016540527,-0.0246491194664884,0.13593663275241852,0.04345482587814331,-0.03189924778038744,0.16051138937473297,0.08491164445877075,-0.03808712260419611,0.08283282816410065,0.0346599817276001,-0.033083416983430425,0.13239146769046783,0.10475009679794312,-0.0480627571194816,0.15893156826496124,0.14568322896957397,-0.053777825549190084,0.17600153386592865,0.17323166131973267,-0.055330612227265874,0.06198514997959137,0.07936286926269531,-0.03133918018633608,0.1156064122915268,0.15044409036636353,-0.04420086787635569,0.14441950619220734,0.1899498701095581,-0.04718409897381548,0.16293631494045258,0.21785378456115723,-0.048200540706460515,0.045092567801475525,0.12131345272064209,-0.02994382613891844,0.09582780301570892,0.18860095739364624,-0.041073576077764073,0.12495405972003937,0.22445344924926758,-0.0392371346204925,0.14506442844867706,0.2493664026260376,-0.0361955505757976,0.03430122137069702,0.15658408403396606,-0.02900112466508631,0.07590468227863312,0.21033519506454468,-0.037412479981725255,0.09918402135372162,0.239366352558136,-0.03505832375580553,0.11680199205875397,0.2579931616783142,-0.03139598341280703,please
0.0,0.0,0.0,0.046440765261650085,-0.02277761697769165,-0.014326058790032903,0.09736938774585724,0.0014385581016540527,-0.0246491194664884,0.13593663275241852,0.04345482587814331,-0.03189924778038744,0.16051138937473297,0.08491164445877075,-0.03808712260419611,0.08283282816410065,0.0346599817276001,-0.033083416983430425,0.13239146769046783,0.10475009679794312,-0.0480627571194816,0.15893156826496124,0.14568322896957397,-0.053777825549190084,0.17600153386592865,0.17323166131973267,-0.055330612227265874,0.06198514997959137,0.07936286926269531,-0.03133918018633608,0.1156064122915268,0.15044409036636353,-0.04420086787635569,0.14441950619220734,0.1899498701095581,-0.04718409897381548,0.16293631494045258,0.21785378456115723,-0.048200540706460515,0.045092567801475525,0.12131345272064209,-0.02994382613891844,0.09582780301570892,0.18860095739364624,-0.041073576077764073,0.12495405972003937,0.22445344924926758,-0.0392371346204925,0.14506442844867706,0.2493664026260376,-0.0361955505757976,0.03430122137069702,0.15658408403396606,-0.02900112466508631,0.07590468227863312,0.21033519506454468,-0.037412479981725255,0.09918402135372162,0.239366352558136,-0.03505832375580553,0.11680199205875397,0.2579931616783142,-0.03139598341280703,please
0.0,0.0,0.0,0.0024047493934631348,-0.08647269010543823,0.003673443556927225,-0.010463118553161621,-0.16285395622253418,0.003304237951688549,-0.024258345365524292,-0.21363747119903564,0.001004763865076086,-0.04066359996795654,-0.2406069040298462,-0.0023693775430544406,-0.06023797392845154,-0.18601667881011963,0.0001432583529279441,-0.09667161107063293,-0.20766085386276245,-0.007661056951455691,-0.10599520802497864,-0.19039785861968994,-0.014826635145418265,-0.1045384407043457,-0.173456609249115,-0.01933832211869202,-0.07360079884529114,-0.14438676834106445,-0.0069220408469661265,-0.11439985036849976,-0.16758179664611816,-0.01413370693551741,-0.1239633858203888,-0.15262091159820557,-0.0202972490944191,-0.1200876533985138,-0.13618147373199463,-0.024677981869153598,-0.08108386397361755,-0.09242624044418335,-0.013571387403480628,-0.11882534623146057,-0.1109808087348938,-0.02115994995909176,-0.13109731674194336,-0.10623377561569214,-0.022858538911513904,-0.13107368350028992,-0.10118043422698975,-0.023564688176684,-0.08265000581741333,-0.03622311353683472,-0.019550436422996142,-0.1134735643863678,-0.0450592041015625,-0.02510246193485699,-0.12614449858665466,-0.046467125415802,-0.02359651519434891,-0.13207408785820007,-0.04950004816055298,-0.02126705950575314,please
0.0,0.0,0.0,0.0011883974075317383,-0.08420318365097046,0.002877930968423925,-0.007097005844116211,-0.16019916534423828,0.0022492374734781606,-0.016890406608581543,-0.21258389949798584,-0.00028280200447738935,-0.027648836374282837,-0.24945229291915894,-0.004259749690646686,-0.05480104684829712,-0.18413788080215454,0.0010872663440011365,-0.09624254703521729,-0.21577924489974976,-0.00604306245466546,-0.11348992586135864,-0.2161780595779419,-0.014276124911958732,-0.12201490998268127,-0.21658015251159668,-0.019672769496793308,-0.06913509964942932,-0.14806997776031494,-0.005923083892668046,-0.11107620596885681,-0.1830819845199585,-0.00990934055542425,-0.12706905603408813,-0.18707352876663208,-0.01551613435393051,-0.13372427225112915,-0.18808776140213013,-0.02050572019314245,-0.07949772477149963,-0.10287845134735107,-0.012929679269547023,-0.1189129650592804,-0.1330166459083557,-0.016735266337747134,-0.1344306468963623,-0.14352935552597046,-0.017938551867956676,-0.1404971182346344,-0.15182596445083618,-0.01978255193924383,-0.0866507887840271,-0.05165046453475952,-0.019858188370818652,-0.11681264638900757,-0.07379049062728882,-0.022662911007756747,-0.12978270649909973,-0.0820956826210022,-0.019977323154563464,-0.1370997428894043,-0.08826398849487305,-0.01784422565495447,please
0.0,0.0,0.0,0.00832986831665039,-0.07781994342803955,0.001647381790661484,0.003999859094619751,-0.15287631750106812,0.002259069917471379,-0.0074443519115448,-0.20454275608062744,0.0014893138815921247,-0.017165929079055786,-0.2415580153465271,-0.000455831110031113,-0.0476970374584198,-0.182955801486969,0.0024472375900757015,-0.08574771881103516,-0.21683984994888306,-0.0024444723001408875,-0.10334837436676025,-0.22091436386108398,-0.008729366256176263,-0.11242860555648804,-0.223241925239563,-0.012757639071224958,-0.06516540050506592,-0.1481899619102478,-0.002528548609717518,-0.10341882705688477,-0.18661123514175415,-0.005340212160973579,-0.1177361011505127,-0.192624032497406,-0.00945645444679144,-0.12297862768173218,-0.19226312637329102,-0.012901934465645581,-0.0776296854019165,-0.10639393329620361,-0.007631007718174487,-0.11315339803695679,-0.140822172164917,-0.010745328521608144,-0.12667691707611084,-0.15137577056884766,-0.011430870412169725,-0.1315072774887085,-0.15582340955734253,-0.012259547269223958,-0.0875619649887085,-0.05827987194061279,-0.012739185845731527,-0.11623957753181458,-0.08524423837661743,-0.014467960825442105,-0.12759929895401,-0.09441304206848145,-0.011695967657743722,-0.1326541304588318,-0.09857797622680664,-0.009175440898417264,please
0.0,0.0,0.0,0.00832986831665039,-0.07781994342803955,0.001647381790661484,0.003999859094619751,-0.15287631750106812,0.002259069917471379,-0.0074443519115448,-0.20454275608062744,0.0014893138815921247,-0.017165929079055786,-0.2415580153465271,-0.000455831110031113,-0.0476970374584198,-0.182955801486969,0.0024472375900757015,-0.08574771881103516,-0.21683984994888306,-0.0024444723001408875,-0.10334837436676025,-0.22091436386108398,-0.008729366256176263,-0.11242860555648804,-0.223241925239563,-0.012757639071224958,-0.06516540050506592,-0.1481899619102478,-0.002528548609717518,-0.10341882705688477,-0.18661123514175415,-0.005340212160973579,-0.1177361011505127,-0.192624032497406,-0.00945645444679144,-0.12297862768173218,-0.19226312637329102,-0.012901934465645581,-0.0776296854019165,-0.10639393329620361,-0.007631007718174487,-0.11315339803695679,-0.140822172164917,-0.010745328521608144,-0.12667691707611084,-0.15137577056884766,-0.011430870412169725,-0.1315072774887085,-0.15582340955734253,-0.012259547269223958,-0.0875619649887085,-0.05827987194061279,-0.012739185845731527,-0.11623957753181458,-0.08524423837661743,-0.014467960825442105,-0.12759929895401,-0.09441304206848145,-0.011695967657743722,-0.1326541304588318,-0.09857797622680664,-0.009175440898417264,please
0.0,0.0,0.0,0.018476665019989014,-0.08166402578353882,-0.0003950513273167644,0.01813456416130066,-0.16380470991134644,-0.0026847581102202867,0.010195791721343994,-0.21847373247146606,-0.006598163228730414,0.004056096076965332,-0.26035839319229126,-0.010830034334460947,-0.04184305667877197,-0.22162824869155884,-0.0025690929687272046,-0.07770368456840515,-0.24606043100357056,-0.012404634449879381,-0.0715918242931366,-0.20964354276657104,-0.021832698788742277,-0.05951330065727234,-0.1832585334777832,-0.027668542992572043,-0.06226474046707153,-0.18751764297485352,-0.008350302297870371,-0.09658913314342499,-0.20685505867004395,-0.013961094264189455,-0.08647939562797546,-0.17325359582901,-0.018989289012054655,-0.07139116525650024,-0.14594316482543945,-0.023422233592967245,-0.0753343403339386,-0.13780540227890015,-0.014227327723304484,-0.10792359709739685,-0.15840929746627808,-0.02269556729147837,-0.09658575057983398,-0.13124966621398926,-0.022176457401613447,-0.08046671748161316,-0.10696369409561157,-0.021611690353850577,-0.08289459347724915,-0.08286875486373901,-0.019801107999185774,-0.111795574426651,-0.09653699398040771,-0.027178700845936987,-0.10312163829803467,-0.07905304431915283,-0.023164631631473753,-0.08973875641822815,-0.061697959899902344,-0.018670277502636168,please
0.0,0.0,0.0,-0.00046813488006591797,-0.09505999088287354,0.0010129312499316256,-0.0156724750995636,-0.1747739315032959,0.0004802720135899108,-0.033327460289001465,-0.2290818691253662,-0.002989846726052292,-0.04486978054046631,-0.2719780206680298,-0.007895733674160965,-0.060633957386016846,-0.1994045376777649,0.009968908990629188,-0.10264810919761658,-0.23533207178115845,0.0007122929304728132,-0.11742204427719116,-0.22554898262023926,-0.01023815057902766,-0.12230619788169861,-0.21958470344543457,-0.01761588591813279,-0.07295602560043335,-0.16329938173294067,0.0025301201016532104,-0.1160832941532135,-0.1956576704978943,-0.004701605045340784,-0.13005930185317993,-0.18444693088531494,-0.014998303239337929,-0.1340675950050354,-0.17624181509017944,-0.022724752758733757,-0.07960262894630432,-0.12086230516433716,-0.006078427636168726,-0.12006956338882446,-0.14463967084884644,-0.01440652597426606,-0.1343154013156891,-0.13803815841674805,-0.018589743857376106,-0.13773739337921143,-0.13383841514587402,-0.021305636947147377,-0.08221599459648132,-0.0741732120513916,-0.014773952287725933,-0.11828744411468506,-0.08796817064285278,-0.02079784821449948,-0.1290438175201416,-0.08297836780548096,-0.019114255418173798,-0.13170063495635986,-0.079811692237854,-0.01710253905235959,please
0.0,0.0,0.0,-0.006691962480545044,-0.10119843482971191,0.006143703997537386,-0.0234391987323761,-0.17683011293411255,0.009290441811486971,-0.039372801780700684,-0.22351425886154175,0.009506029017671835,-0.056852638721466064,-0.2573243975639343,0.00782177591364075,-0.06459954380989075,-0.18224120140075684,0.012761231452628863,-0.10711610317230225,-0.20575261116027832,0.00615713739435364,-0.13052698969841003,-0.20693647861480713,-0.004069371673807609,-0.14753931760787964,-0.20780277252197266,-0.01135380013246845,-0.07228657603263855,-0.14529633522033691,0.004032739844575417,-0.11701920628547668,-0.16655701398849487,-0.0007730274238326729,-0.14331799745559692,-0.16911935806274414,-0.011564669258490312,-0.16294369101524353,-0.16758036613464355,-0.020580499492183435,-0.07589387893676758,-0.10168558359146118,-0.005166590738639343,-0.11708644032478333,-0.11880898475646973,-0.010279792420163858,-0.14528021216392517,-0.12660664319992065,-0.016215710959926355,-0.16519930958747864,-0.13079839944839478,-0.021336204431548822,-0.0747261643409729,-0.05131298303604126,-0.014077145665481794,-0.11151939630508423,-0.059336721897125244,-0.01905962365080427,-0.13428503274917603,-0.06357061862945557,-0.01944668317545961,-0.15289732813835144,-0.06983226537704468,-0.019579012937441576,please
0.0,0.0,0.0,0.0009920299053192139,-0.09289366006851196,0.004144925846006231,-0.007761359214782715,-0.17040514945983887,0.005555879080887394,-0.01614430546760559,-0.2264622449874878,0.004436596518601732,-0.028561264276504517,-0.26466143131256104,0.0024168381823557183,-0.05613070726394653,-0.19201087951660156,0.007477954251911001,-0.09762752056121826,-0.2328435778617859,0.0020611989202308223,-0.11207851767539978,-0.23626691102981567,-0.004693634120528145,-0.11737698316574097,-0.2370496392250061,-0.008767915667746706,-0.07068663835525513,-0.15833032131195068,0.0006318337872954771,-0.11449909210205078,-0.20079952478408813,-0.0025466096231383517,-0.12766927480697632,-0.20611447095870972,-0.007333021389101191,-0.13054069876670837,-0.20497256517410278,-0.011181644873474283,-0.08151331543922424,-0.11658471822738647,-0.00658149762243454,-0.12170490622520447,-0.15304797887802124,-0.00908865571186368,-0.1353929042816162,-0.1637548804283142,-0.008852209673975153,-0.13860325515270233,-0.16869187355041504,-0.009108143636737509,-0.08882319927215576,-0.06903773546218872,-0.013880893366192026,-0.12103322148323059,-0.09868127107620239,-0.014583318272386236,-0.1333080530166626,-0.10935026407241821,-0.010754216240499659,-0.13862600922584534,-0.1151769757270813,-0.00757593406528656,please
0.0,0.0,0.0,0.009938031435012817,-0.08261752128601074,-0.00014626497940639638,0.004081010818481445,-0.15986961126327515,0.00040386810943005,-0.001726388931274414,-0.2113884687423706,-0.0007859805897112437,-0.011814296245574951,-0.25175970792770386,-0.002991410188400323,-0.05240306258201599,-0.20293259620666504,0.0036919000725958995,-0.09265768527984619,-0.2489796280860901,-0.0030828416180099794,-0.1148248016834259,-0.2740488648414612,-0.011021085066744263,-0.13048449158668518,-0.29632365703582764,-0.01704038398528951,-0.06650641560554504,-0.1689687967300415,-0.0021594909318025657,-0.10690575838088989,-0.20309889316558838,-0.007596712542721207,-0.1133444607257843,-0.20099961757659912,-0.012952472066530163,-0.11135610938072205,-0.19713634252548218,-0.017513311451324398,-0.07602584362030029,-0.12249946594238281,-0.008782330883690292,-0.11174255609512329,-0.15129762887954712,-0.015446146933385307,-0.11746649444103241,-0.1541881561279297,-0.015540168603905613,-0.11589905619621277,-0.1548442244529724,-0.015802445804723675,-0.08235269784927368,-0.06989336013793945,-0.015811839124211247,-0.11124348640441895,-0.09061050415039062,-0.020165908133634503,-0.11863619089126587,-0.09674841165542603,-0.01718211451733964,-0.1204080879688263,-0.09869039058685303,-0.014678318036743576,please
0.0,0.0,0.0,0.0008812546730041504,-0.08363258838653564,0.003922299640969129,-0.00855708122253418,-0.15844982862472534,0.0037642842352099137,-0.021915078163146973,-0.20914345979690552,0.0017104195857129412,-0.03476858139038086,-0.2413652539253235,-0.002288622855424194,-0.05862578749656677,-0.17207860946655273,-2.7326451466080925e-05,-0.10639779269695282,-0.20471638441085815,-0.006710516129835753,-0.1247301697731018,-0.20322299003601074,-0.012841592849447636,-0.13067717850208282,-0.19861185550689697,-0.0162456653353118,-0.0751962959766388,-0.1383146047592163,-0.00695801789800754,-0.12620863318443298,-0.1761770248413086,-0.011593627118720917,-0.1388826221227646,-0.16911303997039795,-0.015435886875941662,-0.13851326704025269,-0.15854758024215698,-0.01834686689938536,-0.08679741621017456,-0.09706568717956543,-0.013445612349762825,-0.13528692722320557,-0.1333490014076233,-0.018370077320589928,-0.1446947455406189,-0.1285635232925415,-0.016576590323104767,-0.14108064770698547,-0.1204613447189331,-0.015140701391949563,-0.09477487206459045,-0.05101168155670166,-0.019470233776822,-0.1344926655292511,-0.08074235916137695,-0.022640364551200776,-0.1418435424566269,-0.08016902208328247,-0.017305365138902573,-0.13948646187782288,-0.07555520534515381,-0.0123915461164259,please
0.0,0.0,0.0,0.0008812546730041504,-0.08363258838653564,0.003922299640969129,-0.00855708122253418,-0.15844982862472534,0.0037642842352099137,-0.021915078163146973,-0.20914345979690552,0.0017104195857129412,-0.03476858139038086,-0.2413652539253235,-0.002288622855424194,-0.05862578749656677,-0.17207860946655273,-2.7326451466080925e-05,-0.10639779269695282,-0.20471638441085815,-0.006710516129835753,-0.1247301697731018,-0.20322299003601074,-0.012841592849447636,-0.13067717850208282,-0.19861185550689697,-0.0162456653353118,-0.0751962959766388,-0.1383146047592163,-0.00695801789800754,-0.12620863318443298,-0.1761770248413086,-0.011593627118720917,-0.1388826221227646,-0.16911303997039795,-0.015435886875941662,-0.13851326704025269,-0.15854758024215698,-0.01834686689938536,-0.08679741621017456,-0.09706568717956543,-0.013445612349762825,-0.13528692722320557,-0.1333490014076233,-0.018370077320589928,-0.1446947455406189,-0.1285635232925415,-0.016576590323104767,-0.14108064770698547,-0.1204613447189331,-0.015140701391949563,-0.09477487206459045,-0.05101168155670166,-0.019470233776822,-0.1344926655292511,-0.08074235916137695,-0.022640364551200776,-0.1418435424566269,-0.08016902208328247,-0.017305365138902573,-0.13948646187782288,-0.07555520534515381,-0.0123915461164259,please
0.0,0.0,0.0,-0.004334926605224609,-0.08470487594604492,0.004236981942568718,-0.015132814645767212,-0.15768975019454956,0.005697105749760567,-0.027294248342514038,-0.21081072092056274,0.004989197681908308,-0.04362168908119202,-0.2304040789604187,0.0029318097226962436,-0.06492292881011963,-0.1818212866783142,0.0023881511010870327,-0.10921147465705872,-0.22067159414291382,-0.004203762654896082,-0.12841039896011353,-0.2094784379005432,-0.010550278034742178,-0.13452911376953125,-0.19616913795471191,-0.014235289563174547,-0.07825484871864319,-0.1459028124809265,-0.003914876171137394,-0.13007155060768127,-0.18136024475097656,-0.00860777942531854,-0.14495790004730225,-0.16918134689331055,-0.012129141744907201,-0.1448701024055481,-0.15418225526809692,-0.014950922486121954,-0.08728858828544617,-0.1004096269607544,-0.010163644124503435,-0.13815709948539734,-0.12851709127426147,-0.014972181786532701,-0.15069936215877533,-0.12249445915222168,-0.014733738061721624,-0.1487916111946106,-0.11293429136276245,-0.01465814353966266,-0.09299293160438538,-0.050720155239105225,-0.01610375547849685,-0.13308751583099365,-0.07240384817123413,-0.018996285070414842,-0.14434543251991272,-0.0724683403968811,-0.0159659439518407,-0.1444927155971527,-0.06990265846252441,-0.013224396650429071,please
0.0,0.0,0.0,-0.0001665055751800537,-0.07564908266067505,0.0014859193096867784,-0.013271421194076538,-0.14630407094955444,0.0011998969920909985,-0.028066307306289673,-0.193539559841156,-0.0009463904798963085,-0.04124855995178223,-0.21592724323272705,-0.004384045177232565,-0.06131812930107117,-0.1712111234664917,-0.0031521245046519653,-0.1072874665260315,-0.206687331199646,-0.0129538883130067,-0.12018406391143799,-0.1954140067100525,-0.01980816541714603,-0.11974763870239258,-0.18084055185317993,-0.023154932693671526,-0.072917640209198,-0.13247191905975342,-0.009407788203191103,-0.123801589012146,-0.16814565658569336,-0.018262847946118654,-0.1344844400882721,-0.15502077341079712,-0.02190465076370174,-0.12994977831840515,-0.1382700800895691,-0.023557044253777804,-0.08059832453727722,-0.08429950475692749,-0.01593816621704036,-0.12712585926055908,-0.11636561155319214,-0.025879118279647173,-0.13928669691085815,-0.11158841848373413,-0.02572964100642139,-0.13772490620613098,-0.1028207540512085,-0.02390877871317798,-0.08567428588867188,-0.03071892261505127,-0.02210705696148807,-0.12318399548530579,-0.05513519048690796,-0.029315419183205904,-0.13524585962295532,-0.05630326271057129,-0.027159887985419573,-0.13773512840270996,-0.05325436592102051,-0.0238263827423566,please
0.0,0.0,0.0,-0.0001665055751800537,-0.07564908266067505,0.0014859193096867784,-0.013271421194076538,-0.14630407094955444,0.0011998969920909985,-0.028066307306289673,-0.193539559841156,-0.0009463904798963085,-0.04124855995178223,-0.21592724323272705,-0.004384045177232565,-0.06131812930107117,-0.1712111234664917,-0.0031521245046519653,-0.1072874665260315,-0.206687331199646,-0.0129538883130067,-0.12018406391143799,-0.1954140067100525,-0.01980816541714603,-0.11974763870239258,-0.18084055185317993,-0.023154932693671526,-0.072917640209198,-0.13247191905975342,-0.009407788203191103,-0.123801589012146,-0.16814565658569336,-0.018262847946118654,-0.1344844400882721,-0.15502077341079712,-0.02190465076370174,-0.12994977831840515,-0.1382700800895691,-0.023557044253777804,-0.08059832453727722,-0.08429950475692749,-0.01593816621704036,-0.12712585926055908,-0.11636561155319214,-0.025879118279647173,-0.13928669691085815,-0.11158841848373413,-0.02572964100642139,-0.13772490620613098,-0.1028207540512085,-0.02390877871317798,-0.08567428588867188,-0.03071892261505127,-0.02210705696148807,-0.12318399548530579,-0.05513519048690796,-0.029315419183205904,-0.13524585962295532,-0.05630326271057129,-0.027159887985419573,-0.13773512840270996,-0.05325436592102051,-0.0238263827423566,please
0.0,0.0,0.0,-0.0013371706008911133,-0.08277207612991333,0.0018453706402539183,-0.013843894004821777,-0.15528768301010132,-0.0007973057686143648,-0.02748158574104309,-0.2025201916694641,-0.005622040236161752,-0.03811869025230408,-0.23815900087356567,-0.011342966684864564,-0.06519860029220581,-0.18421489000320435,-0.005991462373899026,-0.1261512041091919,-0.20870202779769897,-0.01998646626041989,-0.1299281120300293,-0.18368208408355713,-0.028573612438307805,-0.11672374606132507,-0.1634993553161621,-0.03231176243888001,-0.078101247549057,-0.1491793394088745,-0.013542524294720693,-0.13774287700653076,-0.17856895923614502,-0.025538299919830365,-0.13528257608413696,-0.1482444405555725,-0.028452872054444356,-0.11775541305541992,-0.12810975313186646,-0.029312521906362576,-0.08594569563865662,-0.10400915145874023,-0.021204567270146413,-0.14312294125556946,-0.13377779722213745,-0.03382817165719132,-0.1396048665046692,-0.10669910907745361,-0.02910164998637299,-0.12122899293899536,-0.08992117643356323,-0.023875216709242864,-0.090420663356781,-0.05241936445236206,-0.0284892178492413,-0.13617202639579773,-0.07758790254592896,-0.03815788658128838,-0.13367360830307007,-0.060653626918792725,-0.03224995614753823,-0.11828550696372986,-0.045407891273498535,-0.02541655929552178,please
0.0,0.0,0.0,0.000930488109588623,-0.0784406065940857,0.006687106530563369,-0.006363242864608765,-0.15074127912521362,0.009805327712939516,-0.018551409244537354,-0.201704204082489,0.010988014250443712,-0.029528915882110596,-0.2341802716255188,0.011062775238798395,-0.06462407112121582,-0.18297624588012695,0.0037830676542682795,-0.11380511522293091,-0.20330291986465454,0.0008016970482742636,-0.12647205591201782,-0.1801890730857849,-0.0005454201941290648,-0.12445750832557678,-0.16208875179290771,-0.0008658576166169496,-0.08010876178741455,-0.14940840005874634,-0.002807977410583362,-0.13201910257339478,-0.1804211139678955,-0.007628034834368691,-0.13689857721328735,-0.15006804466247559,-0.006517780978782639,-0.12690389156341553,-0.12618118524551392,-0.00431442171017693,-0.08995664119720459,-0.10769987106323242,-0.008578643702520594,-0.1396874189376831,-0.13551777601242065,-0.016225438133432135,-0.13971593976020813,-0.10822921991348267,-0.011205926105930075,-0.1256731152534485,-0.08782958984375,-0.005362147033764586,-0.09583726525306702,-0.05946683883666992,-0.013369221740020976,-0.13522130250930786,-0.08456945419311523,-0.018394248128487334,-0.1350754201412201,-0.06784552335739136,-0.01160335590745376,-0.12296062707901001,-0.052389681339263916,-0.004191843361212477,please
0.0,0.0,0.0,0.000930488109588623,-0.0784406065940857,0.006687106530563369,-0.006363242864608765,-0.15074127912521362,0.009805327712939516,-0.018551409244537354,-0.201704204082489,0.010988014250443712,-0.029528915882110596,-0.2341802716255188,0.011062775238798395,-0.06462407112121582,-0.18297624588012695,0.0037830676542682795,-0.11380511522293091,-0.20330291986465454,0.0008016970482742636,-0.12647205591201782,-0.1801890730857849,-0.0005454201941290648,-0.12445750832557678,-0.16208875179290771,-0.0008658576166169496,-0.08010876178741455,-0.14940840005874634,-0.002807977410583362,-0.13201910257339478,-0.1804211139678955,-0.007628034834368691,-0.13689857721328735,-0.15006804466247559,-0.006517780978782639,-0.12690389156341553,-0.12618118524551392,-0.00431442171017693,-0.08995664119720459,-0.10769987106323242,-0.008578643702520594,-0.1396874189376831,-0.13551777601242065,-0.016225438133432135,-0.13971593976020813,-0.10822921991348267,-0.011205926105930075,-0.1256731152534485,-0.08782958984375,-0.005362147033764586,-0.09583726525306702,-0.05946683883666992,-0.013369221740020976,-0.13522130250930786,-0.08456945419311523,-0.018394248128487334,-0.1350754201412201,-0.06784552335739136,-0.01160335590745376,-0.12296062707901001,-0.052389681339263916,-0.004191843361212477,please
0.0,0.0,0.0,0.005020409822463989,-0.07586342096328735,0.0024940281389973507,-0.0017955899238586426,-0.1494552493095398,0.0032144652894459114,-0.013775885105133057,-0.20278728008270264,0.0031184419738821134,-0.02456989884376526,-0.2371177077293396,0.0015239410084433302,-0.054035454988479614,-0.18003058433532715,-0.0027493945573695555,-0.10411247611045837,-0.20706909894943237,-0.006840121398610677,-0.12103015184402466,-0.19166207313537598,-0.009327329627168979,-0.12479701638221741,-0.17543673515319824,-0.01029796798427185,-0.0697808563709259,-0.14812171459197998,-0.007246780606848802,-0.12212789058685303,-0.18149346113204956,-0.010063108920050468,-0.13200849294662476,-0.15914058685302734,-0.010170427082968558,-0.12799710035324097,-0.13779008388519287,-0.010010659626615848,-0.08080980181694031,-0.10822290182113647,-0.010915651849401797,-0.13030225038528442,-0.13705992698669434,-0.015886810540152396,-0.13503026962280273,-0.11692178249359131,-0.011949301629258002,-0.12650567293167114,-0.0988306999206543,-0.008144349723053779,-0.08849501609802246,-0.06153184175491333,-0.014050591668976153,-0.1258087456226349,-0.08647602796554565,-0.0176929057826527,-0.12921351194381714,-0.074118971824646,-0.011436759426189269,-0.12268289923667908,-0.06146448850631714,-0.00492279224742731,please
0.0,0.0,0.0,0.003031313419342041,-0.07917022705078125,0.006614725937083676,-0.003957211971282959,-0.15152180194854736,0.009354943775520042,-0.016679048538208008,-0.20487749576568604,0.010516972646996692,-0.02671957015991211,-0.23949486017227173,0.010327866666898444,-0.05903467535972595,-0.18647974729537964,0.0017278478647995144,-0.10901284217834473,-0.21151548624038696,-0.0014433386801329107,-0.12583795189857483,-0.1924060583114624,-0.0030980644347664565,-0.12838149070739746,-0.1746423840522766,-0.0034902234161791057,-0.07508701086044312,-0.1535544991493225,-0.004177727836236045,-0.12744766473770142,-0.1861920952796936,-0.007287430211022183,-0.1359158158302307,-0.15895581245422363,-0.006105866382881686,-0.12935727834701538,-0.1369646191596985,-0.004750477715447232,-0.08608207106590271,-0.11310476064682007,-0.009087619937076852,-0.13537994027137756,-0.14269322156906128,-0.014567960619046971,-0.13872030377388,-0.11848211288452148,-0.00976970475824146,-0.12780365347862244,-0.09862536191940308,-0.004977996560796782,-0.09354302287101746,-0.06647557020187378,-0.01305786297382383,-0.13127809762954712,-0.09384870529174805,-0.016317730403557107,-0.13460510969161987,-0.08068114519119263,-0.009628885990991876,-0.1265527606010437,-0.0679594874382019,-0.0028443987081345767,please
0.0,0.0,0.0,0.003031313419342041,-0.07917022705078125,0.006614725937083676,-0.003957211971282959,-0.15152180194854736,0.009354943775520042,-0.016679048538208008,-0.20487749576568604,0.010516972646996692,-0.02671957015991211,-0.23949486017227173,0.010327866666898444,-0.05903467535972595,-0.18647974729537964,0.0017278478647995144,-0.10901284217834473,-0.21151548624038696,-0.0014433386801329107,-0.12583795189857483,-0.1924060583114624,-0.0030980644347664565,-0.12838149070739746,-0.1746423840522766,-0.0034902234161791057,-0.07508701086044312,-0.1535544991493225,-0.004177727836236045,-0.12744766473770142,-0.1861920952796936,-0.007287430211022183,-0.1359158158302307,-0.15895581245422363,-0.006105866382881686,-0.12935727834701538,-0.1369646191596985,-0.004750477715447232,-0.08608207106590271,-0.11310476064682007,-0.009087619937076852,-0.13537994027137756,-0.14269322156906128,-0.014567960619046971,-0.13872030377388,-0.11848211288452148,-0.00976970475824146,-0.12780365347862244,-0.09862536191940308,-0.004977996560796782,-0.09354302287101746,-0.06647557020187378,-0.01305786297382383,-0.13127809762954712,-0.09384870529174805,-0.016317730403557107,-0.13460510969161987,-0.08068114519119263,-0.009628885990991876,-0.1265527606010437,-0.0679594874382019,-0.0028443987081345767,please
0.0,0.0,0.0,0.005170613527297974,-0.07540476322174072,0.00394127180740611,-0.001522660255432129,-0.148484468460083,0.006580580379221601,-0.01549425721168518,-0.19956976175308228,0.0076910572865642735,-0.026026368141174316,-0.2333870530128479,0.007695924378339214,-0.05926710367202759,-0.17935770750045776,0.0037143271224238106,-0.1061614453792572,-0.20472651720046997,0.00042550388431550346,-0.11915123462677002,-0.18745481967926025,-0.002188857757147389,-0.11870807409286499,-0.17212557792663574,-0.003331027571704226,-0.07634317874908447,-0.14594876766204834,-0.0012891234323717526,-0.12521013617515564,-0.17848259210586548,-0.004712255783971386,-0.13148954510688782,-0.1542435884475708,-0.005020033680494862,-0.1231350302696228,-0.13340914249420166,-0.004313840643163758,-0.08747228980064392,-0.10616296529769897,-0.0058289697585962585,-0.1339489221572876,-0.13629209995269775,-0.011662460975941258,-0.13573139905929565,-0.1150701642036438,-0.007878736705180245,-0.12331211566925049,-0.09658348560333252,-0.0034172228729687504,-0.09471333026885986,-0.060716331005096436,-0.009818308167751866,-0.13178563117980957,-0.08702367544174194,-0.013805293590422707,-0.1336744725704193,-0.07601898908615112,-0.00786827143340929,-0.12381833791732788,-0.0640571117401123,-0.001283945046026247,please
0.0,0.0,0.0,0.0019330084323883057,-0.08275294303894043,0.006638841150049757,-0.00489923357963562,-0.152197003364563,0.008752479595784735,-0.01733309030532837,-0.20350265502929688,0.009028526400868486,-0.02765241265296936,-0.23908114433288574,0.007983480026666712,-0.05973979830741882,-0.18731915950775146,0.000638920900598805,-0.11037677526473999,-0.2086116075515747,-0.0020445625710294735,-0.12073194980621338,-0.1860695481300354,-0.0034123233932064068,-0.11702966690063477,-0.16890978813171387,-0.004088306887354065,-0.07627922296524048,-0.15347427129745483,-0.005865189800317694,-0.12829598784446716,-0.18360280990600586,-0.008600892121251036,-0.13290736079216003,-0.15491855144500732,-0.0076403218268410455,-0.12326931953430176,-0.13278603553771973,-0.006947874645049978,-0.0869336724281311,-0.11104142665863037,-0.011127971666212488,-0.1372431516647339,-0.1405600905418396,-0.017019984865839888,-0.1373218595981598,-0.11428320407867432,-0.01260315495943587,-0.12368416786193848,-0.0939708948135376,-0.008615821222122122,-0.09353917837142944,-0.06312394142150879,-0.01538731306260388,-0.1314442753791809,-0.08589839935302734,-0.02024815752571385,-0.13145655393600464,-0.07007813453674316,-0.014123635920043398,-0.12053346633911133,-0.05565828084945679,-0.007780448155756403,please
0.0,0.0,0.0,0.0019330084323883057,-0.08275294303894043,0.006638841150049757,-0.00489923357963562,-0.152197003364563,0.008752479595784735,-0.01733309030532837,-0.20350265502929688,0.009028526400868486,-0.02765241265296936,-0.23908114433288574,0.007983480026666712,-0.05973979830741882,-0.18731915950775146,0.000638920900598805,-0.11037677526473999,-0.2086116075515747,-0.0020445625710294735,-0.12073194980621338,-0.1860695481300354,-0.0034123233932064068,-0.11702966690063477,-0.16890978813171387,-0.004088306887354065,-0.07627922296524048,-0.15347427129745483,-0.005865189800317694,-0.12829598784446716,-0.18360280990600586,-0.008600892121251036,-0.13290736079216003,-0.15491855144500732,-0.0076403218268410455,-0.12326931953430176,-0.13278603553771973,-0.006947874645049978,-0.0869336724281311,-0.11104142665863037,-0.011127971666212488,-0.1372431516647339,-0.1405600905418396,-0.017019984865839888,-0.1373218595981598,-0.11428320407867432,-0.01260315495943587,-0.12368416786193848,-0.0939708948135376,-0.008615821222122122,-0.09353917837142944,-0.06312394142150879,-0.01538731306260388,-0.1314442753791809,-0.08589839935302734,-0.02024815752571385,-0.13145655393600464,-0.07007813453674316,-0.014123635920043398,-0.12053346633911133,-0.05565828084945679,-0.007780448155756403,please
0.0,0.0,0.0,0.006418287754058838,-0.0793561339378357,0.0013205616613305438,0.00047916173934936523,-0.1547519564628601,0.0018549308059192526,-0.011674880981445312,-0.20690590143203735,0.001688701717128538,-0.02492690086364746,-0.23937112092971802,5.39952482370154e-06,-0.04709547758102417,-0.17879122495651245,-0.005892137613201953,-0.09334084391593933,-0.21212762594223022,-0.012279264245236732,-0.1133137047290802,-0.20615994930267334,-0.016162802081609584,-0.12259948253631592,-0.1970142126083374,-0.018006114836836673,-0.06093761324882507,-0.14595478773117065,-0.010774636257494308,-0.11111220717430115,-0.18517351150512695,-0.016056698363328792,-0.12711262702941895,-0.17368954420089722,-0.01803494485845647,-0.12961488962173462,-0.1578385829925537,-0.019086085807586528,-0.07015445828437805,-0.10511088371276855,-0.015069475013817168,-0.11908078193664551,-0.139227032661438,-0.02184719833364568,-0.13194841146469116,-0.12891703844070435,-0.020166511263752795,-0.13102185726165771,-0.11603981256484985,-0.01781129146745286,-0.07541540265083313,-0.05728811025619507,-0.01899419220914922,-0.11277765035629272,-0.0783681869506836,-0.024799248751307346,-0.12599557638168335,-0.07749438285827637,-0.021735555108691074,-0.12978309392929077,-0.0745590329170227,-0.0175898229592093,please
0.0,0.0,0.0,0.005950361490249634,-0.082023024559021,0.006954548733318688,-0.0008559823036193848,-0.15526503324508667,0.01038624704071367,-0.012812972068786621,-0.20880532264709473,0.012237108165408017,-0.02281278371810913,-0.24271166324615479,0.012504306474710347,-0.05570831894874573,-0.18905991315841675,0.0018561267918073554,-0.10474485158920288,-0.21483612060546875,-0.00010916655608639303,-0.11984407901763916,-0.19786465167999268,-0.0011259586624703388,-0.12208187580108643,-0.18264234066009521,-0.0015914198318398576,-0.0723128616809845,-0.1560366153717041,-0.004198696611439345,-0.12344381213188171,-0.1899966597557068,-0.006124413253729699,-0.13113996386528015,-0.1632041335105896,-0.005139774790023921,-0.12476333975791931,-0.1406189203262329,-0.0044113832134655695,-0.08331966400146484,-0.11564052104949951,-0.009051534494375346,-0.13103267550468445,-0.14759540557861328,-0.014257596952830909,-0.1330851912498474,-0.12317401170730591,-0.01020350508204615,-0.12202537059783936,-0.1020556092262268,-0.006250787207846997,-0.0906217098236084,-0.06911301612854004,-0.012875558024262546,-0.12660828232765198,-0.09537005424499512,-0.017300463428711055,-0.1284886598587036,-0.08202648162841797,-0.01157983314058697,-0.12007603049278259,-0.06865799427032471,-0.005416490284716247,please
0.0,0.0,0.0,0.005950361490249634,-0.082023024559021,0.006954548733318688,-0.0008559823036193848,-0.15526503324508667,0.01038624704071367,-0.012812972068786621,-0.20880532264709473,0.012237108165408017,-0.02281278371810913,-0.24271166324615479,0.012504306474710347,-0.05570831894874573,-0.18905991315841675,0.0018561267918073554,-0.10474485158920288,-0.21483612060546875,-0.00010916655608639303,-0.11984407901763916,-0.19786465167999268,-0.0011259586624703388,-0.12208187580108643,-0.18264234066009521,-0.0015914198318398576,-0.0723128616809845,-0.1560366153717041,-0.004198696611439345,-0.12344381213188171,-0.1899966597557068,-0.006124413253729699,-0.13113996386528015,-0.1632041335105896,-0.005139774790023921,-0.12476333975791931,-0.1406189203262329,-0.0044113832134655695,-0.08331966400146484,-0.11564052104949951,-0.009051534494375346,-0.13103267550468445,-0.14759540557861328,-0.014257596952830909,-0.1330851912498474,-0.12317401170730591,-0.01020350508204615,-0.12202537059783936,-0.1020556092262268,-0.006250787207846997,-0.0906217098236084,-0.06911301612854004,-0.012875558024262546,-0.12660828232765198,-0.09537005424499512,-0.017300463428711055,-0.1284886598587036,-0.08202648162841797,-0.01157983314058697,-0.12007603049278259,-0.06865799427032471,-0.005416490284716247,please
0.0,0.0,0.0,0.006902098655700684,-0.08454877138137817,0.0074795371125304655,0.0017831623554229736,-0.15681177377700806,0.010214736984934802,-0.010750561952590942,-0.2093874216079712,0.010921693706777091,-0.023266226053237915,-0.24339741468429565,0.01004669007089376,-0.05422976613044739,-0.19390863180160522,0.005258087834235425,-0.10409361124038696,-0.21024775505065918,0.0026151221915000633,-0.11581045389175415,-0.19042539596557617,-7.904394296076589e-05,-0.11419105529785156,-0.17522186040878296,-0.0016618201538136645,-0.07192862033843994,-0.1617283821105957,-0.0017659761273449703,-0.12261706590652466,-0.18540078401565552,-0.003701872358206515,-0.12754589319229126,-0.15786278247833252,-0.004199839362982516,-0.11866703629493713,-0.1355915069580078,-0.004699216390136485,-0.08408913016319275,-0.12100136280059814,-0.007755025455836062,-0.13278019428253174,-0.14631938934326172,-0.013122835828099255,-0.13296473026275635,-0.11999225616455078,-0.00949814606282473,-0.11942094564437866,-0.09933298826217651,-0.00606807524162889,-0.09200534224510193,-0.07382839918136597,-0.01279329385432959,-0.12880533933639526,-0.09181731939315796,-0.017469924574825768,-0.12781313061714172,-0.07382357120513916,-0.011362294366691117,-0.11633756756782532,-0.05869191884994507,-0.00493277765635014,please
0.0,0.0,0.0,0.003144890069961548,-0.07881909608840942,0.006579717448403244,-0.002876758575439453,-0.15185070037841797,0.009031841358591919,-0.01526939868927002,-0.20604276657104492,0.01004222297524393,-0.026313364505767822,-0.24202978610992432,0.009641231796194916,-0.05498456954956055,-0.18114054203033447,-0.0018351418530073715,-0.1055917739868164,-0.2081773281097412,-0.004263789100150461,-0.12025666236877441,-0.191486656665802,-0.003992836163888569,-0.12040126323699951,-0.17716073989868164,-0.003333799713800545,-0.07171440124511719,-0.14902883768081665,-0.008148038932631607,-0.12474340200424194,-0.18556368350982666,-0.0112277280404669,-0.13373523950576782,-0.16004711389541626,-0.009222802878866787,-0.12677502632141113,-0.1384204626083374,-0.007418213584969635,-0.08345410227775574,-0.10890054702758789,-0.013115670704792137,-0.13418513536453247,-0.14221757650375366,-0.018758657561193104,-0.1376422643661499,-0.11801552772521973,-0.013825205327520962,-0.12601131200790405,-0.09851276874542236,-0.009367316202769871,-0.09146729111671448,-0.06206279993057251,-0.017059187577615376,-0.12971147894859314,-0.08637958765029907,-0.02181699237371504,-0.13260585069656372,-0.07344698905944824,-0.016215718524108524,-0.12410217523574829,-0.061665356159210205,-0.010265585207889671,please
0.0,0.0,0.0,0.003144890069961548,-0.07881909608840942,0.006579717448403244,-0.002876758575439453,-0.15185070037841797,0.009031841358591919,-0.01526939868927002,-0.20604276657104492,0.01004222297524393,-0.026313364505767822,-0.24202978610992432,0.009641231796194916,-0.05498456954956055,-0.18114054203033447,-0.0018351418530073715,-0.1055917739868164,-0.2081773281097412,-0.004263789100150461,-0.12025666236877441,-0.191486656665802,-0.003992836163888569,-0.12040126323699951,-0.17716073989868164,-0.003333799713800545,-0.07171440124511719,-0.14902883768081665,-0.008148038932631607,-0.12474340200424194,-0.18556368350982666,-0.0112277280404669,-0.13373523950576782,-0.16004711389541626,-0.009222802878866787,-0.12677502632141113,-0.1384204626083374,-0.007418213584969635,-0.08345410227775574,-0.10890054702758789,-0.013115670704792137,-0.13418513536453247,-0.14221757650375366,-0.018758657561193104,-0.1376422643661499,-0.11801552772521973,-0.013825205327520962,-0.12601131200790405,-0.09851276874542236,-0.009367316202769871,-0.09146729111671448,-0.06206279993057251,-0.017059187577615376,-0.12971147894859314,-0.08637958765029907,-0.02181699237371504,-0.13260585069656372,-0.07344698905944824,-0.016215718524108524,-0.12410217523574829,-0.061665356159210205,-0.010265585207889671,please
0.0,0.0,0.0,0.004850655794143677,-0.07966065406799316,0.0064414290095129445,-0.0005275905132293701,-0.1513289213180542,0.008871683137343211,-0.013024002313613892,-0.2029860019683838,0.009646672041938587,-0.025344818830490112,-0.2366766333580017,0.009120991671309753,-0.05562162399291992,-0.18455392122268677,0.0015376206569754913,-0.10646426677703857,-0.2062031626701355,-0.0017249726375183627,-0.12007156014442444,-0.18641263246536255,-0.0032174915691456363,-0.11909273266792297,-0.16891759634017944,-0.003650376122593002,-0.07219460606575012,-0.15191006660461426,-0.004708595356120782,-0.12444213032722473,-0.18181151151657104,-0.008422667874171452,-0.12921449542045593,-0.15328359603881836,-0.007453212296738343,-0.11977449059486389,-0.13093096017837524,-0.006237583482786135,-0.083548903465271,-0.1113440990447998,-0.009916756084336953,-0.13378271460533142,-0.13990545272827148,-0.016634388609006123,-0.13349223136901855,-0.11341845989227295,-0.011547483286037163,-0.11944344639778137,-0.09314984083175659,-0.006504698904379325,-0.09129083156585693,-0.06469738483428955,-0.014150164803638177,-0.13010451197624207,-0.08941024541854858,-0.019506740166022496,-0.12950542569160461,-0.07283025979995728,-0.013015577351822571,-0.11781555414199829,-0.057765841484069824,-0.00607341832123609,please
0.0,0.0,0.0,0.005408108234405518,-0.08193850517272949,0.006527952429038919,-0.0008979141712188721,-0.15776675939559937,0.00953390593467418,-0.010459184646606445,-0.20738595724105835,0.010824736718220151,-0.022577494382858276,-0.23926621675491333,0.010690315205735601,-0.05252563953399658,-0.18723994493484497,0.0008271105337342988,-0.10298135876655579,-0.21380764245986938,-0.003064971139522754,-0.11445772647857666,-0.19867974519729614,-0.00521778683351215,-0.11293625831604004,-0.18398517370224,-0.005901249546425902,-0.06738641858100891,-0.15441298484802246,-0.005874629553275668,-0.1198221743106842,-0.18994158506393433,-0.009182341817634665,-0.12597110867500305,-0.16849851608276367,-0.009260691191869341,-0.11859676241874695,-0.14839911460876465,-0.008922839026766383,-0.07711285352706909,-0.1129334568977356,-0.011575813826041781,-0.1272003948688507,-0.1470767855644226,-0.017625163730102145,-0.12967857718467712,-0.12707072496414185,-0.014011622827368342,-0.11881408095359802,-0.10842794179916382,-0.010128592561798655,-0.0829629898071289,-0.06496936082839966,-0.01635738969953593,-0.12112170457839966,-0.09035730361938477,-0.021163865413384997,-0.1236126720905304,-0.08064812421798706,-0.015569785099344813,-0.11599653959274292,-0.06907159090042114,-0.009382942180948817,please
0.0,0.0,0.0,0.005408108234405518,-0.08193850517272949,0.006527952429038919,-0.0008979141712188721,-0.15776675939559937,0.00953390593467418,-0.010459184646606445,-0.20738595724105835,0.010824736718220151,-0.022577494382858276,-0.23926621675491333,0.010690315205735601,-0.05252563953399658,-0.18723994493484497,0.0008271105337342988,-0.10298135876655579,-0.21380764245986938,-0.003064971139522754,-0.11445772647857666,-0.19867974519729614,-0.00521778683351215,-0.11293625831604004,-0.18398517370224,-0.005901249546425902,-0.06738641858100891,-0.15441298484802246,-0.005874629553275668,-0.1198221743106842,-0.18994158506393433,-0.009182341817634665,-0.12597110867500305,-0.16849851608276367,-0.009260691191869341,-0.11859676241874695,-0.14839911460876465,-0.008922839026766383,-0.07711285352706909,-0.1129334568977356,-0.011575813826041781,-0.1272003948688507,-0.1470767855644226,-0.017625163730102145,-0.12967857718467712,-0.12707072496414185,-0.014011622827368342,-0.11881408095359802,-0.10842794179916382,-0.010128592561798655,-0.0829629898071289,-0.06496936082839966,-0.01635738969953593,-0.12112170457839966,-0.09035730361938477,-0.021163865413384997,-0.1236126720905304,-0.08064812421798706,-0.015569785099344813,-0.11599653959274292,-0.06907159090042114,-0.009382942180948817,please
0.0,0.0,0.0,0.002474159002304077,-0.07864260673522949,0.007167490284729183,-0.004938393831253052,-0.1495932936668396,0.009131489407110394,-0.013655394315719604,-0.1977146863937378,0.0087536993360402,-0.02279070019721985,-0.22994464635849,0.006915109783250273,-0.05264881253242493,-0.17736226320266724,0.0013311359489591723,-0.09820577502250671,-0.21306556463241577,-0.005408925850105106,-0.11608070135116577,-0.20758354663848877,-0.010646384123873531,-0.12052372097969055,-0.1989504098892212,-0.013129837725472271,-0.06786954402923584,-0.1448879837989807,-0.006512068592172682,-0.11687418818473816,-0.19120633602142334,-0.013302051376712143,-0.12901481986045837,-0.18030673265457153,-0.015257214110505402,-0.1263544261455536,-0.16545778512954712,-0.01539137485266906,-0.07913914322853088,-0.10359060764312744,-0.013681203041386425,-0.1260296106338501,-0.14770418405532837,-0.02069630837829095,-0.13521581888198853,-0.1398937702178955,-0.017360176805567562,-0.12961849570274353,-0.12836211919784546,-0.01326193651945573,-0.08715754747390747,-0.05591535568237305,-0.020039837721895992,-0.12468180060386658,-0.09446251392364502,-0.023749284360718548,-0.13358032703399658,-0.09500253200531006,-0.01788443132133466,-0.13108715415000916,-0.08849197626113892,-0.011864878151726543,please
0.0,0.0,0.0,0.007557094097137451,-0.0737413763999939,0.0006423571690241658,0.002059251070022583,-0.14624261856079102,0.00011661529472561938,-0.009663969278335571,-0.193950355052948,-0.0017979667677288091,-0.021052896976470947,-0.2294597029685974,-0.005018245653875653,-0.042924314737319946,-0.1741734743118286,-0.0014811227951874173,-0.08358100056648254,-0.21116822957992554,-0.00883368192396361,-0.10531038045883179,-0.21912860870361328,-0.016214233582534376,-0.11774235963821411,-0.22366541624069214,-0.02082041533819634,-0.06052917242050171,-0.14245909452438354,-0.007177958490022007,-0.10144627094268799,-0.18677359819412231,-0.012901593690433089,-0.11916860938072205,-0.19068121910095215,-0.01781746441654164,-0.12652063369750977,-0.18605220317840576,-0.02130646700195271,-0.0741264820098877,-0.10293972492218018,-0.013044724000312868,-0.11215493083000183,-0.14440292119979858,-0.018745227476276938,-0.12784609198570251,-0.15115773677825928,-0.019462394287504736,-0.13373109698295593,-0.1498432755470276,-0.019678084870495383,-0.08511459827423096,-0.056166648864746094,-0.01888812029890019,-0.115995854139328,-0.08826720714569092,-0.022742862572588507,-0.12869635224342346,-0.09549355506896973,-0.020232259055294577,-0.13418149948120117,-0.09565526247024536,-0.017549424191631857,please
0.0,0.0,0.0,0.007557094097137451,-0.0737413763999939,0.0006423571690241658,0.002059251070022583,-0.14624261856079102,0.00011661529472561938,-0.009663969278335571,-0.193950355052948,-0.0017979667677288091,-0.021052896976470947,-0.2294597029685974,-0.005018245653875653,-0.042924314737319946,-0.1741734743118286,-0.0014811227951874173,-0.08358100056648254,-0.21116822957992554,-0.00883368192396361,-0.10531038045883179,-0.21912860870361328,-0.016214233582534376,-0.11774235963821411,-0.22366541624069214,-0.02082041533819634,-0.06052917242050171,-0.14245909452438354,-0.007177958490022007,-0.10144627094268799,-0.18677359819412231,-0.012901593690433089,-0.11916860938072205,-0.19068121910095215,-0.01781746441654164,-0.12652063369750977,-0.18605220317840576,-0.02130646700195271,-0.0741264820098877,-0.10293972492218018,-0.013044724000312868,-0.11215493083000183,-0.14440292119979858,-0.018745227476276938,-0.12784609198570251,-0.15115773677825928,-0.019462394287504736,-0.13373109698295593,-0.1498432755470276,-0.019678084870495383,-0.08511459827423096,-0.056166648864746094,-0.01888812029890019,-0.115995854139328,-0.08826720714569092,-0.022742862572588507,-0.12869635224342346,-0.09549355506896973,-0.020232259055294577,-0.13418149948120117,-0.09565526247024536,-0.017549424191631857,please
0.0,0.0,0.0,0.008272558450698853,-0.07510524988174438,0.002093598600588109,0.005474388599395752,-0.14703333377838135,0.0027661015094437857,-0.0045545101165771484,-0.19802623987197876,0.002253105519450571,-0.014540284872055054,-0.23342221975326538,0.0008283463005156477,-0.04384046792984009,-0.18091320991516113,-0.0013272864696389775,-0.08466902375221252,-0.22442835569381714,-0.006241298857965205,-0.10036510229110718,-0.22265738248825073,-0.009962136037536595,-0.10376006364822388,-0.21681100130081177,-0.011844308227189515,-0.0634375512599945,-0.14904606342315674,-0.006284830737747882,-0.10962718725204468,-0.19956207275390625,-0.011895914673694108,-0.11713889241218567,-0.18596607446670532,-0.013437572047003243,-0.11029812693595886,-0.16758984327316284,-0.013459914475568269,-0.07684126496315002,-0.10849064588546753,-0.010733381025382016,-0.12198972702026367,-0.15165740251541138,-0.01775462657202098,-0.12453293800354004,-0.13870400190353394,-0.015040692984946702,-0.11349207162857056,-0.12188071012496948,-0.011496939808019135,-0.08703538775444031,-0.0628398060798645,-0.014723371826001141,-0.12250304222106934,-0.09749996662139893,-0.019716336503513787,-0.12478071451187134,-0.09294342994689941,-0.015000791400559876,-0.11581844091415405,-0.08170652389526367,-0.009548775963374112,please
0.0,0.0,0.0,-0.001464933156967163,-0.0866355299949646,0.006940842547550119,-0.011685103178024292,-0.15924233198165894,0.009787744318231262,-0.0262601375579834,-0.2116188406944275,0.010590406541808761,-0.04094693064689636,-0.24277186393737793,0.01007059443472258,-0.0630231499671936,-0.17982745170593262,0.006301211134626783,-0.1114216148853302,-0.2135438323020935,0.0018779481175386081,-0.12956658005714417,-0.20455056428909302,-0.002907949791193687,-0.1338827759027481,-0.19283759593963623,-0.005414926505551421,-0.07680514454841614,-0.1445605754852295,-0.00045947486106001634,-0.12953808903694153,-0.18053770065307617,-0.0038795024742341866,-0.1447320282459259,-0.17242348194122314,-0.006712597853407942,-0.14559495449066162,-0.16086649894714355,-0.008711048926130616,-0.08662715554237366,-0.10246455669403076,-0.006753008405581795,-0.13635310530662537,-0.1349039077758789,-0.01090002205492624,-0.1494159996509552,-0.1317393183708191,-0.00872915383698114,-0.14801347255706787,-0.12491631507873535,-0.0065669241015768876,-0.09260109066963196,-0.055099546909332275,-0.012371267716304146,-0.13333506882190704,-0.08419764041900635,-0.013686268183306538,-0.14429044723510742,-0.08458417654037476,-0.007704668271259152,-0.1443866789340973,-0.08139348030090332,-0.002269171935409986,please
0.0,0.0,0.0,0.0029874444007873535,-0.09162849187850952,0.004716146505742813,-0.009322762489318848,-0.16426420211791992,0.0052049125091429005,-0.024578094482421875,-0.21336430311203003,0.004186182051270748,-0.040781885385513306,-0.24157780408859253,0.00213251076762333,-0.04744938015937805,-0.1794072389602661,0.0021188559488649616,-0.08379024267196655,-0.21508705615997314,-0.006366275948167299,-0.10381662845611572,-0.22023266553878784,-0.014841966096938108,-0.1166275143623352,-0.21984702348709106,-0.019661267053962206,-0.061147540807724,-0.14193367958068848,-0.0037866290646348943,-0.10327798128128052,-0.17813289165496826,-0.010603104483962511,-0.12361109256744385,-0.18734407424926758,-0.015469128963232492,-0.1346963793039322,-0.1874157190322876,-0.01887150923597858,-0.07201686501502991,-0.0979192852973938,-0.009649738435328459,-0.10916838049888611,-0.1280840039253235,-0.014336348277211641,-0.12995395064353943,-0.1429731845855713,-0.0120965547381644,-0.14188545942306519,-0.15062803030014038,-0.010137039002657389,-0.07845163345336914,-0.04845309257507324,-0.015154299092174028,-0.10944223403930664,-0.07067340612411499,-0.016638387691855883,-0.1260240375995636,-0.0801628828048706,-0.011262112063050722,-0.1379505693912506,-0.08733570575714111,-0.006317736346900915,please
0.0,0.0,0.0,0.0029874444007873535,-0.09162849187850952,0.004716146505742813,-0.009322762489318848,-0.16426420211791992,0.0052049125091429005,-0.024578094482421875,-0.21336430311203003,0.004186182051270748,-0.040781885385513306,-0.24157780408859253,0.00213251076762333,-0.04744938015937805,-0.1794072389602661,0.0021188559488649616,-0.08379024267196655,-0.21508705615997314,-0.006366275948167299,-0.10381662845611572,-0.22023266553878784,-0.014841966096938108,-0.1166275143623352,-0.21984702348709106,-0.019661267053962206,-0.061147540807724,-0.14193367958068848,-0.0037866290646348943,-0.10327798128128052,-0.17813289165496826,-0.010603104483962511,-0.12361109256744385,-0.18734407424926758,-0.015469128963232492,-0.1346963793039322,-0.1874157190322876,-0.01887150923597858,-0.07201686501502991,-0.0979192852973938,-0.009649738435328459,-0.10916838049888611,-0.1280840039253235,-0.014336348277211641,-0.12995395064353943,-0.1429731845855713,-0.0120965547381644,-0.14188545942306519,-0.15062803030014038,-0.010137039002657389,-0.07845163345336914,-0.04845309257507324,-0.015154299092174028,-0.10944223403930664,-0.07067340612411499,-0.016638387691855883,-0.1260240375995636,-0.0801628828048706,-0.011262112063050722,-0.1379505693912506,-0.08733570575714111,-0.006317736346900915,please
0.0,0.0,0.0,0.0029874444007873535,-0.09162849187850952,0.004716146505742813,-0.009322762489318848,-0.16426420211791992,0.0052049125091429005,-0.024578094482421875,-0.21336430311203003,0.004186182051270748,-0.040781885385513306,-0.24157780408859253,0.00213251076762333,-0.04744938015937805,-0.1794072389602661,0.0021188559488649616,-0.08379024267196655,-0.21508705615997314,-0.006366275948167299,-0.10381662845611572,-0.22023266553878784,-0.014841966096938108,-0.1166275143623352,-0.21984702348709106,-0.019661267053962206,-0.061147540807724,-0.14193367958068848,-0.0037866290646348943,-0.10327798128128052,-0.17813289165496826,-0.010603104483962511,-0.12361109256744385,-0.18734407424926758,-0.015469128963232492,-0.1346963793039322,-0.1874157190322876,-0.01887150923597858,-0.07201686501502991,-0.0979192852973938,-0.009649738435328459,-0.10916838049888611,-0.1280840039253235,-0.014336348277211641,-0.12995395064353943,-0.1429731845855713,-0.0120965547381644,-0.14188545942306519,-0.15062803030014038,-0.010137039002657389,-0.07845163345336914,-0.04845309257507324,-0.015154299092174028,-0.10944223403930664,-0.07067340612411499,-0.016638387691855883,-0.1260240375995636,-0.0801628828048706,-0.011262112063050722,-0.1379505693912506,-0.08733570575714111,-0.006317736346900915,please
0.0,0.0,0.0,0.005142003297805786,-0.09038704633712769,0.005949744133801005,-0.0009076297283172607,-0.16852343082427979,0.007429530488849423,-0.011448204517364502,-0.2233889102935791,0.0062242626385398125,-0.023316293954849243,-0.26031601428985596,0.0035433255774535155,-0.053648024797439575,-0.203241765499115,0.005276178585887692,-0.10120159387588501,-0.23937326669692993,-0.0006318260626301253,-0.1126261055469513,-0.2334064245223999,-0.006011955795287349,-0.1122332513332367,-0.22669899463653564,-0.009012214729040124,-0.06988215446472168,-0.17069631814956665,-0.0027163961263738656,-0.12009584903717041,-0.21396607160568237,-0.008977357187717416,-0.12299561500549316,-0.19800370931625366,-0.012086734065263727,-0.11305883526802063,-0.18031847476959229,-0.013393602223544576,-0.08195939660072327,-0.1287689208984375,-0.010306495131402471,-0.13148823380470276,-0.16863077878952026,-0.01789383206650541,-0.1301267445087433,-0.15364116430282593,-0.015140335896461465,-0.11606612801551819,-0.1380895972251892,-0.011703738832324007,-0.09106549620628357,-0.08090156316757202,-0.017262859159558275,-0.1317661702632904,-0.11432427167892456,-0.02203892346605585,-0.13062569499015808,-0.10595983266830444,-0.01592883829161451,-0.1183026134967804,-0.09386223554611206,-0.009514369891434171,please
0.0,0.0,0.0,0.009127765893936157,-0.08590608835220337,0.003919835347645062,0.005570411682128906,-0.16430288553237915,0.005097442451827305,-0.003922015428543091,-0.214250385761261,0.0032475040349737583,-0.014963656663894653,-0.25033360719680786,0.0008049768800475476,-0.04534947872161865,-0.20494955778121948,0.010455176845155734,-0.08441764116287231,-0.23459213972091675,0.0018872199868411599,-0.08400031924247742,-0.2108757495880127,-0.006824267417229635,-0.07220250368118286,-0.18769878149032593,-0.01107413167510174,-0.06544315814971924,-0.1755584478378296,0.003152281423993486,-0.10571250319480896,-0.21405702829360962,-0.0034553362932427945,-0.10385316610336304,-0.191303551197052,-0.009146236203648073,-0.08985310792922974,-0.16696155071258545,-0.01175375314805649,-0.08060064911842346,-0.13586485385894775,-0.004779923096336347,-0.11991015076637268,-0.174518883228302,-0.012777491793073636,-0.11668911576271057,-0.1545206904411316,-0.011900931917168123,-0.10175511240959167,-0.13332617282867432,-0.009238332830406648,-0.09202715754508972,-0.08854258060455322,-0.012397065147794706,-0.12538403272628784,-0.11932229995727539,-0.017295031197406274,-0.1233270913362503,-0.10830056667327881,-0.01196719272438429,-0.11153760552406311,-0.09422659873962402,-0.005662604089863521,please
0.0,0.0,0.0,0.009127765893936157,-0.08590608835220337,0.003919835347645062,0.005570411682128906,-0.16430288553237915,0.005097442451827305,-0.003922015428543091,-0.214250385761261,0.0032475040349737583,-0.014963656663894653,-0.25033360719680786,0.0008049768800475476,-0.04534947872161865,-0.20494955778121948,0.010455176845155734,-0.08441764116287231,-0.23459213972091675,0.0018872199868411599,-0.08400031924247742,-0.2108757495880127,-0.006824267417229635,-0.07220250368118286,-0.18769878149032593,-0.01107413167510174,-0.06544315814971924,-0.1755584478378296,0.003152281423993486,-0.10571250319480896,-0.21405702829360962,-0.0034553362932427945,-0.10385316610336304,-0.191303551197052,-0.009146236203648073,-0.08985310792922974,-0.16696155071258545,-0.01175375314805649,-0.08060064911842346,-0.13586485385894775,-0.004779923096336347,-0.11991015076637268,-0.174518883228302,-0.012777491793073636,-0.11668911576271057,-0.1545206904411316,-0.011900931917168123,-0.10175511240959167,-0.13332617282867432,-0.009238332830406648,-0.09202715754508972,-0.08854258060455322,-0.012397065147794706,-0.12538403272628784,-0.11932229995727539,-0.017295031197406274,-0.1233270913362503,-0.10830056667327881,-0.01196719272438429,-0.11153760552406311,-0.09422659873962402,-0.005662604089863521,please
0.0,0.0,0.0,0.009127765893936157,-0.08590608835220337,0.003919835347645062,0.005570411682128906,-0.16430288553237915,0.005097442451827305,-0.003922015428543091,-0.214250385761261,0.0032475040349737583,-0.014963656663894653,-0.25033360719680786,0.0008049768800475476,-0.04534947872161865,-0.20494955778121948,0.010455176845155734,-0.08441764116287231,-0.23459213972091675,0.0018872199868411599,-0.08400031924247742,-0.2108757495880127,-0.006824267417229635,-0.07220250368118286,-0.18769878149032593,-0.01107413167510174,-0.06544315814971924,-0.1755584478378296,0.003152281423993486,-0.10571250319480896,-0.21405702829360962,-0.0034553362932427945,-0.10385316610336304,-0.191303551197052,-0.009146236203648073,-0.08985310792922974,-0.16696155071258545,-0.01175375314805649,-0.08060064911842346,-0.13586485385894775,-0.004779923096336347,-0.11991015076637268,-0.174518883228302,-0.012777491793073636,-0.11668911576271057,-0.1545206904411316,-0.011900931917168123,-0.10175511240959167,-0.13332617282867432,-0.009238332830406648,-0.09202715754508972,-0.08854258060455322,-0.012397065147794706,-0.12538403272628784,-0.11932229995727539,-0.017295031197406274,-0.1233270913362503,-0.10830056667327881,-0.01196719272438429,-0.11153760552406311,-0.09422659873962402,-0.005662604089863521,please
0.0,0.0,0.0,0.0018018782138824463,-0.09036719799041748,0.005609952960028863,-0.006777971982955933,-0.1688230037689209,0.008571654207869983,-0.02210402488708496,-0.22533082962036133,0.009477147482201076,-0.036734968423843384,-0.2576417922973633,0.009051191270216918,-0.055932044982910156,-0.1926148533821106,0.0064574681444611315,-0.10398906469345093,-0.23428040742874146,0.002523413043334699,-0.11747965216636658,-0.22298043966293335,-0.002194881091028833,-0.11806382238864899,-0.21143704652786255,-0.004960911698773884,-0.0715721845626831,-0.1578601598739624,0.00026512108054532746,-0.12255072593688965,-0.20108234882354736,-0.002468596097216391,-0.13482588529586792,-0.19068455696105957,-0.006113194279507184,-0.13304224610328674,-0.17701506614685059,-0.00900854764147141,-0.08239158987998962,-0.11693036556243896,-0.005617683638021731,-0.13059647381305695,-0.15554380416870117,-0.009592369549110913,-0.14118202030658722,-0.14983254671096802,-0.009383293219045186,-0.13747771084308624,-0.1399989128112793,-0.009027672350541138,-0.08962202072143555,-0.07165640592575073,-0.010908399127558255,-0.12888182699680328,-0.10184711217880249,-0.013323082007602238,-0.13825826346874237,-0.0993044376373291,-0.009342528298631692,-0.13682100176811218,-0.09363746643066406,-0.0055408048221323725,please
0.0,0.0,0.0,0.003123044967651367,-0.08976888656616211,0.0038900811460536033,-0.005652815103530884,-0.16491436958312988,0.005511416890911391,-0.021533340215682983,-0.21398204565048218,0.004963937052778533,-0.03519332408905029,-0.246707022190094,0.003573064762420586,-0.05806005001068115,-0.19287508726119995,0.006127863028339675,-0.10482701659202576,-0.21447575092315674,0.0005441368094381005,-0.1083783209323883,-0.1917470097541809,-0.004814830305733153,-0.09927257895469666,-0.17436742782592773,-0.007957469834693143,-0.07299453020095825,-0.15619266033172607,-0.00035968715648948546,-0.12336266040802002,-0.18314862251281738,-0.00479449394599385,-0.12450626492500305,-0.1588084101676941,-0.007766694924541184,-0.11205664277076721,-0.13922494649887085,-0.009795924811371037,-0.08293861150741577,-0.11280381679534912,-0.006861659395255515,-0.1312757134437561,-0.13700276613235474,-0.013561080372639367,-0.12863688170909882,-0.11478227376937866,-0.01129415181905813,-0.11328449845314026,-0.09817194938659668,-0.008908347389407822,-0.08895638585090637,-0.06523120403289795,-0.012983477837153146,-0.1276673674583435,-0.08188873529434204,-0.018285436718471715,-0.12546685338020325,-0.06643253564834595,-0.01311327719569988,-0.11316221952438354,-0.054728150367736816,-0.0076723235423941105,please
0.0,0.0,0.0,0.003123044967651367,-0.08976888656616211,0.0038900811460536033,-0.005652815103530884,-0.16491436958312988,0.005511416890911391,-0.021533340215682983,-0.21398204565048218,0.004963937052778533,-0.03519332408905029,-0.246707022190094,0.003573064762420586,-0.05806005001068115,-0.19287508726119995,0.006127863028339675,-0.10482701659202576,-0.21447575092315674,0.0005441368094381005,-0.1083783209323883,-0.1917470097541809,-0.004814830305733153,-0.09927257895469666,-0.17436742782592773,-0.007957469834693143,-0.07299453020095825,-0.15619266033172607,-0.00035968715648948546,-0.12336266040802002,-0.18314862251281738,-0.00479449394599385,-0.12450626492500305,-0.1588084101676941,-0.007766694924541184,-0.11205664277076721,-0.13922494649887085,-0.009795924811371037,-0.08293861150741577,-0.11280381679534912,-0.006861659395255515,-0.1312757134437561,-0.13700276613235474,-0.013561080372639367,-0.12863688170909882,-0.11478227376937866,-0.01129415181905813,-0.11328449845314026,-0.09817194938659668,-0.008908347389407822,-0.08895638585090637,-0.06523120403289795,-0.012983477837153146,-0.1276673674583435,-0.08188873529434204,-0.018285436718471715,-0.12546685338020325,-0.06643253564834595,-0.01311327719569988,-0.11316221952438354,-0.054728150367736816,-0.0076723235423941105,please
0.0,0.0,0.0,0.005802184343338013,-0.08773434162139893,0.003575527774316356,-0.002079993486404419,-0.16784340143203735,0.0042309504599842285,-0.01984715461730957,-0.22202324867248535,0.003117518698942945,-0.03365296125411987,-0.2585667371749878,0.001259534353536651,-0.05610710382461548,-0.20289599895477295,0.0005761572640921031,-0.1087101399898529,-0.21924889087677002,-0.0055591045281317975,-0.10695409774780273,-0.18756073713302612,-0.00971687169358404,-0.09022325277328491,-0.16684377193450928,-0.01194203788027437,-0.07476240396499634,-0.16750019788742065,-0.005881321184190824,-0.12656420469284058,-0.19012492895126343,-0.010933571062835767,-0.12256890535354614,-0.15804040431976318,-0.011977350838336065,-0.10485789179801941,-0.13650399446487427,-0.012652210458966806,-0.086761474609375,-0.12237274646759033,-0.011866670600923612,-0.13625973463058472,-0.14448779821395874,-0.020115860305580213,-0.1302061676979065,-0.11585915088653564,-0.015854295842203214,-0.11117333173751831,-0.0981224775314331,-0.011809649444970205,-0.0942932665348053,-0.07068431377410889,-0.017235411830100134,-0.13238850235939026,-0.09081369638442993,-0.02371112679675491,-0.12682294845581055,-0.06888788938522339,-0.016898993901762083,-0.11125591397285461,-0.05242723226547241,-0.009796837843808248,please
0.0,0.0,0.0,0.0062243640422821045,-0.09297150373458862,0.005479553172861529,-0.0016777515411376953,-0.17962205410003662,0.005663704982524109,-0.016047656536102295,-0.2375466227531433,0.0038164119874437574,-0.024000555276870728,-0.2693338990211487,0.0013895994457726601,-0.04985785484313965,-0.21773147583007812,0.00028650629663218297,-0.0955386757850647,-0.2447974681854248,-0.006243683473641681,-0.09067043662071228,-0.22034132480621338,-0.010419485700751352,-0.07476049661636353,-0.19859373569488525,-0.012156394851828622,-0.06899827718734741,-0.18176990747451782,-0.007051002310092258,-0.11746612191200256,-0.2182481288909912,-0.011953595635915804,-0.11125704646110535,-0.1951163411140442,-0.013133588788534212,-0.09458571672439575,-0.1722680926322937,-0.013921947760010767,-0.08212414383888245,-0.13629239797592163,-0.013647886534656095,-0.1304505467414856,-0.173988938331604,-0.02048629855873685,-0.12214481830596924,-0.1541866660118103,-0.016701694188142824,-0.10336959362030029,-0.13469576835632324,-0.013409701717520761,-0.09033185243606567,-0.08457159996032715,-0.01945022268357377,-0.12871024012565613,-0.11641639471054077,-0.0249056551432858,-0.12208539247512817,-0.10193276405334473,-0.018719102797533083,-0.10662975907325745,-0.08483469486236572,-0.012324859929705667,please
0.0,0.0,0.0,0.0062243640422821045,-0.09297150373458862,0.005479553172861529,-0.0016777515411376953,-0.17962205410003662,0.005663704982524109,-0.016047656536102295,-0.2375466227531433,0.0038164119874437574,-0.024000555276870728,-0.2693338990211487,0.0013895994457726601,-0.04985785484313965,-0.21773147583007812,0.00028650629663218297,-0.0955386757850647,-0.2447974681854248,-0.006243683473641681,-0.09067043662071228,-0.22034132480621338,-0.010419485700751352,-0.07476049661636353,-0.19859373569488525,-0.012156394851828622,-0.06899827718734741,-0.18176990747451782,-0.007051002310092258,-0.11746612191200256,-0.2182481288909912,-0.011953595635915804,-0.11125704646110535,-0.1951163411140442,-0.013133588788534212,-0.09458571672439575,-0.1722680926322937,-0.013921947760010767,-0.08212414383888245,-0.13629239797592163,-0.013647886534656095,-0.1304505467414856,-0.173988938331604,-0.02048629855873685,-0.12214481830596924,-0.1541866660118103,-0.016701694188142824,-0.10336959362030029,-0.13469576835632324,-0.013409701717520761,-0.09033185243606567,-0.08457159996032715,-0.01945022268357377,-0.12871024012565613,-0.11641639471054077,-0.0249056551432858,-0.12208539247512817,-0.10193276405334473,-0.018719102797533083,-0.10662975907325745,-0.08483469486236572,-0.012324859929705667,please
0.0,0.0,0.0,0.00971156358718872,-0.0868074893951416,0.0074788423940646,0.005505681037902832,-0.16839933395385742,0.010717237250517542,-0.006286948919296265,-0.22202390432357788,0.011308207990239794,-0.018580704927444458,-0.25799262523651123,0.01052210933865183,-0.04775083065032959,-0.21310806274414062,0.008714942143868143,-0.09137773513793945,-0.24357622861862183,0.005743616608540947,-0.09875273704528809,-0.22637373208999634,0.001451934686500067,-0.09396174550056458,-0.20954090356826782,-0.001083538053919142,-0.06711801886558533,-0.18259364366531372,0.0015905343448849862,-0.11059892177581787,-0.21744495630264282,0.0004578688809289133,-0.11198914051055908,-0.19591856002807617,-0.0008611315292199606,-0.1009218692779541,-0.1748642921447754,-0.002000278212491935,-0.08169203996658325,-0.14054220914840698,-0.004996128963668411,-0.12335267663002014,-0.17597711086273193,-0.008352421341825789,-0.12064705789089203,-0.1568724513053894,-0.005358655589063233,-0.10660016536712646,-0.1387658715248108,-0.0030844531733436042,-0.09346556663513184,-0.0915672779083252,-0.010782585597027605,-0.1271841675043106,-0.12254899740219116,-0.01328465074895746,-0.12362080812454224,-0.10949420928955078,-0.007021504572023218,-0.11123573780059814,-0.09487831592559814,-0.0009902089381483847,please
0.0,0.0,0.0,0.013101786375045776,-0.07891923189163208,0.0011909705080910271,0.010132461786270142,-0.1573161482810974,0.0020860034000946825,-0.0014404356479644775,-0.20844358205795288,0.001520432388119275,-0.01250845193862915,-0.2453463077545166,-0.00031049302016583624,-0.0376909077167511,-0.19632840156555176,0.0014708806720449275,-0.07329550385475159,-0.23635071516036987,-0.003117357757233208,-0.08635655045509338,-0.24171912670135498,-0.008680864846624559,-0.09061554074287415,-0.24428904056549072,-0.012659676051058,-0.05494105815887451,-0.16127479076385498,-0.0039563417940513546,-0.09193897247314453,-0.20265936851501465,-0.006477211745746558,-0.09839087724685669,-0.2003958821296692,-0.010110506465949243,-0.09551569819450378,-0.19216662645339966,-0.013669560341455167,-0.06718894839286804,-0.11578482389450073,-0.009510461850382512,-0.1019597053527832,-0.1539345383644104,-0.014275070889212316,-0.10672794282436371,-0.15588831901550293,-0.014858139356888955,-0.10246717929840088,-0.15188223123550415,-0.015608576735772317,-0.07735612988471985,-0.06464165449142456,-0.014885886250354474,-0.10785192251205444,-0.09309673309326172,-0.01910107830009622,-0.11286681890487671,-0.10017931461334229,-0.01707378835818929,-0.11066168546676636,-0.10243415832519531,-0.01509632231137914,please
0.0,0.0,0.0,0.013101786375045776,-0.07891923189163208,0.0011909705080910271,0.010132461786270142,-0.1573161482810974,0.0020860034000946825,-0.0014404356479644775,-0.20844358205795288,0.001520432388119275,-0.01250845193862915,-0.2453463077545166,-0.00031049302016583624,-0.0376909077167511,-0.19632840156555176,0.0014708806720449275,-0.07329550385475159,-0.23635071516036987,-0.003117357757233208,-0.08635655045509338,-0.24171912670135498,-0.008680864846624559,-0.09061554074287415,-0.24428904056549072,-0.012659676051058,-0.05494105815887451,-0.16127479076385498,-0.0039563417940513546,-0.09193897247314453,-0.20265936851501465,-0.006477211745746558,-0.09839087724685669,-0.2003958821296692,-0.010110506465949243,-0.09551569819450378,-0.19216662645339966,-0.013669560341455167,-0.06718894839286804,-0.11578482389450073,-0.009510461850382512,-0.1019597053527832,-0.1539345383644104,-0.014275070889212316,-0.10672794282436371,-0.15588831901550293,-0.014858139356888955,-0.10246717929840088,-0.15188223123550415,-0.015608576735772317,-0.07735612988471985,-0.06464165449142456,-0.014885886250354474,-0.10785192251205444,-0.09309673309326172,-0.01910107830009622,-0.11286681890487671,-0.10017931461334229,-0.01707378835818929,-0.11066168546676636,-0.10243415832519531,-0.01509632231137914,please
0.0,0.0,0.0,0.024660199880599976,-0.07477974891662598,-0.0012614318992199003,0.028885751962661743,-0.14602774381637573,-0.0022972288432718813,0.020891904830932617,-0.19600814580917358,-0.00419378484442845,0.012772560119628906,-0.2327708601951599,-0.0053078636418284475,-0.02810877561569214,-0.2040618658065796,0.005511455993801206,-0.029513418674468994,-0.20786213874816895,-0.0006896434941516816,-0.020291298627853394,-0.1733587384223938,-0.008920512803197056,-0.014259427785873413,-0.1500225067138672,-0.01505434111535564,-0.05085873603820801,-0.17636209726333618,0.0012045405448226632,-0.04970061779022217,-0.17542511224746704,-0.0025133797324450313,-0.04125872254371643,-0.1454671025276184,-0.009695592046082169,-0.03600519895553589,-0.12919622659683228,-0.01636419788777843,-0.0669272243976593,-0.1331050992012024,-0.0036446167512984573,-0.06658560037612915,-0.1308576464653015,-0.009646431252658516,-0.05992931127548218,-0.11195290088653564,-0.009818364575803429,-0.055267930030822754,-0.10251396894454956,-0.010865628429055363,-0.07589602470397949,-0.08349597454071045,-0.008546692028939873,-0.07944187521934509,-0.07491326332092285,-0.012489540212154537,-0.07261767983436584,-0.06185668706893921,-0.008862740069925934,-0.06825864315032959,-0.05844753980636597,-0.005909489177465588,please
0.0,0.0,0.0,0.0008571743965148926,-0.08810442686080933,0.003971072077547433,-0.008344322443008423,-0.1643802523612976,0.006160277571325423,-0.026759028434753418,-0.21580415964126587,0.006267707492952468,-0.041057705879211426,-0.25073790550231934,0.005399740464781644,-0.06096535921096802,-0.18708938360214233,0.007784704841469647,-0.10821525752544403,-0.21965110301971436,0.0035407549476076383,-0.11999949812889099,-0.20233750343322754,-0.0010818344999279361,-0.11785478889942169,-0.1861560344696045,-0.0033977865932683926,-0.07661458849906921,-0.15262359380722046,0.00196712759861839,-0.12706971168518066,-0.1884009838104248,-0.0008111864553939085,-0.13537567853927612,-0.17077851295471191,-0.0038707291932951193,-0.12879079580307007,-0.15493953227996826,-0.005849048331583617,-0.0870119035243988,-0.11181193590164185,-0.003821578411589144,-0.13461440801620483,-0.1429266333580017,-0.008748858537728665,-0.13877838850021362,-0.1266506314277649,-0.006844667088444112,-0.12816506624221802,-0.11223453283309937,-0.0044853904510091525,-0.0941261351108551,-0.06493431329727173,-0.00920966390913236,-0.13402017951011658,-0.0888248085975647,-0.011742858518118737,-0.13697725534439087,-0.07817268371582031,-0.00557712076624739,-0.12806066870689392,-0.0678446888923645,0.00047446707685594447,please
0.0,0.0,0.0,0.0008571743965148926,-0.08810442686080933,0.003971072077547433,-0.008344322443008423,-0.1643802523612976,0.006160277571325423,-0.026759028434753418,-0.21580415964126587,0.006267707492952468,-0.041057705879211426,-0.25073790550231934,0.005399740464781644,-0.06096535921096802,-0.18708938360214233,0.007784704841469647,-0.10821525752544403,-0.21965110301971436,0.0035407549476076383,-0.11999949812889099,-0.20233750343322754,-0.0010818344999279361,-0.11785478889942169,-0.1861560344696045,-0.0033977865932683926,-0.07661458849906921,-0.15262359380722046,0.00196712759861839,-0.12706971168518066,-0.1884009838104248,-0.0008111864553939085,-0.13537567853927612,-0.17077851295471191,-0.0038707291932951193,-0.12879079580307007,-0.15493953227996826,-0.005849048331583617,-0.0870119035243988,-0.11181193590164185,-0.003821578411589144,-0.13461440801620483,-0.1429266333580017,-0.008748858537728665,-0.13877838850021362,-0.1266506314277649,-0.006844667088444112,-0.12816506624221802,-0.11223453283309937,-0.0044853904510091525,-0.0941261351108551,-0.06493431329727173,-0.00920966390913236,-0.13402017951011658,-0.0888248085975647,-0.011742858518118737,-0.13697725534439087,-0.07817268371582031,-0.00557712076624739,-0.12806066870689392,-0.0678446888923645,0.00047446707685594447,please
0.0,0.0,0.0,0.0018473565578460693,-0.08470183610916138,0.005063364794011704,-0.00840863585472107,-0.16279101371765137,0.007151630287523858,-0.026115477085113525,-0.2159978747367859,0.007291276519652001,-0.039963334798812866,-0.24999433755874634,0.006002465309109084,-0.060489773750305176,-0.19494813680648804,0.0036401201966214103,-0.10921478271484375,-0.215032160282135,-0.0005343917994764524,-0.12111809849739075,-0.1913488507270813,-0.004457403859589704,-0.1181931346654892,-0.17255669832229614,-0.006755925668869622,-0.07641875743865967,-0.15866607427597046,-0.00245697675319434,-0.12741854786872864,-0.1837216019630432,-0.005114442622755178,-0.135406956076622,-0.1583309769630432,-0.0062052886472088176,-0.12783768773078918,-0.13675981760025024,-0.007196862670127757,-0.08741018176078796,-0.11482810974121094,-0.00795680419588507,-0.1359395533800125,-0.13657057285308838,-0.01307815169030846,-0.13789038360118866,-0.11260581016540527,-0.010204866948072322,-0.12507900595664978,-0.09314465522766113,-0.007635533297900565,-0.09478744864463806,-0.06581228971481323,-0.012816829095129378,-0.13251429796218872,-0.08154511451721191,-0.016447399231140025,-0.13294893503189087,-0.0657995343208313,-0.010781733738724597,-0.12199507653713226,-0.052381932735443115,-0.005154117895756372,please
0.0,0.0,0.0,0.004484057426452637,-0.08758682012557983,0.0013704079736243102,-0.004575997591018677,-0.17040318250656128,0.0005578257676432941,-0.02236989140510559,-0.2236943244934082,-0.0020243525670622375,-0.04040101170539856,-0.25097179412841797,-0.005699583578646639,-0.046789705753326416,-0.20478618144989014,0.001372147684193692,-0.09342384338378906,-0.23125344514846802,-0.008317448448181608,-0.09966883063316345,-0.2073216438293457,-0.017064533445775965,-0.09150758385658264,-0.18536323308944702,-0.02193403548353956,-0.0635814368724823,-0.17154580354690552,-0.004664358000994184,-0.11098569631576538,-0.19993174076080322,-0.010372990991712072,-0.11556723713874817,-0.17727375030517578,-0.015122576866090753,-0.1067206859588623,-0.15791749954223633,-0.018589272413194635,-0.07551127672195435,-0.12832927703857422,-0.010903813194275358,-0.12015292048454285,-0.15414059162139893,-0.018247406247795084,-0.12299634516239166,-0.1348770260810852,-0.017329505894124964,-0.11251142621040344,-0.12061405181884766,-0.01605429245883272,-0.08356970548629761,-0.07978850603103638,-0.016899501222908953,-0.12182086706161499,-0.09768909215927124,-0.022080284792721727,-0.12469425797462463,-0.08459657430648804,-0.01707154444211767,-0.11727118492126465,-0.07393664121627808,-0.011911431576848486,please
0.0,0.0,0.0,0.004484057426452637,-0.08758682012557983,0.0013704079736243102,-0.004575997591018677,-0.17040318250656128,0.0005578257676432941,-0.02236989140510559,-0.2236943244934082,-0.0020243525670622375,-0.04040101170539856,-0.25097179412841797,-0.005699583578646639,-0.046789705753326416,-0.20478618144989014,0.001372147684193692,-0.09342384338378906,-0.23125344514846802,-0.008317448448181608,-0.09966883063316345,-0.2073216438293457,-0.017064533445775965,-0.09150758385658264,-0.18536323308944702,-0.02193403548353956,-0.0635814368724823,-0.17154580354690552,-0.004664358000994184,-0.11098569631576538,-0.19993174076080322,-0.010372990991712072,-0.11556723713874817,-0.17727375030517578,-0.015122576866090753,-0.1067206859588623,-0.15791749954223633,-0.018589272413194635,-0.07551127672195435,-0.12832927703857422,-0.010903813194275358,-0.12015292048454285,-0.15414059162139893,-0.018247406247795084,-0.12299634516239166,-0.1348770260810852,-0.017329505894124964,-0.11251142621040344,-0.12061405181884766,-0.01605429245883272,-0.08356970548629761,-0.07978850603103638,-0.016899501222908953,-0.12182086706161499,-0.09768909215927124,-0.022080284792721727,-0.12469425797462463,-0.08459657430648804,-0.01707154444211767,-0.11727118492126465,-0.07393664121627808,-0.011911431576848486,please
0.0,0.0,0.0,0.014111071825027466,-0.09078675508499146,0.00453575496958436,0.01107102632522583,-0.17310726642608643,0.0037156432534182215,-0.002748936414718628,-0.2214537262916565,0.00021528132656456478,-0.016265302896499634,-0.24305224418640137,-0.004946930972618446,-0.05651789903640747,-0.22753828763961792,0.0059504330291026974,-0.09376853704452515,-0.2552340626716614,0.0002588603545525814,-0.09932774305343628,-0.24763935804367065,-0.009054301945251808,-0.0974520742893219,-0.23859626054763794,-0.015989739155156002,-0.07818394899368286,-0.19539737701416016,-0.0013500316401398038,-0.10608899593353271,-0.2103213667869568,-0.004582636231315718,-0.09456750750541687,-0.1839084029197693,-0.0099624001288241,-0.07704341411590576,-0.15656620264053345,-0.014794772198182926,-0.09136894345283508,-0.14664286375045776,-0.008137591821832046,-0.1161937564611435,-0.16792577505111694,-0.014053205666822777,-0.1041368842124939,-0.14887714385986328,-0.013609317769986973,-0.08646371960639954,-0.1268426775932312,-0.013361276766044483,-0.09944891929626465,-0.09388411045074463,-0.014406067957860813,-0.12006348371505737,-0.11547499895095825,-0.02003976859687029,-0.10918247699737549,-0.10033607482910156,-0.015189317693693027,-0.09468483924865723,-0.08146822452545166,-0.010129937609416828,please
